view,group_kind,group_label,regime,seed,risk_condition,bucket,metric,n,mean,sd,ci95_lo,ci95_hi
matched_window_laps5_15_zeropit,fixed_policy,constant_risk_+0.00_zero_pit,n/a,n/a,0.0,laps5-15,lap_time_s,1868,96.45537301521202,1.2942679592657234,96.39801481235021,96.51138589125138
matched_window_laps5_15_zeropit,fixed_policy,constant_risk_+0.00_zero_pit,n/a,n/a,0.0,laps5-15,lap_time_fuel_adj_s,1868,94.3748879221466,1.3597308489161368,94.31503007186876,94.43574734402173
matched_window_laps5_15_zeropit,fixed_policy,constant_risk_+0.00_zero_pit,n/a,n/a,0.0,laps5-15,tyre_age_entry,1868,8.725910064239828,3.1420286188916244,8.589373661670235,8.87526766595289
matched_window_laps5_15_zeropit,fixed_policy,constant_risk_+0.00_zero_pit,n/a,n/a,0.0,laps5-15,mean_risk_in_lap,1868,0.0,0.0,0.0,0.0
matched_window_laps5_15_zeropit,fixed_policy,constant_risk_+0.00_zero_pit,n/a,n/a,0.0,laps5-15,is_medium_compound,1868,1.0,0.0,1.0,1.0
matched_window_laps5_15_nonpitlaps,fixed_policy,constant_risk_+0.00_zero_pit,n/a,n/a,0.0,laps5-15,lap_time_s,1868,96.45537301521202,1.2942679592657234,96.39596740250842,96.51392718943565
by_lap_number,fixed_policy,constant_risk_+0.00_zero_pit,n/a,n/a,0.0,1,lap_time_s,199,95.14218487169501,1.1028814511834872,94.988896128713,95.29475525583479
by_lap_number,fixed_policy,constant_risk_+0.00_zero_pit,n/a,n/a,0.0,2,lap_time_s,199,95.32835160148657,1.196644117733611,95.15924205336258,95.48709549537004
by_lap_number,fixed_policy,constant_risk_+0.00_zero_pit,n/a,n/a,0.0,3,lap_time_s,195,95.53747924014134,1.1716386898853126,95.37529721578147,95.70329840891245
by_lap_number,fixed_policy,constant_risk_+0.00_zero_pit,n/a,n/a,0.0,4,lap_time_s,192,95.61405614978112,1.1784043367622852,95.44336108193636,95.77642585086602
by_lap_number,fixed_policy,constant_risk_+0.00_zero_pit,n/a,n/a,0.0,5,lap_time_s,190,95.7140616759726,1.0688648883859109,95.56070821090796,95.86899572006797
by_lap_number,fixed_policy,constant_risk_+0.00_zero_pit,n/a,n/a,0.0,6,lap_time_s,188,95.82189173644034,1.243786807838638,95.6386831797613,95.9900148684929
by_lap_number,fixed_policy,constant_risk_+0.00_zero_pit,n/a,n/a,0.0,7,lap_time_s,185,96.07572639407994,1.2368579337138672,95.90300175959892,96.2575145909793
by_lap_number,fixed_policy,constant_risk_+0.00_zero_pit,n/a,n/a,0.0,8,lap_time_s,179,96.19612236845622,1.2384734585825083,96.0189858446035,96.37258175753254
by_lap_number,fixed_policy,constant_risk_+0.00_zero_pit,n/a,n/a,0.0,9,lap_time_s,178,96.19602901053287,1.217297111457167,96.01344500869986,96.37600736424284
by_lap_number,fixed_policy,constant_risk_+0.00_zero_pit,n/a,n/a,0.0,10,lap_time_s,172,96.67716442694905,1.180268794045843,96.5109306332633,96.85929044837214
by_lap_number,fixed_policy,constant_risk_+0.00_zero_pit,n/a,n/a,0.0,11,lap_time_s,165,96.58799571405794,1.184327062074765,96.41548137785801,96.76562580452203
by_lap_number,fixed_policy,constant_risk_+0.00_zero_pit,n/a,n/a,0.0,12,lap_time_s,159,96.6851799409459,1.1831267756544515,96.50544360892289,96.86758586234062
by_lap_number,fixed_policy,constant_risk_+0.00_zero_pit,n/a,n/a,0.0,13,lap_time_s,156,97.13640818780058,1.2081595157685048,96.94920419500133,97.31293007312358
by_lap_number,fixed_policy,constant_risk_+0.00_zero_pit,n/a,n/a,0.0,14,lap_time_s,150,97.2106488553169,1.1166728225138554,97.03244745445963,97.38152341967525
by_lap_number,fixed_policy,constant_risk_+0.00_zero_pit,n/a,n/a,0.0,15,lap_time_s,146,97.18581360505156,1.225902560056433,96.99429978511724,97.38872899727473
by_lap_number,fixed_policy,constant_risk_+0.00_zero_pit,n/a,n/a,0.0,16,lap_time_s,141,97.46238533312419,1.2413416027381001,97.2539764641793,97.67054190537336
by_lap_number,fixed_policy,constant_risk_+0.00_zero_pit,n/a,n/a,0.0,17,lap_time_s,136,97.69758468282659,1.1808455787482608,97.5115473766492,97.88452529175824
by_lap_number,fixed_policy,constant_risk_+0.00_zero_pit,n/a,n/a,0.0,18,lap_time_s,134,97.94668518106637,1.0783545012557072,97.75796744100833,98.12212681052563
by_lap_number,fixed_policy,constant_risk_+0.00_zero_pit,n/a,n/a,0.0,19,lap_time_s,130,97.99606760363112,1.2097544357144492,97.79105618913218,98.1972272097552
by_lap_number,fixed_policy,constant_risk_+0.00_zero_pit,n/a,n/a,0.0,20,lap_time_s,127,97.94082383007326,1.229572182200298,97.74223746607329,98.16026382875981
by_lap_number,fixed_policy,constant_risk_+0.00_zero_pit,n/a,n/a,0.0,21,lap_time_s,123,98.23379110661169,1.1598899859335359,98.02865599639856,98.4402172563126
by_lap_number,fixed_policy,constant_risk_+0.00_zero_pit,n/a,n/a,0.0,22,lap_time_s,118,98.35309467519983,1.3133386687443969,98.10989504019426,98.59434435198322
by_lap_number,fixed_policy,constant_risk_+0.00_zero_pit,n/a,n/a,0.0,23,lap_time_s,115,98.60072086420602,0.9900939584400482,98.42121432087676,98.77899017875417
by_lap_number,fixed_policy,constant_risk_+0.00_zero_pit,n/a,n/a,0.0,24,lap_time_s,113,98.32226379970903,1.0635466722646345,98.12001294752457,98.510578261674
by_lap_number,fixed_policy,constant_risk_+0.00_zero_pit,n/a,n/a,0.0,25,lap_time_s,110,98.76340270968163,1.1335104715552666,98.55152472021227,98.96853047833594
by_lap_number,fixed_policy,constant_risk_+0.00_zero_pit,n/a,n/a,0.0,26,lap_time_s,103,99.19172538218257,1.2223769258221742,98.95153412670165,99.43369434640283
by_lap_number,fixed_policy,constant_risk_+0.00_zero_pit,n/a,n/a,0.0,27,lap_time_s,99,99.18368632887119,1.2944071029848474,98.93540727131452,99.4389502478692
by_lap_number,fixed_policy,constant_risk_+0.00_zero_pit,n/a,n/a,0.0,28,lap_time_s,84,99.55779560379787,1.0530662694895947,99.32222465522408,99.7762184000149
by_lap_number,fixed_policy,constant_risk_+0.00_zero_pit,n/a,n/a,0.0,29,lap_time_s,79,99.5111576401298,1.0768225768747015,99.28142478701865,99.74090962606029
by_lap_number,fixed_policy,constant_risk_+0.00_zero_pit,n/a,n/a,0.0,30,lap_time_s,72,99.85255545859269,1.2205784011551863,99.58496797402216,100.12475637230406
by_lap_number,fixed_policy,constant_risk_+0.00_zero_pit,n/a,n/a,0.0,31,lap_time_s,67,100.01090755843425,1.112527613652479,99.74508356593249,100.27306773848998
by_lap_number,fixed_policy,constant_risk_+0.00_zero_pit,n/a,n/a,0.0,32,lap_time_s,65,99.91840366716511,1.199566653823205,99.63301919152293,100.21202878301568
by_lap_number,fixed_policy,constant_risk_+0.00_zero_pit,n/a,n/a,0.0,33,lap_time_s,59,100.17324304926656,1.0925690756015891,99.89912292160199,100.44487304971155
by_lap_number,fixed_policy,constant_risk_+0.00_zero_pit,n/a,n/a,0.0,34,lap_time_s,57,100.27361709819347,1.0226442346059401,100.01328154297643,100.54737173223714
by_lap_number,fixed_policy,constant_risk_+0.00_zero_pit,n/a,n/a,0.0,35,lap_time_s,54,100.30555982191751,1.2435000929810556,99.9821625550595,100.61930738275542
by_lap_number,fixed_policy,constant_risk_+0.00_zero_pit,n/a,n/a,0.0,36,lap_time_s,51,100.59962275107925,1.2748875467835932,100.27003523657186,100.93178297375064
by_lap_number,fixed_policy,constant_risk_+0.00_zero_pit,n/a,n/a,0.0,37,lap_time_s,47,100.54974015660824,1.263454983727273,100.1964686595202,100.90497087316979
by_lap_number,fixed_policy,constant_risk_+0.00_zero_pit,n/a,n/a,0.0,38,lap_time_s,42,101.08688022397348,1.0202869957911684,100.78916042582749,101.39640597646576
by_lap_number,fixed_policy,constant_risk_+0.00_zero_pit,n/a,n/a,0.0,39,lap_time_s,40,101.08932118174775,1.1362986037201863,100.72731800650602,101.4208424120218
by_lap_number,fixed_policy,constant_risk_+0.00_zero_pit,n/a,n/a,0.0,40,lap_time_s,36,101.32963426226597,1.0296654513139831,100.99860835701114,101.67405767680124
by_lap_number,fixed_policy,constant_risk_+0.00_zero_pit,n/a,n/a,0.0,41,lap_time_s,34,101.51207022689314,1.2046180226045724,101.12698265918021,101.90104419699448
by_lap_number,fixed_policy,constant_risk_+0.00_zero_pit,n/a,n/a,0.0,42,lap_time_s,34,101.46699795184983,1.0572577760429893,101.12584462706349,101.81875728226
by_lap_number,fixed_policy,constant_risk_+0.00_zero_pit,n/a,n/a,0.0,43,lap_time_s,31,101.83318684493891,1.309506147296748,101.41029725488116,102.28061842070277
by_lap_number,fixed_policy,constant_risk_+0.00_zero_pit,n/a,n/a,0.0,44,lap_time_s,29,101.91520422136942,1.1688282693770191,101.50922038003186,102.3445841758992
by_lap_number,fixed_policy,constant_risk_+0.00_zero_pit,n/a,n/a,0.0,45,lap_time_s,26,102.23725535782226,1.2776255063648188,101.7707653143347,102.715002128168
by_lap_number,fixed_policy,constant_risk_+0.00_zero_pit,n/a,n/a,0.0,46,lap_time_s,25,102.28694135582107,0.9377985136860715,101.91643162373111,102.64172012765899
by_lap_number,fixed_policy,constant_risk_+0.00_zero_pit,n/a,n/a,0.0,47,lap_time_s,24,102.35058521619767,1.0909188534187158,101.93201829107039,102.78502721951124
by_lap_number,fixed_policy,constant_risk_+0.00_zero_pit,n/a,n/a,0.0,48,lap_time_s,24,102.62415543695744,1.1875608611652886,102.16438988157489,103.10933454904135
by_lap_number,fixed_policy,constant_risk_+0.00_zero_pit,n/a,n/a,0.0,49,lap_time_s,21,102.41287604788931,1.129126977520335,101.91950602830815,102.8825088196289
by_lap_number,fixed_policy,constant_risk_+0.00_zero_pit,n/a,n/a,0.0,50,lap_time_s,19,103.09991400535152,1.506850321648101,102.44155419170184,103.81570880789829
by_lap_number,fixed_policy,constant_risk_+0.00_zero_pit,n/a,n/a,0.0,51,lap_time_s,16,103.09989582077534,1.472476864763772,102.37383429519211,103.7869667889623
by_lap_number,fixed_policy,constant_risk_+0.00_zero_pit,n/a,n/a,0.0,52,lap_time_s,13,102.97494349774423,0.9543618106260779,102.50447980295097,103.51188711673315
by_tyre_age,fixed_policy,constant_risk_+0.00_zero_pit,n/a,n/a,0.0,0,lap_time_fuel_adj_s,199,92.64218487169498,1.102881451183487,92.48378521914881,92.79766749721307
by_tyre_age,fixed_policy,constant_risk_+0.00_zero_pit,n/a,n/a,0.0,1,lap_time_fuel_adj_s,199,92.87642852456352,1.196644117733611,92.71342633987558,93.0395810613529
by_tyre_age,fixed_policy,constant_risk_+0.00_zero_pit,n/a,n/a,0.0,2,lap_time_fuel_adj_s,195,93.13363308629519,1.1716386898853126,92.973377840855,93.30467639033195
by_tyre_age,fixed_policy,constant_risk_+0.00_zero_pit,n/a,n/a,0.0,3,lap_time_fuel_adj_s,192,93.2582869190119,1.1784043367622852,93.09139783071662,93.43195815877392
by_tyre_age,fixed_policy,constant_risk_+0.00_zero_pit,n/a,n/a,0.0,4,lap_time_fuel_adj_s,190,93.4063693682803,1.0688648883859109,93.25965164380149,93.55777873426524
by_tyre_age,fixed_policy,constant_risk_+0.00_zero_pit,n/a,n/a,0.0,5,lap_time_fuel_adj_s,188,93.56227635182496,1.243786807838638,93.38364129228349,93.74179365446041
by_tyre_age,fixed_policy,constant_risk_+0.00_zero_pit,n/a,n/a,0.0,6,lap_time_fuel_adj_s,185,93.86418793254148,1.2368579337138672,93.68418782290647,94.03135053190037
by_tyre_age,fixed_policy,constant_risk_+0.00_zero_pit,n/a,n/a,0.0,7,lap_time_fuel_adj_s,179,94.0326608299947,1.2384734585825083,93.8504896096042,94.21214605343512
by_tyre_age,fixed_policy,constant_risk_+0.00_zero_pit,n/a,n/a,0.0,8,lap_time_fuel_adj_s,178,94.08064439514824,1.2172971114571667,93.89645834485302,94.25480985835443
by_tyre_age,fixed_policy,constant_risk_+0.00_zero_pit,n/a,n/a,0.0,9,lap_time_fuel_adj_s,172,94.60985673464133,1.180268794045843,94.4464404908636,94.77958373266414
by_tyre_age,fixed_policy,constant_risk_+0.00_zero_pit,n/a,n/a,0.0,10,lap_time_fuel_adj_s,165,94.56876494482717,1.184327062074765,94.38834130150833,94.7532039540316
by_tyre_age,fixed_policy,constant_risk_+0.00_zero_pit,n/a,n/a,0.0,11,lap_time_fuel_adj_s,159,94.71402609479206,1.1831267756544515,94.5361750091068,94.89033211040358
by_tyre_age,fixed_policy,constant_risk_+0.00_zero_pit,n/a,n/a,0.0,12,lap_time_fuel_adj_s,156,95.21333126472366,1.2081595157685048,95.021638283004,95.40109195091479
by_tyre_age,fixed_policy,constant_risk_+0.00_zero_pit,n/a,n/a,0.0,13,lap_time_fuel_adj_s,150,95.3356488553169,1.1166728225138554,95.15237598241768,95.51462174134355
by_tyre_age,fixed_policy,constant_risk_+0.00_zero_pit,n/a,n/a,0.0,14,lap_time_fuel_adj_s,146,95.35889052812848,1.225902560056433,95.17769925774704,95.56660404862862
by_tyre_age,fixed_policy,constant_risk_+0.00_zero_pit,n/a,n/a,0.0,15,lap_time_fuel_adj_s,141,95.68353917927803,1.2413416027381001,95.47749500961848,95.89143578222087
by_tyre_age,fixed_policy,constant_risk_+0.00_zero_pit,n/a,n/a,0.0,16,lap_time_fuel_adj_s,136,95.96681545205736,1.1808455787482608,95.77248155285764,96.16205193649662
by_tyre_age,fixed_policy,constant_risk_+0.00_zero_pit,n/a,n/a,0.0,17,lap_time_fuel_adj_s,134,96.26399287337406,1.0783545012557072,96.07634574685088,96.44496119245667
by_tyre_age,fixed_policy,constant_risk_+0.00_zero_pit,n/a,n/a,0.0,18,lap_time_fuel_adj_s,130,96.36145221901573,1.2097544357144492,96.14831895401645,96.57311226310843
by_tyre_age,fixed_policy,constant_risk_+0.00_zero_pit,n/a,n/a,0.0,19,lap_time_fuel_adj_s,127,96.35428536853479,1.2295721822002983,96.14890750731529,96.55828450315482
by_tyre_age,fixed_policy,constant_risk_+0.00_zero_pit,n/a,n/a,0.0,20,lap_time_fuel_adj_s,123,96.69532956815014,1.1598899859335356,96.49229510286509,96.90122938748335
by_tyre_age,fixed_policy,constant_risk_+0.00_zero_pit,n/a,n/a,0.0,21,lap_time_fuel_adj_s,118,96.86271005981523,1.3133386687443969,96.63285288326371,97.09154172844815
by_tyre_age,fixed_policy,constant_risk_+0.00_zero_pit,n/a,n/a,0.0,22,lap_time_fuel_adj_s,115,97.1584131718983,0.9900939584400482,96.98049056303428,97.3277224903922
by_tyre_age,fixed_policy,constant_risk_+0.00_zero_pit,n/a,n/a,0.0,23,lap_time_fuel_adj_s,113,96.92803303047826,1.0635466722646345,96.73911903508066,97.12949341985914
by_tyre_age,fixed_policy,constant_risk_+0.00_zero_pit,n/a,n/a,0.0,24,lap_time_fuel_adj_s,110,97.41724886352777,1.1335104715552666,97.21214944106825,97.62656985835878
by_tyre_age,fixed_policy,constant_risk_+0.00_zero_pit,n/a,n/a,0.0,25,lap_time_fuel_adj_s,103,97.89364845910566,1.222376925822174,97.66005023091748,98.12496865600654
by_tyre_age,fixed_policy,constant_risk_+0.00_zero_pit,n/a,n/a,0.0,26,lap_time_fuel_adj_s,99,97.93368632887119,1.2944071029848474,97.6874157788722,98.18953047200486
by_tyre_age,fixed_policy,constant_risk_+0.00_zero_pit,n/a,n/a,0.0,27,lap_time_fuel_adj_s,84,98.3558725268748,1.0530662694895947,98.1369887218944,98.58783475503931
by_tyre_age,fixed_policy,constant_risk_+0.00_zero_pit,n/a,n/a,0.0,28,lap_time_fuel_adj_s,79,98.35731148628362,1.0768225768747015,98.1250385188828,98.58448748741284
by_tyre_age,fixed_policy,constant_risk_+0.00_zero_pit,n/a,n/a,0.0,29,lap_time_fuel_adj_s,72,98.74678622782348,1.2205784011551863,98.47820698714841,99.0281188195242
by_tyre_age,fixed_policy,constant_risk_+0.00_zero_pit,n/a,n/a,0.0,30,lap_time_fuel_adj_s,67,98.95321525074193,1.112527613652479,98.70184393849881,99.21991772199281
by_tyre_age,fixed_policy,constant_risk_+0.00_zero_pit,n/a,n/a,0.0,31,lap_time_fuel_adj_s,65,98.90878828254974,1.199566653823205,98.62392781104654,99.19550279869587
by_tyre_age,fixed_policy,constant_risk_+0.00_zero_pit,n/a,n/a,0.0,32,lap_time_fuel_adj_s,59,99.21170458772812,1.0925690756015891,98.93548567392062,99.48463667925203
by_tyre_age,fixed_policy,constant_risk_+0.00_zero_pit,n/a,n/a,0.0,33,lap_time_fuel_adj_s,57,99.36015555973194,1.0226442346059401,99.09227430238842,99.61829619071122
by_tyre_age,fixed_policy,constant_risk_+0.00_zero_pit,n/a,n/a,0.0,34,lap_time_fuel_adj_s,54,99.44017520653288,1.2435000929810556,99.12484213568405,99.78376453729037
by_tyre_age,fixed_policy,constant_risk_+0.00_zero_pit,n/a,n/a,0.0,35,lap_time_fuel_adj_s,51,99.78231505877156,1.2748875467835932,99.4545668478382,100.13441257778332
by_tyre_age,fixed_policy,constant_risk_+0.00_zero_pit,n/a,n/a,0.0,36,lap_time_fuel_adj_s,47,99.78050938737749,1.263454983727273,99.42453477293536,100.13136605918687
by_tyre_age,fixed_policy,constant_risk_+0.00_zero_pit,n/a,n/a,0.0,37,lap_time_fuel_adj_s,42,100.36572637781967,1.0202869957911687,100.0631774786649,100.69292040273096
by_tyre_age,fixed_policy,constant_risk_+0.00_zero_pit,n/a,n/a,0.0,38,lap_time_fuel_adj_s,40,100.41624425867083,1.1362986037201863,100.05746707431307,100.75238862530826
by_tyre_age,fixed_policy,constant_risk_+0.00_zero_pit,n/a,n/a,0.0,39,lap_time_fuel_adj_s,36,100.70463426226597,1.0296654513139831,100.40167046411224,101.04156726050235
by_tyre_age,fixed_policy,constant_risk_+0.00_zero_pit,n/a,n/a,0.0,40,lap_time_fuel_adj_s,34,100.93514714997006,1.2046180226045724,100.53608651081663,101.3258674950321
by_tyre_age,fixed_policy,constant_risk_+0.00_zero_pit,n/a,n/a,0.0,41,lap_time_fuel_adj_s,34,100.9381517980037,1.0572577760429895,100.594491342136,101.27445262267258
by_tyre_age,fixed_policy,constant_risk_+0.00_zero_pit,n/a,n/a,0.0,42,lap_time_fuel_adj_s,31,101.35241761416967,1.309506147296748,100.89896729962409,101.80997485597406
by_tyre_age,fixed_policy,constant_risk_+0.00_zero_pit,n/a,n/a,0.0,43,lap_time_fuel_adj_s,29,101.48251191367713,1.1688282693770191,101.06034715933993,101.90894148052827
by_tyre_age,fixed_policy,constant_risk_+0.00_zero_pit,n/a,n/a,0.0,44,lap_time_fuel_adj_s,26,101.85263997320683,1.2776255063648188,101.35823422883001,102.37309531500327
by_tyre_age,fixed_policy,constant_risk_+0.00_zero_pit,n/a,n/a,0.0,45,lap_time_fuel_adj_s,25,101.95040289428262,0.9377985136860715,101.58678515686452,102.31699320663492
by_tyre_age,fixed_policy,constant_risk_+0.00_zero_pit,n/a,n/a,0.0,46,lap_time_fuel_adj_s,24,102.06212367773617,1.0909188534187158,101.62258044260403,102.46491760078122
by_tyre_age,fixed_policy,constant_risk_+0.00_zero_pit,n/a,n/a,0.0,47,lap_time_fuel_adj_s,24,102.38377082157281,1.1875608611652884,101.92989028647149,102.85009504446204
by_tyre_age,fixed_policy,constant_risk_+0.00_zero_pit,n/a,n/a,0.0,48,lap_time_fuel_adj_s,21,102.22056835558162,1.129126977520335,101.75259053148498,102.71171115055081
by_tyre_age,fixed_policy,constant_risk_+0.00_zero_pit,n/a,n/a,0.0,49,lap_time_fuel_adj_s,19,102.95568323612073,1.506850321648101,102.30490243348167,103.6030014906859
by_tyre_age,fixed_policy,constant_risk_+0.00_zero_pit,n/a,n/a,0.0,50,lap_time_fuel_adj_s,16,103.0037419746215,1.472476864763772,102.29951596537006,103.68296857873526
by_tyre_age,fixed_policy,constant_risk_+0.00_zero_pit,n/a,n/a,0.0,51,lap_time_fuel_adj_s,13,102.92686657466733,0.9543618106260778,102.4702364943976,103.42008920233626
by_tyre_age_medium_only,fixed_policy,constant_risk_+0.00_zero_pit,n/a,n/a,0.0,0,lap_time_fuel_adj_s,199,92.64218487169498,1.102881451183487,92.49134882694943,92.79446416966948
by_tyre_age_medium_only,fixed_policy,constant_risk_+0.00_zero_pit,n/a,n/a,0.0,1,lap_time_fuel_adj_s,199,92.87642852456352,1.196644117733611,92.71154040102502,93.03732156199263
by_tyre_age_medium_only,fixed_policy,constant_risk_+0.00_zero_pit,n/a,n/a,0.0,2,lap_time_fuel_adj_s,195,93.13363308629519,1.1716386898853126,92.9657116690339,93.30435927411698
by_tyre_age_medium_only,fixed_policy,constant_risk_+0.00_zero_pit,n/a,n/a,0.0,3,lap_time_fuel_adj_s,192,93.2582869190119,1.1784043367622852,93.10269548020479,93.42702348830271
by_tyre_age_medium_only,fixed_policy,constant_risk_+0.00_zero_pit,n/a,n/a,0.0,4,lap_time_fuel_adj_s,190,93.4063693682803,1.0688648883859109,93.2435557980148,93.55420177646998
by_tyre_age_medium_only,fixed_policy,constant_risk_+0.00_zero_pit,n/a,n/a,0.0,5,lap_time_fuel_adj_s,188,93.56227635182496,1.243786807838638,93.37945424657447,93.74138733108393
by_tyre_age_medium_only,fixed_policy,constant_risk_+0.00_zero_pit,n/a,n/a,0.0,6,lap_time_fuel_adj_s,185,93.86418793254148,1.2368579337138672,93.68357458412937,94.03671411948655
by_tyre_age_medium_only,fixed_policy,constant_risk_+0.00_zero_pit,n/a,n/a,0.0,7,lap_time_fuel_adj_s,179,94.0326608299947,1.2384734585825083,93.85094015119567,94.21686947100191
by_tyre_age_medium_only,fixed_policy,constant_risk_+0.00_zero_pit,n/a,n/a,0.0,8,lap_time_fuel_adj_s,178,94.08064439514824,1.2172971114571667,93.9065987891289,94.25181171019226
by_tyre_age_medium_only,fixed_policy,constant_risk_+0.00_zero_pit,n/a,n/a,0.0,9,lap_time_fuel_adj_s,172,94.60985673464133,1.180268794045843,94.43343497692226,94.78700060986746
by_tyre_age_medium_only,fixed_policy,constant_risk_+0.00_zero_pit,n/a,n/a,0.0,10,lap_time_fuel_adj_s,165,94.56876494482717,1.184327062074765,94.3885970018241,94.74984065894215
by_tyre_age_medium_only,fixed_policy,constant_risk_+0.00_zero_pit,n/a,n/a,0.0,11,lap_time_fuel_adj_s,159,94.71402609479206,1.1831267756544515,94.53119792708482,94.90624598092204
by_tyre_age_medium_only,fixed_policy,constant_risk_+0.00_zero_pit,n/a,n/a,0.0,12,lap_time_fuel_adj_s,156,95.21333126472366,1.2081595157685048,95.024728132012,95.40552310520377
by_tyre_age_medium_only,fixed_policy,constant_risk_+0.00_zero_pit,n/a,n/a,0.0,13,lap_time_fuel_adj_s,150,95.3356488553169,1.1166728225138554,95.15487803528767,95.51343088625659
by_tyre_age_medium_only,fixed_policy,constant_risk_+0.00_zero_pit,n/a,n/a,0.0,14,lap_time_fuel_adj_s,146,95.35889052812848,1.225902560056433,95.15510520026398,95.56766646548199
by_tyre_age_medium_only,fixed_policy,constant_risk_+0.00_zero_pit,n/a,n/a,0.0,15,lap_time_fuel_adj_s,141,95.68353917927803,1.2413416027381001,95.47738557162457,95.87815391747273
by_tyre_age_medium_only,fixed_policy,constant_risk_+0.00_zero_pit,n/a,n/a,0.0,16,lap_time_fuel_adj_s,136,95.96681545205736,1.1808455787482608,95.76355666187783,96.1823235071704
by_tyre_age_medium_only,fixed_policy,constant_risk_+0.00_zero_pit,n/a,n/a,0.0,17,lap_time_fuel_adj_s,134,96.26399287337406,1.0783545012557072,96.07275126727758,96.44185278116127
by_tyre_age_medium_only,fixed_policy,constant_risk_+0.00_zero_pit,n/a,n/a,0.0,18,lap_time_fuel_adj_s,130,96.36145221901573,1.2097544357144492,96.16010952146425,96.56811216586618
by_tyre_age_medium_only,fixed_policy,constant_risk_+0.00_zero_pit,n/a,n/a,0.0,19,lap_time_fuel_adj_s,127,96.35428536853479,1.2295721822002983,96.14943275449063,96.57012317772609
by_tyre_age_medium_only,fixed_policy,constant_risk_+0.00_zero_pit,n/a,n/a,0.0,20,lap_time_fuel_adj_s,123,96.69532956815014,1.1598899859335356,96.497208501359,96.90163096871069
by_tyre_age_medium_only,fixed_policy,constant_risk_+0.00_zero_pit,n/a,n/a,0.0,21,lap_time_fuel_adj_s,118,96.86271005981523,1.3133386687443969,96.62867640042731,97.09716473681763
by_tyre_age_medium_only,fixed_policy,constant_risk_+0.00_zero_pit,n/a,n/a,0.0,22,lap_time_fuel_adj_s,115,97.1584131718983,0.9900939584400482,96.97807856734426,97.33806924603266
by_tyre_age_medium_only,fixed_policy,constant_risk_+0.00_zero_pit,n/a,n/a,0.0,23,lap_time_fuel_adj_s,113,96.92803303047826,1.0635466722646345,96.72543445103842,97.12090320439793
by_tyre_age_medium_only,fixed_policy,constant_risk_+0.00_zero_pit,n/a,n/a,0.0,24,lap_time_fuel_adj_s,110,97.41724886352777,1.1335104715552666,97.2127853863047,97.62686047816112
by_tyre_age_medium_only,fixed_policy,constant_risk_+0.00_zero_pit,n/a,n/a,0.0,25,lap_time_fuel_adj_s,103,97.89364845910566,1.222376925822174,97.665310845003,98.1367816636445
by_tyre_age_medium_only,fixed_policy,constant_risk_+0.00_zero_pit,n/a,n/a,0.0,26,lap_time_fuel_adj_s,99,97.93368632887119,1.2944071029848474,97.68553619520439,98.18358111066799
by_tyre_age_medium_only,fixed_policy,constant_risk_+0.00_zero_pit,n/a,n/a,0.0,27,lap_time_fuel_adj_s,84,98.3558725268748,1.0530662694895947,98.13508841833247,98.57490079894981
by_tyre_age_medium_only,fixed_policy,constant_risk_+0.00_zero_pit,n/a,n/a,0.0,28,lap_time_fuel_adj_s,79,98.35731148628362,1.0768225768747015,98.11472481239709,98.59974693106973
by_tyre_age_medium_only,fixed_policy,constant_risk_+0.00_zero_pit,n/a,n/a,0.0,29,lap_time_fuel_adj_s,72,98.74678622782348,1.2205784011551863,98.46965765598453,99.0330798019277
by_tyre_age_medium_only,fixed_policy,constant_risk_+0.00_zero_pit,n/a,n/a,0.0,30,lap_time_fuel_adj_s,67,98.95321525074193,1.112527613652479,98.69706719426406,99.21174799764236
by_tyre_age_medium_only,fixed_policy,constant_risk_+0.00_zero_pit,n/a,n/a,0.0,31,lap_time_fuel_adj_s,65,98.90878828254974,1.199566653823205,98.61991045286265,99.17552720702
by_tyre_age_medium_only,fixed_policy,constant_risk_+0.00_zero_pit,n/a,n/a,0.0,32,lap_time_fuel_adj_s,59,99.21170458772812,1.0925690756015891,98.93347630437968,99.47711614042959
by_tyre_age_medium_only,fixed_policy,constant_risk_+0.00_zero_pit,n/a,n/a,0.0,33,lap_time_fuel_adj_s,57,99.36015555973194,1.0226442346059401,99.10286310838863,99.61673459655744
by_tyre_age_medium_only,fixed_policy,constant_risk_+0.00_zero_pit,n/a,n/a,0.0,34,lap_time_fuel_adj_s,54,99.44017520653288,1.2435000929810556,99.11263490911456,99.77392096064789
by_tyre_age_medium_only,fixed_policy,constant_risk_+0.00_zero_pit,n/a,n/a,0.0,35,lap_time_fuel_adj_s,51,99.78231505877156,1.2748875467835932,99.44558195004828,100.13237409372243
by_tyre_age_medium_only,fixed_policy,constant_risk_+0.00_zero_pit,n/a,n/a,0.0,36,lap_time_fuel_adj_s,47,99.78050938737749,1.263454983727273,99.41755272105391,100.13736291921744
by_tyre_age_medium_only,fixed_policy,constant_risk_+0.00_zero_pit,n/a,n/a,0.0,37,lap_time_fuel_adj_s,42,100.36572637781967,1.0202869957911687,100.06829889137668,100.67695443528014
by_tyre_age_medium_only,fixed_policy,constant_risk_+0.00_zero_pit,n/a,n/a,0.0,38,lap_time_fuel_adj_s,40,100.41624425867083,1.1362986037201863,100.0721613652781,100.75545872738304
by_tyre_age_medium_only,fixed_policy,constant_risk_+0.00_zero_pit,n/a,n/a,0.0,39,lap_time_fuel_adj_s,36,100.70463426226597,1.0296654513139831,100.38348278398071,101.04511958595018
by_tyre_age_medium_only,fixed_policy,constant_risk_+0.00_zero_pit,n/a,n/a,0.0,40,lap_time_fuel_adj_s,34,100.93514714997006,1.2046180226045724,100.54417440499284,101.32375302773339
by_tyre_age_medium_only,fixed_policy,constant_risk_+0.00_zero_pit,n/a,n/a,0.0,41,lap_time_fuel_adj_s,34,100.9381517980037,1.0572577760429895,100.60498693927968,101.30176394756647
by_tyre_age_medium_only,fixed_policy,constant_risk_+0.00_zero_pit,n/a,n/a,0.0,42,lap_time_fuel_adj_s,31,101.35241761416967,1.309506147296748,100.90578430213263,101.80301415391524
by_tyre_age_medium_only,fixed_policy,constant_risk_+0.00_zero_pit,n/a,n/a,0.0,43,lap_time_fuel_adj_s,29,101.48251191367713,1.1688282693770191,101.07410749723795,101.87081783585062
by_tyre_age_medium_only,fixed_policy,constant_risk_+0.00_zero_pit,n/a,n/a,0.0,44,lap_time_fuel_adj_s,26,101.85263997320683,1.2776255063648188,101.37375221545422,102.31385944240267
by_tyre_age_medium_only,fixed_policy,constant_risk_+0.00_zero_pit,n/a,n/a,0.0,45,lap_time_fuel_adj_s,25,101.95040289428262,0.9377985136860715,101.57146368220562,102.31077835072892
by_tyre_age_medium_only,fixed_policy,constant_risk_+0.00_zero_pit,n/a,n/a,0.0,46,lap_time_fuel_adj_s,24,102.06212367773617,1.0909188534187158,101.65185748195213,102.49221992395442
by_tyre_age_medium_only,fixed_policy,constant_risk_+0.00_zero_pit,n/a,n/a,0.0,47,lap_time_fuel_adj_s,24,102.38377082157281,1.1875608611652884,101.90632183000797,102.85061613974578
by_tyre_age_medium_only,fixed_policy,constant_risk_+0.00_zero_pit,n/a,n/a,0.0,48,lap_time_fuel_adj_s,21,102.22056835558162,1.129126977520335,101.72926792381791,102.69800166767473
by_tyre_age_medium_only,fixed_policy,constant_risk_+0.00_zero_pit,n/a,n/a,0.0,49,lap_time_fuel_adj_s,19,102.95568323612073,1.506850321648101,102.32838920077455,103.66038091737141
by_tyre_age_medium_only,fixed_policy,constant_risk_+0.00_zero_pit,n/a,n/a,0.0,50,lap_time_fuel_adj_s,16,103.0037419746215,1.472476864763772,102.28960166627161,103.69277390267816
by_tyre_age_medium_only,fixed_policy,constant_risk_+0.00_zero_pit,n/a,n/a,0.0,51,lap_time_fuel_adj_s,13,102.92686657466733,0.9543618106260778,102.4625270867633,103.45114546083633
race_outcome_conditional_finishers,fixed_policy,constant_risk_+0.00_zero_pit,n/a,n/a,0.0,finishers_all,race_time_s,13,5156.960498387271,10.306110483637516,5151.650966647548,5162.07620387294
race_outcome_conditional_finishers,fixed_policy,constant_risk_+0.00_zero_pit,n/a,n/a,0.0,finishers_all,segment_sum_time_s,13,5156.960498387271,10.306110483638953,5151.321439297136,5162.254159375338
race_outcome_conditional_finishers,fixed_policy,constant_risk_+0.00_zero_pit,n/a,n/a,0.0,finishers_zero_pit,race_time_s,13,5156.960498387271,10.306110483637516,5151.533818667638,5162.347844910242
race_outcome_conditional_finishers,fixed_policy,constant_risk_+0.00_zero_pit,n/a,n/a,0.0,finishers_with_pit,race_time_s,0,,,,
all_episode_progress,fixed_policy,constant_risk_+0.00_zero_pit,n/a,n/a,0.0,all_episodes,completed_laps,200,25.755,14.264372985989153,23.73,27.695125
attrition,fixed_policy,constant_risk_+0.00_zero_pit,n/a,n/a,0.0,all_episodes,crash_rate,200,0.935,0.247144496216384,0.9,0.965
attrition,fixed_policy,constant_risk_+0.00_zero_pit,n/a,n/a,0.0,all_episodes,catastrophic_rate,200,0.075,0.2640523018086611,0.04,0.115
attrition,fixed_policy,constant_risk_+0.00_zero_pit,n/a,n/a,0.0,all_episodes,finish_rate,200,0.065,0.247144496216384,0.035,0.1
matched_window_laps5_15_zeropit,fixed_policy,constant_risk_+0.30_zero_pit,n/a,n/a,0.3,laps5-15,lap_time_s,1866,95.94974113471157,1.313495664330206,95.89179060740591,96.0092782783661
matched_window_laps5_15_zeropit,fixed_policy,constant_risk_+0.30_zero_pit,n/a,n/a,0.3,laps5-15,lap_time_fuel_adj_s,1866,93.87076203503312,1.3788391267543358,93.8104941921507,93.9338303090264
matched_window_laps5_15_zeropit,fixed_policy,constant_risk_+0.30_zero_pit,n/a,n/a,0.3,laps5-15,tyre_age_entry,1866,8.757234726688102,3.1387082033257743,8.615192926045015,8.89924973204716
matched_window_laps5_15_zeropit,fixed_policy,constant_risk_+0.30_zero_pit,n/a,n/a,0.3,laps5-15,mean_risk_in_lap,1866,0.30000001192092896,0.0,0.30000001192092896,0.30000001192092896
matched_window_laps5_15_zeropit,fixed_policy,constant_risk_+0.30_zero_pit,n/a,n/a,0.3,laps5-15,is_medium_compound,1866,1.0,0.0,1.0,1.0
matched_window_laps5_15_nonpitlaps,fixed_policy,constant_risk_+0.30_zero_pit,n/a,n/a,0.3,laps5-15,lap_time_s,1866,95.94974113471157,1.313495664330206,95.88907786200802,96.01034805145727
by_lap_number,fixed_policy,constant_risk_+0.30_zero_pit,n/a,n/a,0.3,1,lap_time_s,200,94.58098652616378,1.084665620346551,94.4407212364401,94.72312088801917
by_lap_number,fixed_policy,constant_risk_+0.30_zero_pit,n/a,n/a,0.3,2,lap_time_s,200,94.80476763938618,1.2569900603740363,94.63510641389455,94.97396087765178
by_lap_number,fixed_policy,constant_risk_+0.30_zero_pit,n/a,n/a,0.3,3,lap_time_s,195,94.9639290150962,1.1278044043810271,94.80316431604888,95.11382635626676
by_lap_number,fixed_policy,constant_risk_+0.30_zero_pit,n/a,n/a,0.3,4,lap_time_s,190,94.99694538977646,1.2327119624465126,94.81952683552706,95.16779993031581
by_lap_number,fixed_policy,constant_risk_+0.30_zero_pit,n/a,n/a,0.3,5,lap_time_s,187,95.19523562620564,1.20493995310115,95.02266306945411,95.35946685532241
by_lap_number,fixed_policy,constant_risk_+0.30_zero_pit,n/a,n/a,0.3,6,lap_time_s,186,95.26557361953871,1.2189806401549979,95.088958546791,95.44088520070636
by_lap_number,fixed_policy,constant_risk_+0.30_zero_pit,n/a,n/a,0.3,7,lap_time_s,181,95.50745131979254,1.241934109298195,95.32566872018191,95.67956849695675
by_lap_number,fixed_policy,constant_risk_+0.30_zero_pit,n/a,n/a,0.3,8,lap_time_s,178,95.7640352402927,1.263604367448267,95.57822087606277,95.950647273267
by_lap_number,fixed_policy,constant_risk_+0.30_zero_pit,n/a,n/a,0.3,9,lap_time_s,177,95.72980458317113,1.2573855986867402,95.54252555966092,95.91331884497538
by_lap_number,fixed_policy,constant_risk_+0.30_zero_pit,n/a,n/a,0.3,10,lap_time_s,172,96.16101963053734,1.2135375227322958,95.96916740701761,96.344163446402
by_lap_number,fixed_policy,constant_risk_+0.30_zero_pit,n/a,n/a,0.3,11,lap_time_s,167,95.99700365895332,1.2138994169913586,95.81882728878247,96.17630775164865
by_lap_number,fixed_policy,constant_risk_+0.30_zero_pit,n/a,n/a,0.3,12,lap_time_s,163,96.2644956812536,1.1402626625050352,96.078148214106,96.43821490150167
by_lap_number,fixed_policy,constant_risk_+0.30_zero_pit,n/a,n/a,0.3,13,lap_time_s,157,96.64431367213562,1.2685268654715272,96.44613576250823,96.84099584218123
by_lap_number,fixed_policy,constant_risk_+0.30_zero_pit,n/a,n/a,0.3,14,lap_time_s,152,96.64531528534094,1.1334481959089093,96.46518328818075,96.82796892614182
by_lap_number,fixed_policy,constant_risk_+0.30_zero_pit,n/a,n/a,0.3,15,lap_time_s,146,96.70367038165912,1.1203287812575018,96.53385477448536,96.88761838414383
by_lap_number,fixed_policy,constant_risk_+0.30_zero_pit,n/a,n/a,0.3,16,lap_time_s,136,97.00603878952688,1.2527792094361156,96.7853486281302,97.21324014826111
by_lap_number,fixed_policy,constant_risk_+0.30_zero_pit,n/a,n/a,0.3,17,lap_time_s,132,97.19161805907392,1.224976795773391,96.99178778316701,97.40233368549673
by_lap_number,fixed_policy,constant_risk_+0.30_zero_pit,n/a,n/a,0.3,18,lap_time_s,125,97.25790906136274,1.1194303403224894,97.0733986076725,97.45279439733056
by_lap_number,fixed_policy,constant_risk_+0.30_zero_pit,n/a,n/a,0.3,19,lap_time_s,122,97.45039764227016,1.151479283534022,97.24957283459844,97.6543427081285
by_lap_number,fixed_policy,constant_risk_+0.30_zero_pit,n/a,n/a,0.3,20,lap_time_s,121,97.37395056787177,1.1768532757011125,97.17418127320447,97.57787157691168
by_lap_number,fixed_policy,constant_risk_+0.30_zero_pit,n/a,n/a,0.3,21,lap_time_s,118,97.68338867401638,1.2168255386474418,97.46274844357848,97.91978068504014
by_lap_number,fixed_policy,constant_risk_+0.30_zero_pit,n/a,n/a,0.3,22,lap_time_s,115,97.81976555101696,1.2495106922664876,97.58677510037633,98.03826665474877
by_lap_number,fixed_policy,constant_risk_+0.30_zero_pit,n/a,n/a,0.3,23,lap_time_s,110,98.09327550456015,0.9845665943492393,97.91880924737734,98.27371196200298
by_lap_number,fixed_policy,constant_risk_+0.30_zero_pit,n/a,n/a,0.3,24,lap_time_s,106,97.85800175401984,1.12015602544437,97.6528098862906,98.07329431116979
by_lap_number,fixed_policy,constant_risk_+0.30_zero_pit,n/a,n/a,0.3,25,lap_time_s,102,98.3588842089718,1.1877367177579936,98.12180264149661,98.59208068501289
by_lap_number,fixed_policy,constant_risk_+0.30_zero_pit,n/a,n/a,0.3,26,lap_time_s,95,98.41431438340281,1.063350295693275,98.1998763242912,98.63855347542163
by_lap_number,fixed_policy,constant_risk_+0.30_zero_pit,n/a,n/a,0.3,27,lap_time_s,91,98.5684846737043,1.3783170391605404,98.29446949907673,98.85816853441099
by_lap_number,fixed_policy,constant_risk_+0.30_zero_pit,n/a,n/a,0.3,28,lap_time_s,76,98.9547984924805,1.070559634951397,98.71639440357285,99.19165061701123
by_lap_number,fixed_policy,constant_risk_+0.30_zero_pit,n/a,n/a,0.3,29,lap_time_s,71,98.8997376524718,0.9921247523047426,98.67067249264366,99.13578215462177
by_lap_number,fixed_policy,constant_risk_+0.30_zero_pit,n/a,n/a,0.3,30,lap_time_s,62,99.28314241910456,1.2449293308821698,98.9800267793433,99.58890415201208
by_lap_number,fixed_policy,constant_risk_+0.30_zero_pit,n/a,n/a,0.3,31,lap_time_s,57,99.30955774563094,1.1690596574262697,99.02378579133551,99.62372187345846
by_lap_number,fixed_policy,constant_risk_+0.30_zero_pit,n/a,n/a,0.3,32,lap_time_s,52,99.20645500326201,1.1596386931186218,98.89443334269363,99.52734793930219
by_lap_number,fixed_policy,constant_risk_+0.30_zero_pit,n/a,n/a,0.3,33,lap_time_s,49,99.55695111047704,1.05473643595811,99.24636707118822,99.83138760325332
by_lap_number,fixed_policy,constant_risk_+0.30_zero_pit,n/a,n/a,0.3,34,lap_time_s,48,99.76250557582921,1.056719523411211,99.47599419779303,100.05694372263777
by_lap_number,fixed_policy,constant_risk_+0.30_zero_pit,n/a,n/a,0.3,35,lap_time_s,44,99.59335598978751,1.0846576502335952,99.28522939534031,99.90492929428206
by_lap_number,fixed_policy,constant_risk_+0.30_zero_pit,n/a,n/a,0.3,36,lap_time_s,43,99.82890349918696,1.276902608745505,99.45453094875019,100.19120121375661
by_lap_number,fixed_policy,constant_risk_+0.30_zero_pit,n/a,n/a,0.3,37,lap_time_s,39,100.1452264419541,1.15547865195318,99.76774594046204,100.51698950740611
by_lap_number,fixed_policy,constant_risk_+0.30_zero_pit,n/a,n/a,0.3,38,lap_time_s,34,100.34317996158701,1.0602259044491418,100.0101820459785,100.703803763584
by_lap_number,fixed_policy,constant_risk_+0.30_zero_pit,n/a,n/a,0.3,39,lap_time_s,33,100.87458992869304,1.0841124981102683,100.50914973275181,101.2312878392241
by_lap_number,fixed_policy,constant_risk_+0.30_zero_pit,n/a,n/a,0.3,40,lap_time_s,29,101.02048673760127,1.0598937553791699,100.64870717323292,101.38353429725643
by_lap_number,fixed_policy,constant_risk_+0.30_zero_pit,n/a,n/a,0.3,41,lap_time_s,27,100.9701462714063,1.2570197075695748,100.51349567960033,101.4347979166759
by_lap_number,fixed_policy,constant_risk_+0.30_zero_pit,n/a,n/a,0.3,42,lap_time_s,27,100.74509171525573,1.2839084818134023,100.29816395123139,101.25466278995674
by_lap_number,fixed_policy,constant_risk_+0.30_zero_pit,n/a,n/a,0.3,43,lap_time_s,25,101.51992774961693,1.205249717873326,101.01090358126046,101.9661373682071
by_lap_number,fixed_policy,constant_risk_+0.30_zero_pit,n/a,n/a,0.3,44,lap_time_s,23,101.10960676262752,1.0496261385529218,100.68421648768857,101.52758949193033
by_lap_number,fixed_policy,constant_risk_+0.30_zero_pit,n/a,n/a,0.3,45,lap_time_s,22,101.71564575800699,0.9834162124023819,101.3043757593632,102.10970600452237
by_lap_number,fixed_policy,constant_risk_+0.30_zero_pit,n/a,n/a,0.3,46,lap_time_s,20,101.78586034714336,0.9722995062806854,101.33183577801712,102.17115203666779
by_lap_number,fixed_policy,constant_risk_+0.30_zero_pit,n/a,n/a,0.3,47,lap_time_s,19,102.1712247744454,1.1375322722786378,101.69815978376639,102.64843833670838
by_lap_number,fixed_policy,constant_risk_+0.30_zero_pit,n/a,n/a,0.3,48,lap_time_s,19,102.48062076486079,1.3348345861201623,101.89490275125348,103.09822696118361
by_lap_number,fixed_policy,constant_risk_+0.30_zero_pit,n/a,n/a,0.3,49,lap_time_s,18,101.93131117493668,0.9051534516699358,101.53927427768355,102.3394150460355
by_lap_number,fixed_policy,constant_risk_+0.30_zero_pit,n/a,n/a,0.3,50,lap_time_s,18,102.30142333558409,1.6792789231273062,101.55359672858222,103.0623537278211
by_lap_number,fixed_policy,constant_risk_+0.30_zero_pit,n/a,n/a,0.3,51,lap_time_s,18,102.64066399919925,1.3460976856759506,102.02243641278453,103.26899344126383
by_lap_number,fixed_policy,constant_risk_+0.30_zero_pit,n/a,n/a,0.3,52,lap_time_s,15,102.10280936389123,1.0444598300585264,101.60191408133927,102.58647724719835
by_tyre_age,fixed_policy,constant_risk_+0.30_zero_pit,n/a,n/a,0.3,0,lap_time_fuel_adj_s,200,92.08098652616378,1.084665620346551,91.93473391534322,92.2312831656967
by_tyre_age,fixed_policy,constant_risk_+0.30_zero_pit,n/a,n/a,0.3,1,lap_time_fuel_adj_s,200,92.35284456246312,1.2569900603740363,92.18049692363869,92.52548562720732
by_tyre_age,fixed_policy,constant_risk_+0.30_zero_pit,n/a,n/a,0.3,2,lap_time_fuel_adj_s,195,92.56008286125005,1.1278044043810271,92.39945507493138,92.71478485483084
by_tyre_age,fixed_policy,constant_risk_+0.30_zero_pit,n/a,n/a,0.3,3,lap_time_fuel_adj_s,190,92.64117615900724,1.2327119624465126,92.46605450654245,92.81362046771629
by_tyre_age,fixed_policy,constant_risk_+0.30_zero_pit,n/a,n/a,0.3,4,lap_time_fuel_adj_s,187,92.88754331851335,1.2049399531011502,92.71925750853731,93.06065247004942
by_tyre_age,fixed_policy,constant_risk_+0.30_zero_pit,n/a,n/a,0.3,5,lap_time_fuel_adj_s,186,93.00595823492333,1.2189806401549979,92.83047682532455,93.18178527265482
by_tyre_age,fixed_policy,constant_risk_+0.30_zero_pit,n/a,n/a,0.3,6,lap_time_fuel_adj_s,181,93.29591285825407,1.241934109298195,93.1197181906639,93.47952874277705
by_tyre_age,fixed_policy,constant_risk_+0.30_zero_pit,n/a,n/a,0.3,7,lap_time_fuel_adj_s,178,93.60057370183114,1.263604367448267,93.4110594848092,93.78961682387072
by_tyre_age,fixed_policy,constant_risk_+0.30_zero_pit,n/a,n/a,0.3,8,lap_time_fuel_adj_s,177,93.61441996778652,1.2573855986867402,93.41835505300547,93.80260133767452
by_tyre_age,fixed_policy,constant_risk_+0.30_zero_pit,n/a,n/a,0.3,9,lap_time_fuel_adj_s,172,94.09371193822963,1.2135375227322958,93.9090538690455,94.2724561117473
by_tyre_age,fixed_policy,constant_risk_+0.30_zero_pit,n/a,n/a,0.3,10,lap_time_fuel_adj_s,167,93.97777288972254,1.2138994169913586,93.80009021578154,94.16472680675987
by_tyre_age,fixed_policy,constant_risk_+0.30_zero_pit,n/a,n/a,0.3,11,lap_time_fuel_adj_s,163,94.29334183509977,1.1402626625050352,94.1153763136962,94.46977021898567
by_tyre_age,fixed_policy,constant_risk_+0.30_zero_pit,n/a,n/a,0.3,12,lap_time_fuel_adj_s,157,94.7212367490587,1.2685268654715272,94.52816658851766,94.92316922957424
by_tyre_age,fixed_policy,constant_risk_+0.30_zero_pit,n/a,n/a,0.3,13,lap_time_fuel_adj_s,152,94.77031528534094,1.1334481959089093,94.59424107996442,94.95239439817072
by_tyre_age,fixed_policy,constant_risk_+0.30_zero_pit,n/a,n/a,0.3,14,lap_time_fuel_adj_s,146,94.87674730473604,1.1203287812575018,94.69689430853721,95.05194976101343
by_tyre_age,fixed_policy,constant_risk_+0.30_zero_pit,n/a,n/a,0.3,15,lap_time_fuel_adj_s,136,95.22719263568075,1.2527792094361156,95.02579370416875,95.43407325813845
by_tyre_age,fixed_policy,constant_risk_+0.30_zero_pit,n/a,n/a,0.3,16,lap_time_fuel_adj_s,132,95.46084882830469,1.224976795773391,95.25839403175475,95.66594629765972
by_tyre_age,fixed_policy,constant_risk_+0.30_zero_pit,n/a,n/a,0.3,17,lap_time_fuel_adj_s,125,95.5752167536704,1.1194303403224897,95.38378317277837,95.77330837622927
by_tyre_age,fixed_policy,constant_risk_+0.30_zero_pit,n/a,n/a,0.3,18,lap_time_fuel_adj_s,122,95.81578225765476,1.1514792835340222,95.62510980683096,96.0163525750885
by_tyre_age,fixed_policy,constant_risk_+0.30_zero_pit,n/a,n/a,0.3,19,lap_time_fuel_adj_s,121,95.78741210633333,1.1768532757011125,95.56992549371127,95.99605892866613
by_tyre_age,fixed_policy,constant_risk_+0.30_zero_pit,n/a,n/a,0.3,20,lap_time_fuel_adj_s,118,96.14492713555488,1.2168255386474418,95.92553010461535,96.36946629531502
by_tyre_age,fixed_policy,constant_risk_+0.30_zero_pit,n/a,n/a,0.3,21,lap_time_fuel_adj_s,115,96.32938093563234,1.2495106922664876,96.09433353265804,96.55493133484471
by_tyre_age,fixed_policy,constant_risk_+0.30_zero_pit,n/a,n/a,0.3,22,lap_time_fuel_adj_s,110,96.65096781225246,0.9845665943492393,96.48060417525241,96.83095564704105
by_tyre_age,fixed_policy,constant_risk_+0.30_zero_pit,n/a,n/a,0.3,23,lap_time_fuel_adj_s,106,96.46377098478908,1.1201560254443699,96.25619365014028,96.6798192277296
by_tyre_age,fixed_policy,constant_risk_+0.30_zero_pit,n/a,n/a,0.3,24,lap_time_fuel_adj_s,102,97.01273036281793,1.1877367177579936,96.78371315107864,97.25934602712725
by_tyre_age,fixed_policy,constant_risk_+0.30_zero_pit,n/a,n/a,0.3,25,lap_time_fuel_adj_s,95,97.11623746032588,1.063350295693275,96.90769703754168,97.33397861786453
by_tyre_age,fixed_policy,constant_risk_+0.30_zero_pit,n/a,n/a,0.3,26,lap_time_fuel_adj_s,91,97.3184846737043,1.3783170391605404,97.04261351673367,97.60139250486849
by_tyre_age,fixed_policy,constant_risk_+0.30_zero_pit,n/a,n/a,0.3,27,lap_time_fuel_adj_s,76,97.75287541555743,1.070559634951397,97.5136340314273,97.99042901358983
by_tyre_age,fixed_policy,constant_risk_+0.30_zero_pit,n/a,n/a,0.3,28,lap_time_fuel_adj_s,71,97.74589149862564,0.9921247523047426,97.51537842732215,97.97644230487973
by_tyre_age,fixed_policy,constant_risk_+0.30_zero_pit,n/a,n/a,0.3,29,lap_time_fuel_adj_s,62,98.17737318833534,1.2449293308821698,97.8689049261364,98.47142358017926
by_tyre_age,fixed_policy,constant_risk_+0.30_zero_pit,n/a,n/a,0.3,30,lap_time_fuel_adj_s,57,98.25186543793863,1.1690596574262697,97.93524407399056,98.56821119427778
by_tyre_age,fixed_policy,constant_risk_+0.30_zero_pit,n/a,n/a,0.3,31,lap_time_fuel_adj_s,52,98.19683961864659,1.1596386931186218,97.86610550337404,98.51103585602246
by_tyre_age,fixed_policy,constant_risk_+0.30_zero_pit,n/a,n/a,0.3,32,lap_time_fuel_adj_s,49,98.59541264893859,1.05473643595811,98.31702513399442,98.87983516105267
by_tyre_age,fixed_policy,constant_risk_+0.30_zero_pit,n/a,n/a,0.3,33,lap_time_fuel_adj_s,48,98.8490440373677,1.056719523411211,98.56147639978997,99.13730652199075
by_tyre_age,fixed_policy,constant_risk_+0.30_zero_pit,n/a,n/a,0.3,34,lap_time_fuel_adj_s,44,98.72797137440288,1.0846576502335952,98.42176378594638,99.06346770362703
by_tyre_age,fixed_policy,constant_risk_+0.30_zero_pit,n/a,n/a,0.3,35,lap_time_fuel_adj_s,43,99.01159580687927,1.276902608745505,98.6234026584923,99.36327887295292
by_tyre_age,fixed_policy,constant_risk_+0.30_zero_pit,n/a,n/a,0.3,36,lap_time_fuel_adj_s,39,99.37599567272335,1.15547865195318,99.03361179828792,99.73122689401193
by_tyre_age,fixed_policy,constant_risk_+0.30_zero_pit,n/a,n/a,0.3,37,lap_time_fuel_adj_s,34,99.62202611543319,1.060225904449142,99.27976123644567,99.97828252651753
by_tyre_age,fixed_policy,constant_risk_+0.30_zero_pit,n/a,n/a,0.3,38,lap_time_fuel_adj_s,33,100.20151300561615,1.0841124981102683,99.84664420995705,100.55715946438298
by_tyre_age,fixed_policy,constant_risk_+0.30_zero_pit,n/a,n/a,0.3,39,lap_time_fuel_adj_s,29,100.39548673760127,1.0598937553791699,100.02765371133863,100.78711480023208
by_tyre_age,fixed_policy,constant_risk_+0.30_zero_pit,n/a,n/a,0.3,40,lap_time_fuel_adj_s,27,100.39322319448326,1.2570197075695748,99.91741665744838,100.87833628451965
by_tyre_age,fixed_policy,constant_risk_+0.30_zero_pit,n/a,n/a,0.3,41,lap_time_fuel_adj_s,27,100.21624556140958,1.2839084818134023,99.77162526386377,100.69055215697168
by_tyre_age,fixed_policy,constant_risk_+0.30_zero_pit,n/a,n/a,0.3,42,lap_time_fuel_adj_s,25,101.03915851884769,1.2052497178733257,100.58122152871893,101.49757660469145
by_tyre_age,fixed_policy,constant_risk_+0.30_zero_pit,n/a,n/a,0.3,43,lap_time_fuel_adj_s,23,100.6769144549352,1.049626138552922,100.26295215176766,101.1076758469547
by_tyre_age,fixed_policy,constant_risk_+0.30_zero_pit,n/a,n/a,0.3,44,lap_time_fuel_adj_s,22,101.3310303733916,0.9834162124023819,100.92337935141656,101.72533457520817
by_tyre_age,fixed_policy,constant_risk_+0.30_zero_pit,n/a,n/a,0.3,45,lap_time_fuel_adj_s,20,101.44932188560489,0.9722995062806854,101.02923444097652,101.85924994206738
by_tyre_age,fixed_policy,constant_risk_+0.30_zero_pit,n/a,n/a,0.3,46,lap_time_fuel_adj_s,19,101.88276323598383,1.1375322722786378,101.36269753279954,102.36367363879636
by_tyre_age,fixed_policy,constant_risk_+0.30_zero_pit,n/a,n/a,0.3,47,lap_time_fuel_adj_s,19,102.24023614947616,1.3348345861201623,101.67864403492473,102.85360810325899
by_tyre_age,fixed_policy,constant_risk_+0.30_zero_pit,n/a,n/a,0.3,48,lap_time_fuel_adj_s,18,101.73900348262897,0.9051534516699359,101.33537428242808,102.16093988509185
by_tyre_age,fixed_policy,constant_risk_+0.30_zero_pit,n/a,n/a,0.3,49,lap_time_fuel_adj_s,18,102.15719256635333,1.6792789231273062,101.37974844627367,102.89162365746623
by_tyre_age,fixed_policy,constant_risk_+0.30_zero_pit,n/a,n/a,0.3,50,lap_time_fuel_adj_s,18,102.54451015304541,1.3460976856759506,101.95048817951816,103.15142192621121
by_tyre_age,fixed_policy,constant_risk_+0.30_zero_pit,n/a,n/a,0.3,51,lap_time_fuel_adj_s,15,102.0547324408143,1.0444598300585264,101.5416535041875,102.53768324631572
by_tyre_age_medium_only,fixed_policy,constant_risk_+0.30_zero_pit,n/a,n/a,0.3,0,lap_time_fuel_adj_s,200,92.08098652616378,1.084665620346551,91.93157574041066,92.22813813821496
by_tyre_age_medium_only,fixed_policy,constant_risk_+0.30_zero_pit,n/a,n/a,0.3,1,lap_time_fuel_adj_s,200,92.35284456246312,1.2569900603740363,92.17748727885375,92.52670162786843
by_tyre_age_medium_only,fixed_policy,constant_risk_+0.30_zero_pit,n/a,n/a,0.3,2,lap_time_fuel_adj_s,195,92.56008286125005,1.1278044043810271,92.41300193886177,92.71484764816003
by_tyre_age_medium_only,fixed_policy,constant_risk_+0.30_zero_pit,n/a,n/a,0.3,3,lap_time_fuel_adj_s,190,92.64117615900724,1.2327119624465126,92.46891258254165,92.81308224444979
by_tyre_age_medium_only,fixed_policy,constant_risk_+0.30_zero_pit,n/a,n/a,0.3,4,lap_time_fuel_adj_s,187,92.88754331851335,1.2049399531011502,92.72024515920437,93.06430003249424
by_tyre_age_medium_only,fixed_policy,constant_risk_+0.30_zero_pit,n/a,n/a,0.3,5,lap_time_fuel_adj_s,186,93.00595823492333,1.2189806401549979,92.8336206046106,93.1799178361518
by_tyre_age_medium_only,fixed_policy,constant_risk_+0.30_zero_pit,n/a,n/a,0.3,6,lap_time_fuel_adj_s,181,93.29591285825407,1.241934109298195,93.11716215642151,93.47562949086034
by_tyre_age_medium_only,fixed_policy,constant_risk_+0.30_zero_pit,n/a,n/a,0.3,7,lap_time_fuel_adj_s,178,93.60057370183114,1.263604367448267,93.41827559574163,93.78988259689032
by_tyre_age_medium_only,fixed_policy,constant_risk_+0.30_zero_pit,n/a,n/a,0.3,8,lap_time_fuel_adj_s,177,93.61441996778652,1.2573855986867402,93.42765402468184,93.80054205251992
by_tyre_age_medium_only,fixed_policy,constant_risk_+0.30_zero_pit,n/a,n/a,0.3,9,lap_time_fuel_adj_s,172,94.09371193822963,1.2135375227322958,93.9086413559575,94.27988800554414
by_tyre_age_medium_only,fixed_policy,constant_risk_+0.30_zero_pit,n/a,n/a,0.3,10,lap_time_fuel_adj_s,167,93.97777288972254,1.2138994169913586,93.79519921452554,94.15977214436043
by_tyre_age_medium_only,fixed_policy,constant_risk_+0.30_zero_pit,n/a,n/a,0.3,11,lap_time_fuel_adj_s,163,94.29334183509977,1.1402626625050352,94.12175299078118,94.46683741070329
by_tyre_age_medium_only,fixed_policy,constant_risk_+0.30_zero_pit,n/a,n/a,0.3,12,lap_time_fuel_adj_s,157,94.7212367490587,1.2685268654715272,94.53314656075146,94.9101013495467
by_tyre_age_medium_only,fixed_policy,constant_risk_+0.30_zero_pit,n/a,n/a,0.3,13,lap_time_fuel_adj_s,152,94.77031528534094,1.1334481959089093,94.58753939891231,94.94597459918734
by_tyre_age_medium_only,fixed_policy,constant_risk_+0.30_zero_pit,n/a,n/a,0.3,14,lap_time_fuel_adj_s,146,94.87674730473604,1.1203287812575018,94.69477628595027,95.05596522881783
by_tyre_age_medium_only,fixed_policy,constant_risk_+0.30_zero_pit,n/a,n/a,0.3,15,lap_time_fuel_adj_s,136,95.22719263568075,1.2527792094361156,95.01407872552672,95.43017302326108
by_tyre_age_medium_only,fixed_policy,constant_risk_+0.30_zero_pit,n/a,n/a,0.3,16,lap_time_fuel_adj_s,132,95.46084882830469,1.224976795773391,95.25574062539874,95.6736499575392
by_tyre_age_medium_only,fixed_policy,constant_risk_+0.30_zero_pit,n/a,n/a,0.3,17,lap_time_fuel_adj_s,125,95.5752167536704,1.1194303403224897,95.37730536730038,95.77173664041892
by_tyre_age_medium_only,fixed_policy,constant_risk_+0.30_zero_pit,n/a,n/a,0.3,18,lap_time_fuel_adj_s,122,95.81578225765476,1.1514792835340222,95.60240511868597,96.02356651589108
by_tyre_age_medium_only,fixed_policy,constant_risk_+0.30_zero_pit,n/a,n/a,0.3,19,lap_time_fuel_adj_s,121,95.78741210633333,1.1768532757011125,95.58453955327757,95.99374701799944
by_tyre_age_medium_only,fixed_policy,constant_risk_+0.30_zero_pit,n/a,n/a,0.3,20,lap_time_fuel_adj_s,118,96.14492713555488,1.2168255386474418,95.93036583905081,96.35458600313683
by_tyre_age_medium_only,fixed_policy,constant_risk_+0.30_zero_pit,n/a,n/a,0.3,21,lap_time_fuel_adj_s,115,96.32938093563234,1.2495106922664876,96.0911421941371,96.54164572709638
by_tyre_age_medium_only,fixed_policy,constant_risk_+0.30_zero_pit,n/a,n/a,0.3,22,lap_time_fuel_adj_s,110,96.65096781225246,0.9845665943492393,96.47209627368589,96.83464761012185
by_tyre_age_medium_only,fixed_policy,constant_risk_+0.30_zero_pit,n/a,n/a,0.3,23,lap_time_fuel_adj_s,106,96.46377098478908,1.1201560254443699,96.2466769895236,96.67574011944497
by_tyre_age_medium_only,fixed_policy,constant_risk_+0.30_zero_pit,n/a,n/a,0.3,24,lap_time_fuel_adj_s,102,97.01273036281793,1.1877367177579936,96.79112559009234,97.23095116359566
by_tyre_age_medium_only,fixed_policy,constant_risk_+0.30_zero_pit,n/a,n/a,0.3,25,lap_time_fuel_adj_s,95,97.11623746032588,1.063350295693275,96.90690233384433,97.32746846338958
by_tyre_age_medium_only,fixed_policy,constant_risk_+0.30_zero_pit,n/a,n/a,0.3,26,lap_time_fuel_adj_s,91,97.3184846737043,1.3783170391605404,97.04412216961447,97.60224168859729
by_tyre_age_medium_only,fixed_policy,constant_risk_+0.30_zero_pit,n/a,n/a,0.3,27,lap_time_fuel_adj_s,76,97.75287541555743,1.070559634951397,97.51556877220233,98.00300970174976
by_tyre_age_medium_only,fixed_policy,constant_risk_+0.30_zero_pit,n/a,n/a,0.3,28,lap_time_fuel_adj_s,71,97.74589149862564,0.9921247523047426,97.52310845738138,97.97924414561857
by_tyre_age_medium_only,fixed_policy,constant_risk_+0.30_zero_pit,n/a,n/a,0.3,29,lap_time_fuel_adj_s,62,98.17737318833534,1.2449293308821698,97.88587734371666,98.46789822574893
by_tyre_age_medium_only,fixed_policy,constant_risk_+0.30_zero_pit,n/a,n/a,0.3,30,lap_time_fuel_adj_s,57,98.25186543793863,1.1690596574262697,97.95493457958487,98.5459967631201
by_tyre_age_medium_only,fixed_policy,constant_risk_+0.30_zero_pit,n/a,n/a,0.3,31,lap_time_fuel_adj_s,52,98.19683961864659,1.1596386931186218,97.90288216970076,98.52484071564999
by_tyre_age_medium_only,fixed_policy,constant_risk_+0.30_zero_pit,n/a,n/a,0.3,32,lap_time_fuel_adj_s,49,98.59541264893859,1.05473643595811,98.28975986935235,98.87789998872539
by_tyre_age_medium_only,fixed_policy,constant_risk_+0.30_zero_pit,n/a,n/a,0.3,33,lap_time_fuel_adj_s,48,98.8490440373677,1.056719523411211,98.54538264492955,99.13336215556436
by_tyre_age_medium_only,fixed_policy,constant_risk_+0.30_zero_pit,n/a,n/a,0.3,34,lap_time_fuel_adj_s,44,98.72797137440288,1.0846576502335952,98.41829730000555,99.0495344087721
by_tyre_age_medium_only,fixed_policy,constant_risk_+0.30_zero_pit,n/a,n/a,0.3,35,lap_time_fuel_adj_s,43,99.01159580687927,1.276902608745505,98.6215649611576,99.38443674151735
by_tyre_age_medium_only,fixed_policy,constant_risk_+0.30_zero_pit,n/a,n/a,0.3,36,lap_time_fuel_adj_s,39,99.37599567272335,1.15547865195318,99.01279968051618,99.74330629682407
by_tyre_age_medium_only,fixed_policy,constant_risk_+0.30_zero_pit,n/a,n/a,0.3,37,lap_time_fuel_adj_s,34,99.62202611543319,1.060225904449142,99.26918548204165,99.99070373999338
by_tyre_age_medium_only,fixed_policy,constant_risk_+0.30_zero_pit,n/a,n/a,0.3,38,lap_time_fuel_adj_s,33,100.20151300561615,1.0841124981102683,99.83484263831654,100.54884890901211
by_tyre_age_medium_only,fixed_policy,constant_risk_+0.30_zero_pit,n/a,n/a,0.3,39,lap_time_fuel_adj_s,29,100.39548673760127,1.0598937553791699,100.01153936438921,100.76373608520149
by_tyre_age_medium_only,fixed_policy,constant_risk_+0.30_zero_pit,n/a,n/a,0.3,40,lap_time_fuel_adj_s,27,100.39322319448326,1.2570197075695748,99.92629389846907,100.85235275600039
by_tyre_age_medium_only,fixed_policy,constant_risk_+0.30_zero_pit,n/a,n/a,0.3,41,lap_time_fuel_adj_s,27,100.21624556140958,1.2839084818134023,99.78041575028293,100.71312042181646
by_tyre_age_medium_only,fixed_policy,constant_risk_+0.30_zero_pit,n/a,n/a,0.3,42,lap_time_fuel_adj_s,25,101.03915851884769,1.2052497178733257,100.57869437265705,101.48671074454306
by_tyre_age_medium_only,fixed_policy,constant_risk_+0.30_zero_pit,n/a,n/a,0.3,43,lap_time_fuel_adj_s,23,100.6769144549352,1.049626138552922,100.25581506836961,101.10893153159326
by_tyre_age_medium_only,fixed_policy,constant_risk_+0.30_zero_pit,n/a,n/a,0.3,44,lap_time_fuel_adj_s,22,101.3310303733916,0.9834162124023819,100.9211969082381,101.73374682093682
by_tyre_age_medium_only,fixed_policy,constant_risk_+0.30_zero_pit,n/a,n/a,0.3,45,lap_time_fuel_adj_s,20,101.44932188560489,0.9722995062806854,101.012878771013,101.84670795877264
by_tyre_age_medium_only,fixed_policy,constant_risk_+0.30_zero_pit,n/a,n/a,0.3,46,lap_time_fuel_adj_s,19,101.88276323598383,1.1375322722786378,101.38101417715083,102.34524312585096
by_tyre_age_medium_only,fixed_policy,constant_risk_+0.30_zero_pit,n/a,n/a,0.3,47,lap_time_fuel_adj_s,19,102.24023614947616,1.3348345861201623,101.67823810737896,102.81245592674257
by_tyre_age_medium_only,fixed_policy,constant_risk_+0.30_zero_pit,n/a,n/a,0.3,48,lap_time_fuel_adj_s,18,101.73900348262897,0.9051534516699359,101.33651881738706,102.15257163703549
by_tyre_age_medium_only,fixed_policy,constant_risk_+0.30_zero_pit,n/a,n/a,0.3,49,lap_time_fuel_adj_s,18,102.15719256635333,1.6792789231273062,101.38430316110995,102.90009297817642
by_tyre_age_medium_only,fixed_policy,constant_risk_+0.30_zero_pit,n/a,n/a,0.3,50,lap_time_fuel_adj_s,18,102.54451015304541,1.3460976856759506,101.93972738064043,103.17150858533863
by_tyre_age_medium_only,fixed_policy,constant_risk_+0.30_zero_pit,n/a,n/a,0.3,51,lap_time_fuel_adj_s,15,102.0547324408143,1.0444598300585264,101.56139764191128,102.5354609397792
race_outcome_conditional_finishers,fixed_policy,constant_risk_+0.30_zero_pit,n/a,n/a,0.3,finishers_all,race_time_s,15,5127.839304945346,9.466525324638734,5123.2813419516315,5132.52505105488
race_outcome_conditional_finishers,fixed_policy,constant_risk_+0.30_zero_pit,n/a,n/a,0.3,finishers_all,segment_sum_time_s,15,5127.839304945346,9.46652532464375,5123.395870706893,5132.431206675127
race_outcome_conditional_finishers,fixed_policy,constant_risk_+0.30_zero_pit,n/a,n/a,0.3,finishers_zero_pit,race_time_s,15,5127.839304945346,9.466525324638734,5123.355075702422,5132.546438590144
race_outcome_conditional_finishers,fixed_policy,constant_risk_+0.30_zero_pit,n/a,n/a,0.3,finishers_with_pit,race_time_s,0,,,,
all_episode_progress,fixed_policy,constant_risk_+0.30_zero_pit,n/a,n/a,0.3,all_episodes,completed_laps,200,24.56,13.768962256032232,22.72425,26.525125
attrition,fixed_policy,constant_risk_+0.30_zero_pit,n/a,n/a,0.3,all_episodes,crash_rate,200,0.925,0.2640523018086611,0.885,0.96
attrition,fixed_policy,constant_risk_+0.30_zero_pit,n/a,n/a,0.3,all_episodes,catastrophic_rate,200,0.145,0.3529844046834771,0.1,0.195
attrition,fixed_policy,constant_risk_+0.30_zero_pit,n/a,n/a,0.3,all_episodes,finish_rate,200,0.075,0.2640523018086612,0.04,0.11
matched_window_laps5_15_zeropit,fixed_policy,constant_risk_+0.68_zero_pit,n/a,n/a,0.68,laps5-15,lap_time_s,1590,95.23823876934142,1.2936897882133358,95.17397922512448,95.30403551047444
matched_window_laps5_15_zeropit,fixed_policy,constant_risk_+0.68_zero_pit,n/a,n/a,0.68,laps5-15,lap_time_fuel_adj_s,1590,93.15097461839802,1.3584413745924997,93.0844881784821,93.21855234018942
matched_window_laps5_15_zeropit,fixed_policy,constant_risk_+0.68_zero_pit,n/a,n/a,0.68,laps5-15,tyre_age_entry,1590,8.584905660377359,3.1117267122024503,8.432059748427672,8.739040880503145
matched_window_laps5_15_zeropit,fixed_policy,constant_risk_+0.68_zero_pit,n/a,n/a,0.68,laps5-15,mean_risk_in_lap,1590,0.6800000071525574,0.0,0.6800000071525574,0.6800000071525574
matched_window_laps5_15_zeropit,fixed_policy,constant_risk_+0.68_zero_pit,n/a,n/a,0.68,laps5-15,is_medium_compound,1590,1.0,0.0,1.0,1.0
matched_window_laps5_15_nonpitlaps,fixed_policy,constant_risk_+0.68_zero_pit,n/a,n/a,0.68,laps5-15,lap_time_s,1590,95.23823876934142,1.2936897882133358,95.1779182857366,95.30037409895789
by_lap_number,fixed_policy,constant_risk_+0.68_zero_pit,n/a,n/a,0.68,1,lap_time_s,197,93.86452717512574,1.100610838904487,93.7231094875699,94.01889979258412
by_lap_number,fixed_policy,constant_risk_+0.68_zero_pit,n/a,n/a,0.68,2,lap_time_s,193,94.07314399257267,1.250965274719459,93.89978103235643,94.24223325836037
by_lap_number,fixed_policy,constant_risk_+0.68_zero_pit,n/a,n/a,0.68,3,lap_time_s,184,94.27591427115556,1.1201275076201227,94.10964995951147,94.44142482552957
by_lap_number,fixed_policy,constant_risk_+0.68_zero_pit,n/a,n/a,0.68,4,lap_time_s,175,94.35428686442869,1.2650060066662587,94.17200531961653,94.54611023344046
by_lap_number,fixed_policy,constant_risk_+0.68_zero_pit,n/a,n/a,0.68,5,lap_time_s,173,94.47859448227578,1.1856577501750205,94.30461677779583,94.64880969703275
by_lap_number,fixed_policy,constant_risk_+0.68_zero_pit,n/a,n/a,0.68,6,lap_time_s,164,94.64425022710422,1.1614848251283456,94.46494285915725,94.82047297028184
by_lap_number,fixed_policy,constant_risk_+0.68_zero_pit,n/a,n/a,0.68,7,lap_time_s,160,94.76497582397931,1.206943039097382,94.58630161268836,94.95411786824775
by_lap_number,fixed_policy,constant_risk_+0.68_zero_pit,n/a,n/a,0.68,8,lap_time_s,158,95.08755160929938,1.2051448852870437,94.89196569916442,95.27877814752684
by_lap_number,fixed_policy,constant_risk_+0.68_zero_pit,n/a,n/a,0.68,9,lap_time_s,156,95.1030144419967,1.2183308570058808,94.91022246487607,95.30208205830118
by_lap_number,fixed_policy,constant_risk_+0.68_zero_pit,n/a,n/a,0.68,10,lap_time_s,150,95.4715006921939,1.1880745039305503,95.28253394335097,95.66008023606653
by_lap_number,fixed_policy,constant_risk_+0.68_zero_pit,n/a,n/a,0.68,11,lap_time_s,142,95.41111828176926,1.2370932705675266,95.21374933535412,95.60267457967069
by_lap_number,fixed_policy,constant_risk_+0.68_zero_pit,n/a,n/a,0.68,12,lap_time_s,132,95.48349808237055,1.1145662384064623,95.29563852556919,95.66769699515696
by_lap_number,fixed_policy,constant_risk_+0.68_zero_pit,n/a,n/a,0.68,13,lap_time_s,125,95.86767099115765,1.2228731058533244,95.66372244053699,96.09488800114599
by_lap_number,fixed_policy,constant_risk_+0.68_zero_pit,n/a,n/a,0.68,14,lap_time_s,118,96.0366780961505,1.1997212709459453,95.83165164788791,96.25210505270528
by_lap_number,fixed_policy,constant_risk_+0.68_zero_pit,n/a,n/a,0.68,15,lap_time_s,112,95.99405076395426,1.18657931651884,95.78762563817268,96.21226574439638
by_lap_number,fixed_policy,constant_risk_+0.68_zero_pit,n/a,n/a,0.68,16,lap_time_s,106,96.20237866513082,1.2523175616000777,95.96315211248219,96.42309647241
by_lap_number,fixed_policy,constant_risk_+0.68_zero_pit,n/a,n/a,0.68,17,lap_time_s,104,96.514080174917,1.3803851145768928,96.25345943491673,96.77195528059168
by_lap_number,fixed_policy,constant_risk_+0.68_zero_pit,n/a,n/a,0.68,18,lap_time_s,100,96.71170262452495,1.128292002334639,96.4945427893753,96.9285838959154
by_lap_number,fixed_policy,constant_risk_+0.68_zero_pit,n/a,n/a,0.68,19,lap_time_s,96,96.74856905505389,1.1167965043523922,96.52385850524905,96.97496440420137
by_lap_number,fixed_policy,constant_risk_+0.68_zero_pit,n/a,n/a,0.68,20,lap_time_s,90,96.67375784540323,1.1618099231127574,96.43776340129317,96.90810607326742
by_lap_number,fixed_policy,constant_risk_+0.68_zero_pit,n/a,n/a,0.68,21,lap_time_s,86,96.96716446828161,1.1905479342625942,96.72584140800286,97.2210750562057
by_lap_number,fixed_policy,constant_risk_+0.68_zero_pit,n/a,n/a,0.68,22,lap_time_s,85,96.84931385121757,1.3459447960493773,96.57280444083067,97.14950335992843
by_lap_number,fixed_policy,constant_risk_+0.68_zero_pit,n/a,n/a,0.68,23,lap_time_s,81,97.45199552312934,1.2528656639683404,97.18035188259601,97.72815281602902
by_lap_number,fixed_policy,constant_risk_+0.68_zero_pit,n/a,n/a,0.68,24,lap_time_s,78,97.07572849349711,1.219701531105713,96.8066257031245,97.34138448399497
by_lap_number,fixed_policy,constant_risk_+0.68_zero_pit,n/a,n/a,0.68,25,lap_time_s,74,97.53948326817654,1.060226291959029,97.3057043025482,97.77690276215715
by_lap_number,fixed_policy,constant_risk_+0.68_zero_pit,n/a,n/a,0.68,26,lap_time_s,71,97.7843010641928,1.2251932478040521,97.49132444355456,98.0586556439182
by_lap_number,fixed_policy,constant_risk_+0.68_zero_pit,n/a,n/a,0.68,27,lap_time_s,68,97.74411591917473,1.3600347965507489,97.43298480866443,98.06145537123341
by_lap_number,fixed_policy,constant_risk_+0.68_zero_pit,n/a,n/a,0.68,28,lap_time_s,56,98.17562379379162,1.0038769042528106,97.90474856696132,98.4350871634922
by_lap_number,fixed_policy,constant_risk_+0.68_zero_pit,n/a,n/a,0.68,29,lap_time_s,53,98.33046187153788,0.9248319073981014,98.07626451333535,98.57422343353092
by_lap_number,fixed_policy,constant_risk_+0.68_zero_pit,n/a,n/a,0.68,30,lap_time_s,49,98.28104427080463,1.092507440777422,97.97633407997375,98.58807747539979
by_lap_number,fixed_policy,constant_risk_+0.68_zero_pit,n/a,n/a,0.68,31,lap_time_s,47,98.76520958167305,1.1778667219332124,98.44407384077743,99.09232919697544
by_lap_number,fixed_policy,constant_risk_+0.68_zero_pit,n/a,n/a,0.68,32,lap_time_s,43,98.58715525335438,1.1861856416962673,98.24980042036417,98.93737843809524
by_lap_number,fixed_policy,constant_risk_+0.68_zero_pit,n/a,n/a,0.68,33,lap_time_s,39,98.94357149581724,0.9821251573001263,98.64025009506645,99.25583284571518
by_lap_number,fixed_policy,constant_risk_+0.68_zero_pit,n/a,n/a,0.68,34,lap_time_s,36,98.89586615509984,1.0820955417721283,98.53874737801391,99.23470202571953
by_lap_number,fixed_policy,constant_risk_+0.68_zero_pit,n/a,n/a,0.68,35,lap_time_s,36,98.97919700722404,1.0724657654071463,98.64521156889836,99.33275920963148
by_lap_number,fixed_policy,constant_risk_+0.68_zero_pit,n/a,n/a,0.68,36,lap_time_s,32,98.98369594763857,1.3364201989695983,98.55227988466457,99.43036914830178
by_lap_number,fixed_policy,constant_risk_+0.68_zero_pit,n/a,n/a,0.68,37,lap_time_s,29,99.48823074554997,0.9538022530028596,99.14729916791707,99.82217579004582
by_lap_number,fixed_policy,constant_risk_+0.68_zero_pit,n/a,n/a,0.68,38,lap_time_s,25,99.62047495842063,1.1557550035553987,99.1784591902029,100.0699897075484
by_lap_number,fixed_policy,constant_risk_+0.68_zero_pit,n/a,n/a,0.68,39,lap_time_s,23,99.6122875532119,1.4386131102134585,99.03151224700274,100.17337079059357
by_lap_number,fixed_policy,constant_risk_+0.68_zero_pit,n/a,n/a,0.68,40,lap_time_s,21,100.29032088445555,1.4092195290726337,99.7031127659564,100.89520735658033
by_lap_number,fixed_policy,constant_risk_+0.68_zero_pit,n/a,n/a,0.68,41,lap_time_s,21,100.30537491764636,1.115368256398116,99.8400604496977,100.77459057661765
by_lap_number,fixed_policy,constant_risk_+0.68_zero_pit,n/a,n/a,0.68,42,lap_time_s,20,100.23279350905732,1.3806556220592678,99.65652279720615,100.8483757231682
by_lap_number,fixed_policy,constant_risk_+0.68_zero_pit,n/a,n/a,0.68,43,lap_time_s,20,100.59949929054342,1.0973665627933384,100.11966938254731,101.072006823639
by_lap_number,fixed_policy,constant_risk_+0.68_zero_pit,n/a,n/a,0.68,44,lap_time_s,20,100.35476850497636,1.491597546099431,99.68030107628188,100.96975189056614
by_lap_number,fixed_policy,constant_risk_+0.68_zero_pit,n/a,n/a,0.68,45,lap_time_s,17,100.64989336243272,1.014599703851238,100.15076785589123,101.08611192009558
by_lap_number,fixed_policy,constant_risk_+0.68_zero_pit,n/a,n/a,0.68,46,lap_time_s,15,100.70922296617124,1.1821721616202703,100.12494544613031,101.27757612812952
by_lap_number,fixed_policy,constant_risk_+0.68_zero_pit,n/a,n/a,0.68,47,lap_time_s,13,101.05029076179656,1.1392941967776544,100.3846633559276,101.61481535417298
by_lap_number,fixed_policy,constant_risk_+0.68_zero_pit,n/a,n/a,0.68,48,lap_time_s,13,101.46580305024646,1.513896258938075,100.65028155756639,102.22342085004053
by_lap_number,fixed_policy,constant_risk_+0.68_zero_pit,n/a,n/a,0.68,49,lap_time_s,13,101.40661445434056,1.0279749488139123,100.86273457612423,101.9123467922176
by_lap_number,fixed_policy,constant_risk_+0.68_zero_pit,n/a,n/a,0.68,50,lap_time_s,11,101.21051096850914,1.7480226116995363,100.20513490002496,102.21319380392171
by_lap_number,fixed_policy,constant_risk_+0.68_zero_pit,n/a,n/a,0.68,51,lap_time_s,10,101.23646725990196,1.5926946528921506,100.32310913146006,102.16635535879782
by_lap_number,fixed_policy,constant_risk_+0.68_zero_pit,n/a,n/a,0.68,52,lap_time_s,8,101.31074960931433,1.3910229293960705,100.44008400578173,102.24854040565113
by_tyre_age,fixed_policy,constant_risk_+0.68_zero_pit,n/a,n/a,0.68,0,lap_time_fuel_adj_s,197,91.36452717512574,1.100610838904487,91.21195397014718,91.5209554170767
by_tyre_age,fixed_policy,constant_risk_+0.68_zero_pit,n/a,n/a,0.68,1,lap_time_fuel_adj_s,193,91.6212209156496,1.250965274719459,91.44763486688645,91.79892191664274
by_tyre_age,fixed_policy,constant_risk_+0.68_zero_pit,n/a,n/a,0.68,2,lap_time_fuel_adj_s,184,91.87206811730938,1.1201275076201227,91.72263205103357,92.02368154481046
by_tyre_age,fixed_policy,constant_risk_+0.68_zero_pit,n/a,n/a,0.68,3,lap_time_fuel_adj_s,175,91.99851763365945,1.2650060066662587,91.81542838869954,92.18801276992511
by_tyre_age,fixed_policy,constant_risk_+0.68_zero_pit,n/a,n/a,0.68,4,lap_time_fuel_adj_s,173,92.1709021745835,1.1856577501750203,92.00574478894272,92.33841260793437
by_tyre_age,fixed_policy,constant_risk_+0.68_zero_pit,n/a,n/a,0.68,5,lap_time_fuel_adj_s,164,92.38463484248884,1.1614848251283456,92.21510472006493,92.55669773563413
by_tyre_age,fixed_policy,constant_risk_+0.68_zero_pit,n/a,n/a,0.68,6,lap_time_fuel_adj_s,160,92.55343736244085,1.206943039097382,92.37458493599115,92.74209957201035
by_tyre_age,fixed_policy,constant_risk_+0.68_zero_pit,n/a,n/a,0.68,7,lap_time_fuel_adj_s,158,92.92409007083786,1.2051448852870437,92.7357260737457,93.10491947027975
by_tyre_age,fixed_policy,constant_risk_+0.68_zero_pit,n/a,n/a,0.68,8,lap_time_fuel_adj_s,156,92.98762982661206,1.2183308570058808,92.8010347909972,93.17175649037267
by_tyre_age,fixed_policy,constant_risk_+0.68_zero_pit,n/a,n/a,0.68,9,lap_time_fuel_adj_s,150,93.40419299988619,1.1880745039305503,93.2166363821458,93.59488144873673
by_tyre_age,fixed_policy,constant_risk_+0.68_zero_pit,n/a,n/a,0.68,10,lap_time_fuel_adj_s,142,93.39188751253847,1.2370932705675266,93.19944065529653,93.59193090024618
by_tyre_age,fixed_policy,constant_risk_+0.68_zero_pit,n/a,n/a,0.68,11,lap_time_fuel_adj_s,132,93.5123442362167,1.1145662384064623,93.3157237896199,93.6957621395883
by_tyre_age,fixed_policy,constant_risk_+0.68_zero_pit,n/a,n/a,0.68,12,lap_time_fuel_adj_s,125,93.9445940680807,1.2228731058533244,93.72684660119293,94.16304104706109
by_tyre_age,fixed_policy,constant_risk_+0.68_zero_pit,n/a,n/a,0.68,13,lap_time_fuel_adj_s,118,94.1616780961505,1.1997212709459453,93.9379330592986,94.37608707275993
by_tyre_age,fixed_policy,constant_risk_+0.68_zero_pit,n/a,n/a,0.68,14,lap_time_fuel_adj_s,112,94.16712768703117,1.18657931651884,93.94950318106723,94.39105863298487
by_tyre_age,fixed_policy,constant_risk_+0.68_zero_pit,n/a,n/a,0.68,15,lap_time_fuel_adj_s,106,94.42353251128466,1.2523175616000775,94.19184799010675,94.65872500025763
by_tyre_age,fixed_policy,constant_risk_+0.68_zero_pit,n/a,n/a,0.68,16,lap_time_fuel_adj_s,104,94.78331094414779,1.3803851145768928,94.52115233621609,95.041310516099
by_tyre_age,fixed_policy,constant_risk_+0.68_zero_pit,n/a,n/a,0.68,17,lap_time_fuel_adj_s,100,95.02901031683261,1.128292002334639,94.79788568164466,95.25451501611555
by_tyre_age,fixed_policy,constant_risk_+0.68_zero_pit,n/a,n/a,0.68,18,lap_time_fuel_adj_s,96,95.11395367043849,1.1167965043523922,94.9018840958052,95.34488458843776
by_tyre_age,fixed_policy,constant_risk_+0.68_zero_pit,n/a,n/a,0.68,19,lap_time_fuel_adj_s,90,95.08721938386479,1.1618099231127574,94.85283875991375,95.33084813534153
by_tyre_age,fixed_policy,constant_risk_+0.68_zero_pit,n/a,n/a,0.68,20,lap_time_fuel_adj_s,86,95.42870292982006,1.190547934262594,95.18365296568781,95.68672211598985
by_tyre_age,fixed_policy,constant_risk_+0.68_zero_pit,n/a,n/a,0.68,21,lap_time_fuel_adj_s,85,95.35892923583299,1.3459447960493773,95.06777727947932,95.63427386913777
by_tyre_age,fixed_policy,constant_risk_+0.68_zero_pit,n/a,n/a,0.68,22,lap_time_fuel_adj_s,81,96.00968783082165,1.2528656639683404,95.73939593128748,96.28762252961275
by_tyre_age,fixed_policy,constant_risk_+0.68_zero_pit,n/a,n/a,0.68,23,lap_time_fuel_adj_s,78,95.68149772426634,1.219701531105713,95.40605456272883,95.93667694383856
by_tyre_age,fixed_policy,constant_risk_+0.68_zero_pit,n/a,n/a,0.68,24,lap_time_fuel_adj_s,74,96.1933294220227,1.060226291959029,95.95503993013145,96.4274281513934
by_tyre_age,fixed_policy,constant_risk_+0.68_zero_pit,n/a,n/a,0.68,25,lap_time_fuel_adj_s,71,96.48622414111588,1.2251932478040521,96.18888768503848,96.77409699253515
by_tyre_age,fixed_policy,constant_risk_+0.68_zero_pit,n/a,n/a,0.68,26,lap_time_fuel_adj_s,68,96.49411591917473,1.3600347965507489,96.1873216115046,96.81935489543608
by_tyre_age,fixed_policy,constant_risk_+0.68_zero_pit,n/a,n/a,0.68,27,lap_time_fuel_adj_s,56,96.97370071686854,1.0038769042528106,96.70561650481078,97.24032276056413
by_tyre_age,fixed_policy,constant_risk_+0.68_zero_pit,n/a,n/a,0.68,28,lap_time_fuel_adj_s,53,97.17661571769173,0.9248319073981014,96.92920929871075,97.41786107576218
by_tyre_age,fixed_policy,constant_risk_+0.68_zero_pit,n/a,n/a,0.68,29,lap_time_fuel_adj_s,49,97.17527504003539,1.092507440777422,96.86524500605519,97.47050431489001
by_tyre_age,fixed_policy,constant_risk_+0.68_zero_pit,n/a,n/a,0.68,30,lap_time_fuel_adj_s,47,97.70751727398073,1.1778667219332124,97.38767472900435,98.03927589700992
by_tyre_age,fixed_policy,constant_risk_+0.68_zero_pit,n/a,n/a,0.68,31,lap_time_fuel_adj_s,43,97.57753986873901,1.1861856416962673,97.22244506198425,97.92590075096393
by_tyre_age,fixed_policy,constant_risk_+0.68_zero_pit,n/a,n/a,0.68,32,lap_time_fuel_adj_s,39,97.98203303427879,0.9821251573001263,97.67054624066736,98.28934237615181
by_tyre_age,fixed_policy,constant_risk_+0.68_zero_pit,n/a,n/a,0.68,33,lap_time_fuel_adj_s,36,97.98240461663833,1.0820955417721283,97.61878190835573,98.33650661557024
by_tyre_age,fixed_policy,constant_risk_+0.68_zero_pit,n/a,n/a,0.68,34,lap_time_fuel_adj_s,36,98.11381239183943,1.0724657654071463,97.77499350897412,98.45963892762221
by_tyre_age,fixed_policy,constant_risk_+0.68_zero_pit,n/a,n/a,0.68,35,lap_time_fuel_adj_s,32,98.16638825533087,1.3364201989695983,97.71794847497077,98.63066146347077
by_tyre_age,fixed_policy,constant_risk_+0.68_zero_pit,n/a,n/a,0.68,36,lap_time_fuel_adj_s,29,98.71899997631922,0.9538022530028597,98.37226409383918,99.05052376853627
by_tyre_age,fixed_policy,constant_risk_+0.68_zero_pit,n/a,n/a,0.68,37,lap_time_fuel_adj_s,25,98.89932111226679,1.1557550035553987,98.4352972478417,99.34506001431427
by_tyre_age,fixed_policy,constant_risk_+0.68_zero_pit,n/a,n/a,0.68,38,lap_time_fuel_adj_s,23,98.93921063013497,1.438613110213459,98.35915413340216,99.4642583771772
by_tyre_age,fixed_policy,constant_risk_+0.68_zero_pit,n/a,n/a,0.68,39,lap_time_fuel_adj_s,21,99.66532088445555,1.4092195290726337,99.08525486815407,100.27551451006035
by_tyre_age,fixed_policy,constant_risk_+0.68_zero_pit,n/a,n/a,0.68,40,lap_time_fuel_adj_s,21,99.72845184072328,1.115368256398116,99.2831457045492,100.18796289012909
by_tyre_age,fixed_policy,constant_risk_+0.68_zero_pit,n/a,n/a,0.68,41,lap_time_fuel_adj_s,20,99.70394735521117,1.3806556220592678,99.14672436688882,100.31086306760237
by_tyre_age,fixed_policy,constant_risk_+0.68_zero_pit,n/a,n/a,0.68,42,lap_time_fuel_adj_s,20,100.11873005977421,1.0973665627933382,99.66685561755726,100.5904386293751
by_tyre_age,fixed_policy,constant_risk_+0.68_zero_pit,n/a,n/a,0.68,43,lap_time_fuel_adj_s,20,99.92207619728404,1.491597546099431,99.27402194667668,100.52537959222907
by_tyre_age,fixed_policy,constant_risk_+0.68_zero_pit,n/a,n/a,0.68,44,lap_time_fuel_adj_s,17,100.26527797781733,1.014599703851238,99.78559155523429,100.71655367628615
by_tyre_age,fixed_policy,constant_risk_+0.68_zero_pit,n/a,n/a,0.68,45,lap_time_fuel_adj_s,15,100.3726845046328,1.1821721616202703,99.80132282852796,100.97791591713695
by_tyre_age,fixed_policy,constant_risk_+0.68_zero_pit,n/a,n/a,0.68,46,lap_time_fuel_adj_s,13,100.76182922333504,1.1392941967776544,100.12349801989059,101.34137252244872
by_tyre_age,fixed_policy,constant_risk_+0.68_zero_pit,n/a,n/a,0.68,47,lap_time_fuel_adj_s,13,101.22541843486185,1.513896258938075,100.40006627798897,101.96001674118774
by_tyre_age,fixed_policy,constant_risk_+0.68_zero_pit,n/a,n/a,0.68,48,lap_time_fuel_adj_s,13,101.21430676203286,1.0279749488139123,100.63322945241012,101.71135100951152
by_tyre_age,fixed_policy,constant_risk_+0.68_zero_pit,n/a,n/a,0.68,49,lap_time_fuel_adj_s,11,101.06628019927835,1.7480226116995363,100.07689137107515,102.001480185296
by_tyre_age,fixed_policy,constant_risk_+0.68_zero_pit,n/a,n/a,0.68,50,lap_time_fuel_adj_s,10,101.14031341374809,1.5926946528921506,100.19357832761226,102.07025597944315
by_tyre_age,fixed_policy,constant_risk_+0.68_zero_pit,n/a,n/a,0.68,51,lap_time_fuel_adj_s,8,101.26267268623742,1.3910229293960705,100.40974540118167,102.18603972255946
by_tyre_age_medium_only,fixed_policy,constant_risk_+0.68_zero_pit,n/a,n/a,0.68,0,lap_time_fuel_adj_s,197,91.36452717512574,1.100610838904487,91.20869581026656,91.51780171408224
by_tyre_age_medium_only,fixed_policy,constant_risk_+0.68_zero_pit,n/a,n/a,0.68,1,lap_time_fuel_adj_s,193,91.6212209156496,1.250965274719459,91.4460584657958,91.8010031321041
by_tyre_age_medium_only,fixed_policy,constant_risk_+0.68_zero_pit,n/a,n/a,0.68,2,lap_time_fuel_adj_s,184,91.87206811730938,1.1201275076201227,91.71809646749686,92.04147971588297
by_tyre_age_medium_only,fixed_policy,constant_risk_+0.68_zero_pit,n/a,n/a,0.68,3,lap_time_fuel_adj_s,175,91.99851763365945,1.2650060066662587,91.81442912659963,92.18848909954322
by_tyre_age_medium_only,fixed_policy,constant_risk_+0.68_zero_pit,n/a,n/a,0.68,4,lap_time_fuel_adj_s,173,92.1709021745835,1.1856577501750203,91.99320766868485,92.34458308427931
by_tyre_age_medium_only,fixed_policy,constant_risk_+0.68_zero_pit,n/a,n/a,0.68,5,lap_time_fuel_adj_s,164,92.38463484248884,1.1614848251283456,92.21056252050106,92.57074731654888
by_tyre_age_medium_only,fixed_policy,constant_risk_+0.68_zero_pit,n/a,n/a,0.68,6,lap_time_fuel_adj_s,160,92.55343736244085,1.206943039097382,92.36773792801763,92.73152908579787
by_tyre_age_medium_only,fixed_policy,constant_risk_+0.68_zero_pit,n/a,n/a,0.68,7,lap_time_fuel_adj_s,158,92.92409007083786,1.2051448852870437,92.74717942642435,93.11712281214756
by_tyre_age_medium_only,fixed_policy,constant_risk_+0.68_zero_pit,n/a,n/a,0.68,8,lap_time_fuel_adj_s,156,92.98762982661206,1.2183308570058808,92.80424607954016,93.1774641748259
by_tyre_age_medium_only,fixed_policy,constant_risk_+0.68_zero_pit,n/a,n/a,0.68,9,lap_time_fuel_adj_s,150,93.40419299988619,1.1880745039305503,93.20671388584476,93.59114067085349
by_tyre_age_medium_only,fixed_policy,constant_risk_+0.68_zero_pit,n/a,n/a,0.68,10,lap_time_fuel_adj_s,142,93.39188751253847,1.2370932705675266,93.19380316176814,93.5978577049114
by_tyre_age_medium_only,fixed_policy,constant_risk_+0.68_zero_pit,n/a,n/a,0.68,11,lap_time_fuel_adj_s,132,93.5123442362167,1.1145662384064623,93.33231947383777,93.69591427311988
by_tyre_age_medium_only,fixed_policy,constant_risk_+0.68_zero_pit,n/a,n/a,0.68,12,lap_time_fuel_adj_s,125,93.9445940680807,1.2228731058533244,93.7378150284561,94.15727277410247
by_tyre_age_medium_only,fixed_policy,constant_risk_+0.68_zero_pit,n/a,n/a,0.68,13,lap_time_fuel_adj_s,118,94.1616780961505,1.1997212709459453,93.94762520317275,94.37312350613288
by_tyre_age_medium_only,fixed_policy,constant_risk_+0.68_zero_pit,n/a,n/a,0.68,14,lap_time_fuel_adj_s,112,94.16712768703117,1.18657931651884,93.95722139558414,94.39356253634534
by_tyre_age_medium_only,fixed_policy,constant_risk_+0.68_zero_pit,n/a,n/a,0.68,15,lap_time_fuel_adj_s,106,94.42353251128466,1.2523175616000775,94.19344186632442,94.65023313337282
by_tyre_age_medium_only,fixed_policy,constant_risk_+0.68_zero_pit,n/a,n/a,0.68,16,lap_time_fuel_adj_s,104,94.78331094414779,1.3803851145768928,94.51255891441492,95.04237817212709
by_tyre_age_medium_only,fixed_policy,constant_risk_+0.68_zero_pit,n/a,n/a,0.68,17,lap_time_fuel_adj_s,100,95.02901031683261,1.128292002334639,94.80642232277889,95.24823503577804
by_tyre_age_medium_only,fixed_policy,constant_risk_+0.68_zero_pit,n/a,n/a,0.68,18,lap_time_fuel_adj_s,96,95.11395367043849,1.1167965043523922,94.89517738653689,95.34728588279562
by_tyre_age_medium_only,fixed_policy,constant_risk_+0.68_zero_pit,n/a,n/a,0.68,19,lap_time_fuel_adj_s,90,95.08721938386479,1.1618099231127574,94.8513718644301,95.33393008998253
by_tyre_age_medium_only,fixed_policy,constant_risk_+0.68_zero_pit,n/a,n/a,0.68,20,lap_time_fuel_adj_s,86,95.42870292982006,1.190547934262594,95.18296901539077,95.67945481342989
by_tyre_age_medium_only,fixed_policy,constant_risk_+0.68_zero_pit,n/a,n/a,0.68,21,lap_time_fuel_adj_s,85,95.35892923583299,1.3459447960493773,95.07316255689507,95.64741349889402
by_tyre_age_medium_only,fixed_policy,constant_risk_+0.68_zero_pit,n/a,n/a,0.68,22,lap_time_fuel_adj_s,81,96.00968783082165,1.2528656639683404,95.74382767819183,96.27906538140454
by_tyre_age_medium_only,fixed_policy,constant_risk_+0.68_zero_pit,n/a,n/a,0.68,23,lap_time_fuel_adj_s,78,95.68149772426634,1.219701531105713,95.41452053761466,95.96301129315732
by_tyre_age_medium_only,fixed_policy,constant_risk_+0.68_zero_pit,n/a,n/a,0.68,24,lap_time_fuel_adj_s,74,96.1933294220227,1.060226291959029,95.94549674929961,96.42985233796688
by_tyre_age_medium_only,fixed_policy,constant_risk_+0.68_zero_pit,n/a,n/a,0.68,25,lap_time_fuel_adj_s,71,96.48622414111588,1.2251932478040521,96.2082354104862,96.7656823780157
by_tyre_age_medium_only,fixed_policy,constant_risk_+0.68_zero_pit,n/a,n/a,0.68,26,lap_time_fuel_adj_s,68,96.49411591917473,1.3600347965507489,96.1984069334499,96.8188480099119
by_tyre_age_medium_only,fixed_policy,constant_risk_+0.68_zero_pit,n/a,n/a,0.68,27,lap_time_fuel_adj_s,56,96.97370071686854,1.0038769042528106,96.7113159915193,97.22144542642717
by_tyre_age_medium_only,fixed_policy,constant_risk_+0.68_zero_pit,n/a,n/a,0.68,28,lap_time_fuel_adj_s,53,97.17661571769173,0.9248319073981014,96.91925583493826,97.43602811051515
by_tyre_age_medium_only,fixed_policy,constant_risk_+0.68_zero_pit,n/a,n/a,0.68,29,lap_time_fuel_adj_s,49,97.17527504003539,1.092507440777422,96.88093066646125,97.45957540856233
by_tyre_age_medium_only,fixed_policy,constant_risk_+0.68_zero_pit,n/a,n/a,0.68,30,lap_time_fuel_adj_s,47,97.70751727398073,1.1778667219332124,97.36739441837959,98.04943995777899
by_tyre_age_medium_only,fixed_policy,constant_risk_+0.68_zero_pit,n/a,n/a,0.68,31,lap_time_fuel_adj_s,43,97.57753986873901,1.1861856416962673,97.22795023091248,97.92659332318561
by_tyre_age_medium_only,fixed_policy,constant_risk_+0.68_zero_pit,n/a,n/a,0.68,32,lap_time_fuel_adj_s,39,97.98203303427879,0.9821251573001263,97.64844112944304,98.29028908267554
by_tyre_age_medium_only,fixed_policy,constant_risk_+0.68_zero_pit,n/a,n/a,0.68,33,lap_time_fuel_adj_s,36,97.98240461663833,1.0820955417721283,97.63472879438936,98.31894054691558
by_tyre_age_medium_only,fixed_policy,constant_risk_+0.68_zero_pit,n/a,n/a,0.68,34,lap_time_fuel_adj_s,36,98.11381239183943,1.0724657654071463,97.73920437917212,98.4412379189158
by_tyre_age_medium_only,fixed_policy,constant_risk_+0.68_zero_pit,n/a,n/a,0.68,35,lap_time_fuel_adj_s,32,98.16638825533087,1.3364201989695983,97.71135446691193,98.6120792648383
by_tyre_age_medium_only,fixed_policy,constant_risk_+0.68_zero_pit,n/a,n/a,0.68,36,lap_time_fuel_adj_s,29,98.71899997631922,0.9538022530028597,98.37383812617789,99.05583309846746
by_tyre_age_medium_only,fixed_policy,constant_risk_+0.68_zero_pit,n/a,n/a,0.68,37,lap_time_fuel_adj_s,25,98.89932111226679,1.1557550035553987,98.46000369573244,99.34713654556965
by_tyre_age_medium_only,fixed_policy,constant_risk_+0.68_zero_pit,n/a,n/a,0.68,38,lap_time_fuel_adj_s,23,98.93921063013497,1.438613110213459,98.34972537345706,99.51412838985468
by_tyre_age_medium_only,fixed_policy,constant_risk_+0.68_zero_pit,n/a,n/a,0.68,39,lap_time_fuel_adj_s,21,99.66532088445555,1.4092195290726337,99.07816400104606,100.23678171206002
by_tyre_age_medium_only,fixed_policy,constant_risk_+0.68_zero_pit,n/a,n/a,0.68,40,lap_time_fuel_adj_s,21,99.72845184072328,1.115368256398116,99.25291987449097,100.19290060290217
by_tyre_age_medium_only,fixed_policy,constant_risk_+0.68_zero_pit,n/a,n/a,0.68,41,lap_time_fuel_adj_s,20,99.70394735521117,1.3806556220592678,99.14264941608633,100.31320259990876
by_tyre_age_medium_only,fixed_policy,constant_risk_+0.68_zero_pit,n/a,n/a,0.68,42,lap_time_fuel_adj_s,20,100.11873005977421,1.0973665627933382,99.67249554018466,100.59703332934167
by_tyre_age_medium_only,fixed_policy,constant_risk_+0.68_zero_pit,n/a,n/a,0.68,43,lap_time_fuel_adj_s,20,99.92207619728404,1.491597546099431,99.2744573098074,100.5447734563968
by_tyre_age_medium_only,fixed_policy,constant_risk_+0.68_zero_pit,n/a,n/a,0.68,44,lap_time_fuel_adj_s,17,100.26527797781733,1.014599703851238,99.77742036709483,100.70559244163674
by_tyre_age_medium_only,fixed_policy,constant_risk_+0.68_zero_pit,n/a,n/a,0.68,45,lap_time_fuel_adj_s,15,100.3726845046328,1.1821721616202703,99.79520015832058,100.96170362736468
by_tyre_age_medium_only,fixed_policy,constant_risk_+0.68_zero_pit,n/a,n/a,0.68,46,lap_time_fuel_adj_s,13,100.76182922333504,1.1392941967776544,100.09430005467308,101.33646367189688
by_tyre_age_medium_only,fixed_policy,constant_risk_+0.68_zero_pit,n/a,n/a,0.68,47,lap_time_fuel_adj_s,13,101.22541843486185,1.513896258938075,100.41580519321097,101.95379261852334
by_tyre_age_medium_only,fixed_policy,constant_risk_+0.68_zero_pit,n/a,n/a,0.68,48,lap_time_fuel_adj_s,13,101.21430676203286,1.0279749488139123,100.67051508545133,101.70315029987341
by_tyre_age_medium_only,fixed_policy,constant_risk_+0.68_zero_pit,n/a,n/a,0.68,49,lap_time_fuel_adj_s,11,101.06628019927835,1.7480226116995363,100.06890813083957,102.03202966170899
by_tyre_age_medium_only,fixed_policy,constant_risk_+0.68_zero_pit,n/a,n/a,0.68,50,lap_time_fuel_adj_s,10,101.14031341374809,1.5926946528921506,100.22953550387949,102.02892308661876
by_tyre_age_medium_only,fixed_policy,constant_risk_+0.68_zero_pit,n/a,n/a,0.68,51,lap_time_fuel_adj_s,8,101.26267268623742,1.3910229293960705,100.37934007867067,102.1861251260924
race_outcome_conditional_finishers,fixed_policy,constant_risk_+0.68_zero_pit,n/a,n/a,0.68,finishers_all,race_time_s,8,5091.3237750952485,6.437640596581537,5087.454357922911,5095.701206516306
race_outcome_conditional_finishers,fixed_policy,constant_risk_+0.68_zero_pit,n/a,n/a,0.68,finishers_all,segment_sum_time_s,8,5091.32377509525,6.437640596579192,5087.4639221305815,5095.802710631897
race_outcome_conditional_finishers,fixed_policy,constant_risk_+0.68_zero_pit,n/a,n/a,0.68,finishers_zero_pit,race_time_s,8,5091.3237750952485,6.437640596581537,5087.63740116112,5095.573608750962
race_outcome_conditional_finishers,fixed_policy,constant_risk_+0.68_zero_pit,n/a,n/a,0.68,finishers_with_pit,race_time_s,0,,,,
all_episode_progress,fixed_policy,constant_risk_+0.68_zero_pit,n/a,n/a,0.68,all_episodes,completed_laps,200,20.24,14.26639583956846,18.254625,22.19025
attrition,fixed_policy,constant_risk_+0.68_zero_pit,n/a,n/a,0.68,all_episodes,crash_rate,200,0.96,0.19645092217681395,0.93,0.985
attrition,fixed_policy,constant_risk_+0.68_zero_pit,n/a,n/a,0.68,all_episodes,catastrophic_rate,200,0.2,0.40100376569366847,0.145,0.26
attrition,fixed_policy,constant_risk_+0.68_zero_pit,n/a,n/a,0.68,all_episodes,finish_rate,200,0.04,0.19645092217681395,0.015,0.065
matched_window_laps5_15_zeropit,fixed_policy,constant_risk_+0.80_zero_pit,n/a,n/a,0.8,laps5-15,lap_time_s,1428,95.02254736408024,1.3000687292121202,94.95340882899455,95.09029983353126
matched_window_laps5_15_zeropit,fixed_policy,constant_risk_+0.80_zero_pit,n/a,n/a,0.8,laps5-15,lap_time_fuel_adj_s,1428,92.92914750413621,1.3643742947828639,92.85783240611605,93.00005647462129
matched_window_laps5_15_zeropit,fixed_policy,constant_risk_+0.80_zero_pit,n/a,n/a,0.8,laps5-15,tyre_age_entry,1428,8.457282913165265,3.1003305040834213,8.303221288515406,8.623967086834734
matched_window_laps5_15_zeropit,fixed_policy,constant_risk_+0.80_zero_pit,n/a,n/a,0.8,laps5-15,mean_risk_in_lap,1428,0.800000011920929,0.0,0.800000011920929,0.800000011920929
matched_window_laps5_15_zeropit,fixed_policy,constant_risk_+0.80_zero_pit,n/a,n/a,0.8,laps5-15,is_medium_compound,1428,1.0,0.0,1.0,1.0
matched_window_laps5_15_nonpitlaps,fixed_policy,constant_risk_+0.80_zero_pit,n/a,n/a,0.8,laps5-15,lap_time_s,1428,95.02254736408024,1.3000687292121202,94.95541989870978,95.08889454231583
by_lap_number,fixed_policy,constant_risk_+0.80_zero_pit,n/a,n/a,0.8,1,lap_time_s,194,93.66292289720582,1.0999917216663748,93.50690704340947,93.82319555625301
by_lap_number,fixed_policy,constant_risk_+0.80_zero_pit,n/a,n/a,0.8,2,lap_time_s,189,93.8458240655243,1.223218478021262,93.68248398126423,94.01722718143012
by_lap_number,fixed_policy,constant_risk_+0.80_zero_pit,n/a,n/a,0.8,3,lap_time_s,177,94.05969386511227,1.1685755380487193,93.8810969436572,94.2286575159751
by_lap_number,fixed_policy,constant_risk_+0.80_zero_pit,n/a,n/a,0.8,4,lap_time_s,170,94.15204135126874,1.251611886306099,93.96550187306148,94.33445325135571
by_lap_number,fixed_policy,constant_risk_+0.80_zero_pit,n/a,n/a,0.8,5,lap_time_s,162,94.26582884348132,1.2027760998333954,94.083702374138,94.45407390041477
by_lap_number,fixed_policy,constant_risk_+0.80_zero_pit,n/a,n/a,0.8,6,lap_time_s,156,94.41936025040934,1.1720326671518202,94.23732279864277,94.60405250192257
by_lap_number,fixed_policy,constant_risk_+0.80_zero_pit,n/a,n/a,0.8,7,lap_time_s,152,94.52720977965447,1.178468109093046,94.35613499182384,94.72299962247901
by_lap_number,fixed_policy,constant_risk_+0.80_zero_pit,n/a,n/a,0.8,8,lap_time_s,146,94.94810945990787,1.2243712627199501,94.75597503823683,95.14844511834845
by_lap_number,fixed_policy,constant_risk_+0.80_zero_pit,n/a,n/a,0.8,9,lap_time_s,139,94.92318833618464,1.14727411942762,94.72695721909875,95.11979246830906
by_lap_number,fixed_policy,constant_risk_+0.80_zero_pit,n/a,n/a,0.8,10,lap_time_s,132,95.31753200979468,1.195888288973087,95.11790390508484,95.52060685000411
by_lap_number,fixed_policy,constant_risk_+0.80_zero_pit,n/a,n/a,0.8,11,lap_time_s,126,95.26674102636474,1.1861516362931668,95.06220388156939,95.46871089176376
by_lap_number,fixed_policy,constant_risk_+0.80_zero_pit,n/a,n/a,0.8,12,lap_time_s,113,95.21365865985013,1.1248675608709748,95.01235327942095,95.41904193993113
by_lap_number,fixed_policy,constant_risk_+0.80_zero_pit,n/a,n/a,0.8,13,lap_time_s,108,95.72994196801112,1.2908619287440195,95.50226846493999,95.97755838071335
by_lap_number,fixed_policy,constant_risk_+0.80_zero_pit,n/a,n/a,0.8,14,lap_time_s,100,95.87857855341537,1.2185922265364961,95.62666796022535,96.12283911024042
by_lap_number,fixed_policy,constant_risk_+0.80_zero_pit,n/a,n/a,0.8,15,lap_time_s,94,95.69650539096133,1.2484374458667846,95.43474677243141,95.93474460620183
by_lap_number,fixed_policy,constant_risk_+0.80_zero_pit,n/a,n/a,0.8,16,lap_time_s,87,96.1850363504525,1.233050188023994,95.9083077148605,96.45345303574427
by_lap_number,fixed_policy,constant_risk_+0.80_zero_pit,n/a,n/a,0.8,17,lap_time_s,84,96.44902821414047,1.4286060300577768,96.12478483722073,96.7461180723236
by_lap_number,fixed_policy,constant_risk_+0.80_zero_pit,n/a,n/a,0.8,18,lap_time_s,78,96.46043505109853,1.0700489836979432,96.22885022958256,96.68960963353443
by_lap_number,fixed_policy,constant_risk_+0.80_zero_pit,n/a,n/a,0.8,19,lap_time_s,74,96.61307437265329,1.09765313006301,96.37295454407835,96.87122549039809
by_lap_number,fixed_policy,constant_risk_+0.80_zero_pit,n/a,n/a,0.8,20,lap_time_s,72,96.49822684972878,1.0888871926350119,96.24820497432646,96.74993333168926
by_lap_number,fixed_policy,constant_risk_+0.80_zero_pit,n/a,n/a,0.8,21,lap_time_s,69,96.80196134392621,1.2334203949289835,96.50272592637621,97.08639884541876
by_lap_number,fixed_policy,constant_risk_+0.80_zero_pit,n/a,n/a,0.8,22,lap_time_s,66,96.74644418526447,1.3531798116336333,96.44754811728359,97.07617301887109
by_lap_number,fixed_policy,constant_risk_+0.80_zero_pit,n/a,n/a,0.8,23,lap_time_s,63,97.15568696551726,1.279896669419627,96.84147014372195,97.46543082656025
by_lap_number,fixed_policy,constant_risk_+0.80_zero_pit,n/a,n/a,0.8,24,lap_time_s,60,96.93188875235701,1.1541660081325442,96.62834424960315,97.20943274546593
by_lap_number,fixed_policy,constant_risk_+0.80_zero_pit,n/a,n/a,0.8,25,lap_time_s,57,97.27325004840438,1.1763937448474107,96.97286355892516,97.57396024608687
by_lap_number,fixed_policy,constant_risk_+0.80_zero_pit,n/a,n/a,0.8,26,lap_time_s,56,97.52166343380163,1.0991410988959782,97.23523968343521,97.78574677687513
by_lap_number,fixed_policy,constant_risk_+0.80_zero_pit,n/a,n/a,0.8,27,lap_time_s,52,97.46065663120211,1.2186326976007111,97.13072225132234,97.77767532838081
by_lap_number,fixed_policy,constant_risk_+0.80_zero_pit,n/a,n/a,0.8,28,lap_time_s,44,97.88827675791762,1.0566680282115124,97.57305992833142,98.20444533170776
by_lap_number,fixed_policy,constant_risk_+0.80_zero_pit,n/a,n/a,0.8,29,lap_time_s,39,98.30156338171258,0.9900071771793951,97.98917005558154,98.60093269085021
by_lap_number,fixed_policy,constant_risk_+0.80_zero_pit,n/a,n/a,0.8,30,lap_time_s,33,98.28344548153167,1.1334305634831985,97.90799399800783,98.66816287299407
by_lap_number,fixed_policy,constant_risk_+0.80_zero_pit,n/a,n/a,0.8,31,lap_time_s,31,98.93882849724042,1.4293117530170958,98.43355592114884,99.4323610845842
by_lap_number,fixed_policy,constant_risk_+0.80_zero_pit,n/a,n/a,0.8,32,lap_time_s,30,98.5654447278102,1.2466208845573048,98.16326826416336,99.04741086331057
by_lap_number,fixed_policy,constant_risk_+0.80_zero_pit,n/a,n/a,0.8,33,lap_time_s,26,98.79574707451437,1.2101670094724648,98.37678157459439,99.24005646136888
by_lap_number,fixed_policy,constant_risk_+0.80_zero_pit,n/a,n/a,0.8,34,lap_time_s,25,98.40025748791899,1.0570455272771733,97.97272153843473,98.7955280550595
by_lap_number,fixed_policy,constant_risk_+0.80_zero_pit,n/a,n/a,0.8,35,lap_time_s,23,98.87072298694677,1.0756530633500188,98.45236170632761,99.29606502009084
by_lap_number,fixed_policy,constant_risk_+0.80_zero_pit,n/a,n/a,0.8,36,lap_time_s,20,98.65664801047988,1.1379960248602154,98.13737243443911,99.11812515497911
by_lap_number,fixed_policy,constant_risk_+0.80_zero_pit,n/a,n/a,0.8,37,lap_time_s,18,99.21573201037944,1.0684271874376836,98.75077095094579,99.69250335178181
by_lap_number,fixed_policy,constant_risk_+0.80_zero_pit,n/a,n/a,0.8,38,lap_time_s,17,99.26428662942185,0.97402456706654,98.77422657167257,99.69464945762849
by_lap_number,fixed_policy,constant_risk_+0.80_zero_pit,n/a,n/a,0.8,39,lap_time_s,15,99.27156427223184,1.3288831191246224,98.56689316384875,99.86128086326681
by_lap_number,fixed_policy,constant_risk_+0.80_zero_pit,n/a,n/a,0.8,40,lap_time_s,14,99.95779431632327,1.1069179255593655,99.45741079899078,100.52289869142604
by_lap_number,fixed_policy,constant_risk_+0.80_zero_pit,n/a,n/a,0.8,41,lap_time_s,14,100.23638090038763,1.0469602674024139,99.69078252602888,100.74919999285962
by_lap_number,fixed_policy,constant_risk_+0.80_zero_pit,n/a,n/a,0.8,42,lap_time_s,12,100.68531779886204,1.407417309131164,99.96040530771211,101.48480924425849
by_lap_number,fixed_policy,constant_risk_+0.80_zero_pit,n/a,n/a,0.8,43,lap_time_s,12,100.43390825138067,1.236541947581567,99.77727383425996,101.09370171030146
by_lap_number,fixed_policy,constant_risk_+0.80_zero_pit,n/a,n/a,0.8,44,lap_time_s,11,100.26984518311559,1.3527198143514714,99.47717024027105,100.97686091435564
by_lap_number,fixed_policy,constant_risk_+0.80_zero_pit,n/a,n/a,0.8,45,lap_time_s,10,100.51842157391654,0.9102782963169425,100.00527903660117,101.04769499506739
by_lap_number,fixed_policy,constant_risk_+0.80_zero_pit,n/a,n/a,0.8,46,lap_time_s,10,99.80893244426704,0.9986260839651259,99.25793939045722,100.38799245377841
by_lap_number,fixed_policy,constant_risk_+0.80_zero_pit,n/a,n/a,0.8,47,lap_time_s,10,101.05532908732582,0.7439793010995441,100.57710003747127,101.50238293005049
by_lap_number,fixed_policy,constant_risk_+0.80_zero_pit,n/a,n/a,0.8,48,lap_time_s,10,101.93370996370975,1.2791923637982605,101.21618670646312,102.69948964823978
by_lap_number,fixed_policy,constant_risk_+0.80_zero_pit,n/a,n/a,0.8,49,lap_time_s,10,101.08211957411007,1.0476632401637778,100.47094701916178,101.69909210993804
by_lap_number,fixed_policy,constant_risk_+0.80_zero_pit,n/a,n/a,0.8,50,lap_time_s,7,100.54245124171418,1.8256070336524652,99.22280419568813,101.72468718591139
by_lap_number,fixed_policy,constant_risk_+0.80_zero_pit,n/a,n/a,0.8,51,lap_time_s,7,101.81303476934603,1.052759419680669,101.11379666720087,102.52736036324507
by_lap_number,fixed_policy,constant_risk_+0.80_zero_pit,n/a,n/a,0.8,52,lap_time_s,5,101.38992295962755,1.3998526164194443,100.2387113840712,102.50192474119638
by_tyre_age,fixed_policy,constant_risk_+0.80_zero_pit,n/a,n/a,0.8,0,lap_time_fuel_adj_s,194,91.16292289720582,1.0999917216663748,91.00657360588689,91.3161308487379
by_tyre_age,fixed_policy,constant_risk_+0.80_zero_pit,n/a,n/a,0.8,1,lap_time_fuel_adj_s,189,91.3939009886012,1.2232184780212618,91.21437591622906,91.57151543695853
by_tyre_age,fixed_policy,constant_risk_+0.80_zero_pit,n/a,n/a,0.8,2,lap_time_fuel_adj_s,177,91.65584771126612,1.1685755380487193,91.48104909731413,91.83553019555724
by_tyre_age,fixed_policy,constant_risk_+0.80_zero_pit,n/a,n/a,0.8,3,lap_time_fuel_adj_s,170,91.79627212049952,1.251611886306099,91.60500116302731,91.98398266813824
by_tyre_age,fixed_policy,constant_risk_+0.80_zero_pit,n/a,n/a,0.8,4,lap_time_fuel_adj_s,162,91.95813653578901,1.2027760998333954,91.76827579662385,92.13371318806493
by_tyre_age,fixed_policy,constant_risk_+0.80_zero_pit,n/a,n/a,0.8,5,lap_time_fuel_adj_s,156,92.15974486579395,1.1720326671518202,91.97125909561045,92.3438891356829
by_tyre_age,fixed_policy,constant_risk_+0.80_zero_pit,n/a,n/a,0.8,6,lap_time_fuel_adj_s,152,92.315671318116,1.178468109093046,92.13298028513601,92.49791946134143
by_tyre_age,fixed_policy,constant_risk_+0.80_zero_pit,n/a,n/a,0.8,7,lap_time_fuel_adj_s,146,92.78464792144632,1.2243712627199501,92.58784771438181,92.98004703987215
by_tyre_age,fixed_policy,constant_risk_+0.80_zero_pit,n/a,n/a,0.8,8,lap_time_fuel_adj_s,139,92.80780372080002,1.14727411942762,92.6197671994906,92.99884281235624
by_tyre_age,fixed_policy,constant_risk_+0.80_zero_pit,n/a,n/a,0.8,9,lap_time_fuel_adj_s,132,93.25022431748698,1.195888288973087,93.05510042781329,93.45465638155108
by_tyre_age,fixed_policy,constant_risk_+0.80_zero_pit,n/a,n/a,0.8,10,lap_time_fuel_adj_s,126,93.24751025713397,1.1861516362931668,93.04018452869127,93.46119351185796
by_tyre_age,fixed_policy,constant_risk_+0.80_zero_pit,n/a,n/a,0.8,11,lap_time_fuel_adj_s,113,93.24250481369631,1.1248675608709748,93.0377968779838,93.45137084703532
by_tyre_age,fixed_policy,constant_risk_+0.80_zero_pit,n/a,n/a,0.8,12,lap_time_fuel_adj_s,108,93.80686504493418,1.2908619287440197,93.56613089691689,94.05096323658715
by_tyre_age,fixed_policy,constant_risk_+0.80_zero_pit,n/a,n/a,0.8,13,lap_time_fuel_adj_s,100,94.00357855341537,1.2185922265364961,93.77491645722391,94.23567354364538
by_tyre_age,fixed_policy,constant_risk_+0.80_zero_pit,n/a,n/a,0.8,14,lap_time_fuel_adj_s,94,93.86958231403825,1.2484374458667846,93.62221987688282,94.12644141594886
by_tyre_age,fixed_policy,constant_risk_+0.80_zero_pit,n/a,n/a,0.8,15,lap_time_fuel_adj_s,87,94.40619019660637,1.233050188023994,94.1515198455947,94.66163689964775
by_tyre_age,fixed_policy,constant_risk_+0.80_zero_pit,n/a,n/a,0.8,16,lap_time_fuel_adj_s,84,94.71825898337123,1.4286060300577768,94.40545818898063,95.03227772971067
by_tyre_age,fixed_policy,constant_risk_+0.80_zero_pit,n/a,n/a,0.8,17,lap_time_fuel_adj_s,78,94.77774274340622,1.0700489836979432,94.54586148241279,95.00987275231851
by_tyre_age,fixed_policy,constant_risk_+0.80_zero_pit,n/a,n/a,0.8,18,lap_time_fuel_adj_s,74,94.97845898803791,1.09765313006301,94.73205795866879,95.22530084443734
by_tyre_age,fixed_policy,constant_risk_+0.80_zero_pit,n/a,n/a,0.8,19,lap_time_fuel_adj_s,72,94.91168838819034,1.0888871926350119,94.658211159385,95.15456393252215
by_tyre_age,fixed_policy,constant_risk_+0.80_zero_pit,n/a,n/a,0.8,20,lap_time_fuel_adj_s,69,95.26349980546468,1.2334203949289835,94.9824657219698,95.55266792450975
by_tyre_age,fixed_policy,constant_risk_+0.80_zero_pit,n/a,n/a,0.8,21,lap_time_fuel_adj_s,66,95.25605956987985,1.3531798116336333,94.91707708418505,95.57522555717694
by_tyre_age,fixed_policy,constant_risk_+0.80_zero_pit,n/a,n/a,0.8,22,lap_time_fuel_adj_s,63,95.71337927320957,1.279896669419627,95.43674554712852,96.04155522836312
by_tyre_age,fixed_policy,constant_risk_+0.80_zero_pit,n/a,n/a,0.8,23,lap_time_fuel_adj_s,60,95.53765798312625,1.1541660081325442,95.25279267061853,95.8131711496001
by_tyre_age,fixed_policy,constant_risk_+0.80_zero_pit,n/a,n/a,0.8,24,lap_time_fuel_adj_s,57,95.92709620225054,1.1763937448474107,95.63748060500126,96.22200397432445
by_tyre_age,fixed_policy,constant_risk_+0.80_zero_pit,n/a,n/a,0.8,25,lap_time_fuel_adj_s,56,96.2235865107247,1.0991410988959782,95.9463852359505,96.49384139770414
by_tyre_age,fixed_policy,constant_risk_+0.80_zero_pit,n/a,n/a,0.8,26,lap_time_fuel_adj_s,52,96.21065663120211,1.2186326976007111,95.88737697536799,96.53234928149602
by_tyre_age,fixed_policy,constant_risk_+0.80_zero_pit,n/a,n/a,0.8,27,lap_time_fuel_adj_s,44,96.6863536809945,1.0566680282115124,96.36965357611443,96.98179949863405
by_tyre_age,fixed_policy,constant_risk_+0.80_zero_pit,n/a,n/a,0.8,28,lap_time_fuel_adj_s,39,97.14771722786645,0.9900071771793951,96.84389238151309,97.43893109764728
by_tyre_age,fixed_policy,constant_risk_+0.80_zero_pit,n/a,n/a,0.8,29,lap_time_fuel_adj_s,33,97.17767625076243,1.1334305634831985,96.80481776926004,97.54485978259235
by_tyre_age,fixed_policy,constant_risk_+0.80_zero_pit,n/a,n/a,0.8,30,lap_time_fuel_adj_s,31,97.88113618954812,1.4293117530170958,97.34829065400228,98.37536849853201
by_tyre_age,fixed_policy,constant_risk_+0.80_zero_pit,n/a,n/a,0.8,31,lap_time_fuel_adj_s,30,97.55582934319483,1.246620884557305,97.13844287203477,97.99206391673373
by_tyre_age,fixed_policy,constant_risk_+0.80_zero_pit,n/a,n/a,0.8,32,lap_time_fuel_adj_s,26,97.83420861297591,1.2101670094724648,97.36372947904617,98.2915553075488
by_tyre_age,fixed_policy,constant_risk_+0.80_zero_pit,n/a,n/a,0.8,33,lap_time_fuel_adj_s,25,97.48679594945746,1.0570455272771733,97.05717401083433,97.89579486301545
by_tyre_age,fixed_policy,constant_risk_+0.80_zero_pit,n/a,n/a,0.8,34,lap_time_fuel_adj_s,23,98.00533837156219,1.0756530633500188,97.58046214344199,98.43844137586063
by_tyre_age,fixed_policy,constant_risk_+0.80_zero_pit,n/a,n/a,0.8,35,lap_time_fuel_adj_s,20,97.83934031817216,1.1379960248602154,97.34486800189943,98.31779972689347
by_tyre_age,fixed_policy,constant_risk_+0.80_zero_pit,n/a,n/a,0.8,36,lap_time_fuel_adj_s,18,98.44650124114867,1.0684271874376836,97.97059657115955,98.93328813685493
by_tyre_age,fixed_policy,constant_risk_+0.80_zero_pit,n/a,n/a,0.8,37,lap_time_fuel_adj_s,17,98.543132783268,0.97402456706654,98.08056282049708,98.952198435202
by_tyre_age,fixed_policy,constant_risk_+0.80_zero_pit,n/a,n/a,0.8,38,lap_time_fuel_adj_s,15,98.59848734915491,1.3288831191246222,97.88336590131368,99.19862415365256
by_tyre_age,fixed_policy,constant_risk_+0.80_zero_pit,n/a,n/a,0.8,39,lap_time_fuel_adj_s,14,99.33279431632327,1.1069179255593655,98.7831905540673,99.90726768685037
by_tyre_age,fixed_policy,constant_risk_+0.80_zero_pit,n/a,n/a,0.8,40,lap_time_fuel_adj_s,14,99.65945782346455,1.0469602674024139,99.12249555950811,100.19368356052183
by_tyre_age,fixed_policy,constant_risk_+0.80_zero_pit,n/a,n/a,0.8,41,lap_time_fuel_adj_s,12,100.15647164501588,1.407417309131164,99.44316786429968,100.90696795717312
by_tyre_age,fixed_policy,constant_risk_+0.80_zero_pit,n/a,n/a,0.8,42,lap_time_fuel_adj_s,12,99.95313902061145,1.236541947581567,99.30508863630664,100.62704713937454
by_tyre_age,fixed_policy,constant_risk_+0.80_zero_pit,n/a,n/a,0.8,43,lap_time_fuel_adj_s,11,99.83715287542329,1.3527198143514714,99.0395712426357,100.52185973671989
by_tyre_age,fixed_policy,constant_risk_+0.80_zero_pit,n/a,n/a,0.8,44,lap_time_fuel_adj_s,10,100.13380618930117,0.9102782963169425,99.63001778255244,100.71173884869995
by_tyre_age,fixed_policy,constant_risk_+0.80_zero_pit,n/a,n/a,0.8,45,lap_time_fuel_adj_s,10,99.47239398272859,0.9986260839651259,98.91454333947446,100.04983415615635
by_tyre_age,fixed_policy,constant_risk_+0.80_zero_pit,n/a,n/a,0.8,46,lap_time_fuel_adj_s,10,100.76686754886428,0.7439793010995441,100.3378613419448,101.1967586407196
by_tyre_age,fixed_policy,constant_risk_+0.80_zero_pit,n/a,n/a,0.8,47,lap_time_fuel_adj_s,10,101.69332534832515,1.2791923637982603,100.93005530621213,102.45821646998567
by_tyre_age,fixed_policy,constant_risk_+0.80_zero_pit,n/a,n/a,0.8,48,lap_time_fuel_adj_s,10,100.88981188180237,1.0476632401637778,100.29442552982478,101.48179785050912
by_tyre_age,fixed_policy,constant_risk_+0.80_zero_pit,n/a,n/a,0.8,49,lap_time_fuel_adj_s,7,100.39822047248342,1.8256070336524652,99.02938954104391,101.59220986214734
by_tyre_age,fixed_policy,constant_risk_+0.80_zero_pit,n/a,n/a,0.8,50,lap_time_fuel_adj_s,7,101.71688092319219,1.052759419680669,101.01719413918822,102.45984795224425
by_tyre_age,fixed_policy,constant_risk_+0.80_zero_pit,n/a,n/a,0.8,51,lap_time_fuel_adj_s,5,101.34184603655062,1.3998526164194443,100.21242650724261,102.45384781811947
by_tyre_age_medium_only,fixed_policy,constant_risk_+0.80_zero_pit,n/a,n/a,0.8,0,lap_time_fuel_adj_s,194,91.16292289720582,1.0999917216663748,91.01609551652166,91.31189352806989
by_tyre_age_medium_only,fixed_policy,constant_risk_+0.80_zero_pit,n/a,n/a,0.8,1,lap_time_fuel_adj_s,189,91.3939009886012,1.2232184780212618,91.2193143569409,91.56143753620252
by_tyre_age_medium_only,fixed_policy,constant_risk_+0.80_zero_pit,n/a,n/a,0.8,2,lap_time_fuel_adj_s,177,91.65584771126612,1.1685755380487193,91.48104899272964,91.8327790075625
by_tyre_age_medium_only,fixed_policy,constant_risk_+0.80_zero_pit,n/a,n/a,0.8,3,lap_time_fuel_adj_s,170,91.79627212049952,1.251611886306099,91.61448479879688,91.96932474624806
by_tyre_age_medium_only,fixed_policy,constant_risk_+0.80_zero_pit,n/a,n/a,0.8,4,lap_time_fuel_adj_s,162,91.95813653578901,1.2027760998333954,91.77253817751392,92.13279280021288
by_tyre_age_medium_only,fixed_policy,constant_risk_+0.80_zero_pit,n/a,n/a,0.8,5,lap_time_fuel_adj_s,156,92.15974486579395,1.1720326671518202,91.98453067441508,92.3435856194866
by_tyre_age_medium_only,fixed_policy,constant_risk_+0.80_zero_pit,n/a,n/a,0.8,6,lap_time_fuel_adj_s,152,92.315671318116,1.178468109093046,92.12910075337363,92.5083459459036
by_tyre_age_medium_only,fixed_policy,constant_risk_+0.80_zero_pit,n/a,n/a,0.8,7,lap_time_fuel_adj_s,146,92.78464792144632,1.2243712627199501,92.58326330206896,92.9832731824993
by_tyre_age_medium_only,fixed_policy,constant_risk_+0.80_zero_pit,n/a,n/a,0.8,8,lap_time_fuel_adj_s,139,92.80780372080002,1.14727411942762,92.62057463172371,92.99908864243974
by_tyre_age_medium_only,fixed_policy,constant_risk_+0.80_zero_pit,n/a,n/a,0.8,9,lap_time_fuel_adj_s,132,93.25022431748698,1.195888288973087,93.04060080569556,93.45503403732933
by_tyre_age_medium_only,fixed_policy,constant_risk_+0.80_zero_pit,n/a,n/a,0.8,10,lap_time_fuel_adj_s,126,93.24751025713397,1.1861516362931668,93.04073818471258,93.45870170153356
by_tyre_age_medium_only,fixed_policy,constant_risk_+0.80_zero_pit,n/a,n/a,0.8,11,lap_time_fuel_adj_s,113,93.24250481369631,1.1248675608709748,93.04532118439916,93.45370883124528
by_tyre_age_medium_only,fixed_policy,constant_risk_+0.80_zero_pit,n/a,n/a,0.8,12,lap_time_fuel_adj_s,108,93.80686504493418,1.2908619287440197,93.56684137597628,94.04568442096021
by_tyre_age_medium_only,fixed_policy,constant_risk_+0.80_zero_pit,n/a,n/a,0.8,13,lap_time_fuel_adj_s,100,94.00357855341537,1.2185922265364961,93.77228170481261,94.24508368094727
by_tyre_age_medium_only,fixed_policy,constant_risk_+0.80_zero_pit,n/a,n/a,0.8,14,lap_time_fuel_adj_s,94,93.86958231403825,1.2484374458667846,93.62899093006962,94.11418985826812
by_tyre_age_medium_only,fixed_policy,constant_risk_+0.80_zero_pit,n/a,n/a,0.8,15,lap_time_fuel_adj_s,87,94.40619019660637,1.233050188023994,94.1421166147672,94.6658761764527
by_tyre_age_medium_only,fixed_policy,constant_risk_+0.80_zero_pit,n/a,n/a,0.8,16,lap_time_fuel_adj_s,84,94.71825898337123,1.4286060300577768,94.39685667119012,95.03105224415054
by_tyre_age_medium_only,fixed_policy,constant_risk_+0.80_zero_pit,n/a,n/a,0.8,17,lap_time_fuel_adj_s,78,94.77774274340622,1.0700489836979432,94.54406649328295,95.01048570784187
by_tyre_age_medium_only,fixed_policy,constant_risk_+0.80_zero_pit,n/a,n/a,0.8,18,lap_time_fuel_adj_s,74,94.97845898803791,1.09765313006301,94.73998523072162,95.23553635868356
by_tyre_age_medium_only,fixed_policy,constant_risk_+0.80_zero_pit,n/a,n/a,0.8,19,lap_time_fuel_adj_s,72,94.91168838819034,1.0888871926350119,94.67055844989612,95.16093521746043
by_tyre_age_medium_only,fixed_policy,constant_risk_+0.80_zero_pit,n/a,n/a,0.8,20,lap_time_fuel_adj_s,69,95.26349980546468,1.2334203949289835,94.97004227316026,95.54494324557892
by_tyre_age_medium_only,fixed_policy,constant_risk_+0.80_zero_pit,n/a,n/a,0.8,21,lap_time_fuel_adj_s,66,95.25605956987985,1.3531798116336333,94.92699792349988,95.56581839753359
by_tyre_age_medium_only,fixed_policy,constant_risk_+0.80_zero_pit,n/a,n/a,0.8,22,lap_time_fuel_adj_s,63,95.71337927320957,1.279896669419627,95.38854199717034,96.04132192288691
by_tyre_age_medium_only,fixed_policy,constant_risk_+0.80_zero_pit,n/a,n/a,0.8,23,lap_time_fuel_adj_s,60,95.53765798312625,1.1541660081325442,95.24281752527956,95.81884443391634
by_tyre_age_medium_only,fixed_policy,constant_risk_+0.80_zero_pit,n/a,n/a,0.8,24,lap_time_fuel_adj_s,57,95.92709620225054,1.1763937448474107,95.63838467389303,96.22018370655809
by_tyre_age_medium_only,fixed_policy,constant_risk_+0.80_zero_pit,n/a,n/a,0.8,25,lap_time_fuel_adj_s,56,96.2235865107247,1.0991410988959782,95.9415639351121,96.509072668142
by_tyre_age_medium_only,fixed_policy,constant_risk_+0.80_zero_pit,n/a,n/a,0.8,26,lap_time_fuel_adj_s,52,96.21065663120211,1.2186326976007111,95.87688078944932,96.53531228837898
by_tyre_age_medium_only,fixed_policy,constant_risk_+0.80_zero_pit,n/a,n/a,0.8,27,lap_time_fuel_adj_s,44,96.6863536809945,1.0566680282115124,96.38688360270221,97.0230710594983
by_tyre_age_medium_only,fixed_policy,constant_risk_+0.80_zero_pit,n/a,n/a,0.8,28,lap_time_fuel_adj_s,39,97.14771722786645,0.9900071771793951,96.8300335856113,97.45982505079455
by_tyre_age_medium_only,fixed_policy,constant_risk_+0.80_zero_pit,n/a,n/a,0.8,29,lap_time_fuel_adj_s,33,97.17767625076243,1.1334305634831985,96.78750829211873,97.56556413641586
by_tyre_age_medium_only,fixed_policy,constant_risk_+0.80_zero_pit,n/a,n/a,0.8,30,lap_time_fuel_adj_s,31,97.88113618954812,1.4293117530170958,97.38665201530169,98.38484658984515
by_tyre_age_medium_only,fixed_policy,constant_risk_+0.80_zero_pit,n/a,n/a,0.8,31,lap_time_fuel_adj_s,30,97.55582934319483,1.246620884557305,97.15747533680981,98.02696499837003
by_tyre_age_medium_only,fixed_policy,constant_risk_+0.80_zero_pit,n/a,n/a,0.8,32,lap_time_fuel_adj_s,26,97.83420861297591,1.2101670094724648,97.3900058613829,98.27931500072467
by_tyre_age_medium_only,fixed_policy,constant_risk_+0.80_zero_pit,n/a,n/a,0.8,33,lap_time_fuel_adj_s,25,97.48679594945746,1.0570455272771733,97.06965526466074,97.88963190978204
by_tyre_age_medium_only,fixed_policy,constant_risk_+0.80_zero_pit,n/a,n/a,0.8,34,lap_time_fuel_adj_s,23,98.00533837156219,1.0756530633500188,97.58754775643266,98.42722458579937
by_tyre_age_medium_only,fixed_policy,constant_risk_+0.80_zero_pit,n/a,n/a,0.8,35,lap_time_fuel_adj_s,20,97.83934031817216,1.1379960248602154,97.33574921750032,98.31521411330513
by_tyre_age_medium_only,fixed_policy,constant_risk_+0.80_zero_pit,n/a,n/a,0.8,36,lap_time_fuel_adj_s,18,98.44650124114867,1.0684271874376836,97.97470470688532,98.9464322629761
by_tyre_age_medium_only,fixed_policy,constant_risk_+0.80_zero_pit,n/a,n/a,0.8,37,lap_time_fuel_adj_s,17,98.543132783268,0.97402456706654,98.0772338994988,98.9660042409489
by_tyre_age_medium_only,fixed_policy,constant_risk_+0.80_zero_pit,n/a,n/a,0.8,38,lap_time_fuel_adj_s,15,98.59848734915491,1.3288831191246222,97.92490191656582,99.20369884698505
by_tyre_age_medium_only,fixed_policy,constant_risk_+0.80_zero_pit,n/a,n/a,0.8,39,lap_time_fuel_adj_s,14,99.33279431632327,1.1069179255593655,98.81082991522456,99.93496400924894
by_tyre_age_medium_only,fixed_policy,constant_risk_+0.80_zero_pit,n/a,n/a,0.8,40,lap_time_fuel_adj_s,14,99.65945782346455,1.0469602674024139,99.15199669484176,100.20532274780841
by_tyre_age_medium_only,fixed_policy,constant_risk_+0.80_zero_pit,n/a,n/a,0.8,41,lap_time_fuel_adj_s,12,100.15647164501588,1.407417309131164,99.4335311735845,100.93881563349704
by_tyre_age_medium_only,fixed_policy,constant_risk_+0.80_zero_pit,n/a,n/a,0.8,42,lap_time_fuel_adj_s,12,99.95313902061145,1.236541947581567,99.30894076643347,100.64608773452387
by_tyre_age_medium_only,fixed_policy,constant_risk_+0.80_zero_pit,n/a,n/a,0.8,43,lap_time_fuel_adj_s,11,99.83715287542329,1.3527198143514714,98.99149435252772,100.52774262411246
by_tyre_age_medium_only,fixed_policy,constant_risk_+0.80_zero_pit,n/a,n/a,0.8,44,lap_time_fuel_adj_s,10,100.13380618930117,0.9102782963169425,99.6237300127606,100.69539169355103
by_tyre_age_medium_only,fixed_policy,constant_risk_+0.80_zero_pit,n/a,n/a,0.8,45,lap_time_fuel_adj_s,10,99.47239398272859,0.9986260839651259,98.9182768025824,100.11088201098032
by_tyre_age_medium_only,fixed_policy,constant_risk_+0.80_zero_pit,n/a,n/a,0.8,46,lap_time_fuel_adj_s,10,100.76686754886428,0.7439793010995441,100.3142977618696,101.19237291413582
by_tyre_age_medium_only,fixed_policy,constant_risk_+0.80_zero_pit,n/a,n/a,0.8,47,lap_time_fuel_adj_s,10,101.69332534832515,1.2791923637982603,100.92868215020103,102.45407691644735
by_tyre_age_medium_only,fixed_policy,constant_risk_+0.80_zero_pit,n/a,n/a,0.8,48,lap_time_fuel_adj_s,10,100.88981188180237,1.0476632401637778,100.27410235786991,101.47115463446485
by_tyre_age_medium_only,fixed_policy,constant_risk_+0.80_zero_pit,n/a,n/a,0.8,49,lap_time_fuel_adj_s,7,100.39822047248342,1.8256070336524652,99.03512306840922,101.57343779359556
by_tyre_age_medium_only,fixed_policy,constant_risk_+0.80_zero_pit,n/a,n/a,0.8,50,lap_time_fuel_adj_s,7,101.71688092319219,1.052759419680669,101.02063133982674,102.44784339953475
by_tyre_age_medium_only,fixed_policy,constant_risk_+0.80_zero_pit,n/a,n/a,0.8,51,lap_time_fuel_adj_s,5,101.34184603655062,1.3998526164194443,100.19063446099426,102.2920592329431
race_outcome_conditional_finishers,fixed_policy,constant_risk_+0.80_zero_pit,n/a,n/a,0.8,finishers_all,race_time_s,5,5081.03448595452,8.683734689534122,5075.630451157483,5088.905961949382
race_outcome_conditional_finishers,fixed_policy,constant_risk_+0.80_zero_pit,n/a,n/a,0.8,finishers_all,segment_sum_time_s,5,5081.03448595452,8.68373468953579,5075.630451157483,5088.90082881992
race_outcome_conditional_finishers,fixed_policy,constant_risk_+0.80_zero_pit,n/a,n/a,0.8,finishers_zero_pit,race_time_s,5,5081.03448595452,8.683734689534122,5075.681618275504,5088.848349724509
race_outcome_conditional_finishers,fixed_policy,constant_risk_+0.80_zero_pit,n/a,n/a,0.8,finishers_with_pit,race_time_s,0,,,,
all_episode_progress,fixed_policy,constant_risk_+0.80_zero_pit,n/a,n/a,0.8,all_episodes,completed_laps,200,17.145,13.330886605490356,15.33425,18.945125
attrition,fixed_policy,constant_risk_+0.80_zero_pit,n/a,n/a,0.8,all_episodes,crash_rate,200,0.975,0.1565167321316987,0.95,0.995
attrition,fixed_policy,constant_risk_+0.80_zero_pit,n/a,n/a,0.8,all_episodes,catastrophic_rate,200,0.2,0.40100376569366847,0.15,0.26
attrition,fixed_policy,constant_risk_+0.80_zero_pit,n/a,n/a,0.8,all_episodes,finish_rate,200,0.025,0.1565167321316987,0.005,0.05
matched_window_laps5_15_zeropit,fixed_policy,constant_risk_-0.50_zero_pit,n/a,n/a,-0.5,laps5-15,lap_time_s,1908,96.90008102846798,1.2763226317513414,96.8443925938254,96.95685396093161
matched_window_laps5_15_zeropit,fixed_policy,constant_risk_-0.50_zero_pit,n/a,n/a,-0.5,laps5-15,lap_time_fuel_adj_s,1908,94.82259352645217,1.3400910591128385,94.76183222061049,94.88166784697371
matched_window_laps5_15_zeropit,fixed_policy,constant_risk_-0.50_zero_pit,n/a,n/a,-0.5,laps5-15,tyre_age_entry,1908,8.78825995807128,3.1443556961852397,8.648296645702306,8.931354821802936
matched_window_laps5_15_zeropit,fixed_policy,constant_risk_-0.50_zero_pit,n/a,n/a,-0.5,laps5-15,mean_risk_in_lap,1908,-0.5,0.0,-0.5,-0.5
matched_window_laps5_15_zeropit,fixed_policy,constant_risk_-0.50_zero_pit,n/a,n/a,-0.5,laps5-15,is_medium_compound,1908,1.0,0.0,1.0,1.0
matched_window_laps5_15_nonpitlaps,fixed_policy,constant_risk_-0.50_zero_pit,n/a,n/a,-0.5,laps5-15,lap_time_s,1908,96.90008102846798,1.2763226317513414,96.83949193200435,96.9577431878248
by_lap_number,fixed_policy,constant_risk_-0.50_zero_pit,n/a,n/a,-0.5,1,lap_time_s,198,95.53420220787633,1.032150516676578,95.38664463260774,95.67238245577764
by_lap_number,fixed_policy,constant_risk_-0.50_zero_pit,n/a,n/a,-0.5,2,lap_time_s,197,95.67773644786872,1.1692608837998881,95.51667314966518,95.84069179293837
by_lap_number,fixed_policy,constant_risk_-0.50_zero_pit,n/a,n/a,-0.5,3,lap_time_s,194,95.85715209327876,1.1401287564359146,95.69537277956452,96.02407026370237
by_lap_number,fixed_policy,constant_risk_-0.50_zero_pit,n/a,n/a,-0.5,4,lap_time_s,192,95.95036703287444,1.2173062414505822,95.78399412144182,96.1226260734984
by_lap_number,fixed_policy,constant_risk_-0.50_zero_pit,n/a,n/a,-0.5,5,lap_time_s,190,96.18804935261575,1.1012428558048406,96.02874847220305,96.3384012124356
by_lap_number,fixed_policy,constant_risk_-0.50_zero_pit,n/a,n/a,-0.5,6,lap_time_s,187,96.2778880361649,1.2322929652010592,96.099376971137,96.44995103442507
by_lap_number,fixed_policy,constant_risk_-0.50_zero_pit,n/a,n/a,-0.5,7,lap_time_s,184,96.52989757704623,1.286297471306241,96.35053896658238,96.71706007389955
by_lap_number,fixed_policy,constant_risk_-0.50_zero_pit,n/a,n/a,-0.5,8,lap_time_s,181,96.66872695972259,1.2441474513805717,96.49454392819634,96.84974211347271
by_lap_number,fixed_policy,constant_risk_-0.50_zero_pit,n/a,n/a,-0.5,9,lap_time_s,179,96.69254322845245,1.1324751973594682,96.5176492752365,96.84739505844983
by_lap_number,fixed_policy,constant_risk_-0.50_zero_pit,n/a,n/a,-0.5,10,lap_time_s,176,97.01178926108258,1.1158755483724745,96.83593460926384,97.1753334694483
by_lap_number,fixed_policy,constant_risk_-0.50_zero_pit,n/a,n/a,-0.5,11,lap_time_s,171,96.95793730434971,1.2141304391681782,96.77565566761436,97.13998439361498
by_lap_number,fixed_policy,constant_risk_-0.50_zero_pit,n/a,n/a,-0.5,12,lap_time_s,166,97.2292771333116,1.1658599601165098,97.05394846098973,97.40896329204888
by_lap_number,fixed_policy,constant_risk_-0.50_zero_pit,n/a,n/a,-0.5,13,lap_time_s,164,97.48150102442315,1.2247243569581157,97.30258853831596,97.66886050960727
by_lap_number,fixed_policy,constant_risk_-0.50_zero_pit,n/a,n/a,-0.5,14,lap_time_s,158,97.61309814010275,1.060424031521962,97.44912528996197,97.77920596844172
by_lap_number,fixed_policy,constant_risk_-0.50_zero_pit,n/a,n/a,-0.5,15,lap_time_s,152,97.60116002310588,1.2308669838326074,97.40936788140884,97.8029188629432
by_lap_number,fixed_policy,constant_risk_-0.50_zero_pit,n/a,n/a,-0.5,16,lap_time_s,146,97.85824094991844,1.2597731200034938,97.65956578750533,98.05456681753391
by_lap_number,fixed_policy,constant_risk_-0.50_zero_pit,n/a,n/a,-0.5,17,lap_time_s,142,98.0396119060089,1.1719577497610139,97.84281471321414,98.24080006104045
by_lap_number,fixed_policy,constant_risk_-0.50_zero_pit,n/a,n/a,-0.5,18,lap_time_s,138,98.37840299293495,1.101062926239027,98.195841207275,98.56629609728338
by_lap_number,fixed_policy,constant_risk_-0.50_zero_pit,n/a,n/a,-0.5,19,lap_time_s,135,98.30105230107492,1.1817318192238413,98.10294755489547,98.50148194715752
by_lap_number,fixed_policy,constant_risk_-0.50_zero_pit,n/a,n/a,-0.5,20,lap_time_s,131,98.34942140262623,1.1676991798142469,98.15117292795885,98.55632438366155
by_lap_number,fixed_policy,constant_risk_-0.50_zero_pit,n/a,n/a,-0.5,21,lap_time_s,128,98.68018708881101,1.2167935678456017,98.4603347079623,98.88951411341611
by_lap_number,fixed_policy,constant_risk_-0.50_zero_pit,n/a,n/a,-0.5,22,lap_time_s,125,98.85373968420268,1.174813690667624,98.65338046128498,99.05058365069173
by_lap_number,fixed_policy,constant_risk_-0.50_zero_pit,n/a,n/a,-0.5,23,lap_time_s,121,98.98512912361811,1.0803704365215407,98.79746441271104,99.17452407267325
by_lap_number,fixed_policy,constant_risk_-0.50_zero_pit,n/a,n/a,-0.5,24,lap_time_s,120,98.66812616666644,1.1178209094871265,98.47059975729837,98.86127870463771
by_lap_number,fixed_policy,constant_risk_-0.50_zero_pit,n/a,n/a,-0.5,25,lap_time_s,115,99.28680330768722,1.1800778009402908,99.0607294612205,99.49224903689829
by_lap_number,fixed_policy,constant_risk_-0.50_zero_pit,n/a,n/a,-0.5,26,lap_time_s,106,99.50392386146832,1.1796437440667296,99.28189764881658,99.73724392576955
by_lap_number,fixed_policy,constant_risk_-0.50_zero_pit,n/a,n/a,-0.5,27,lap_time_s,97,99.62597152267753,1.216948653532103,99.3938021834902,99.86544360740498
by_lap_number,fixed_policy,constant_risk_-0.50_zero_pit,n/a,n/a,-0.5,28,lap_time_s,87,99.94899565755202,1.2510589720546106,99.6888771682351,100.20434863865638
by_lap_number,fixed_policy,constant_risk_-0.50_zero_pit,n/a,n/a,-0.5,29,lap_time_s,84,99.71510589856821,1.1266272141519558,99.47474078972832,99.96857159376248
by_lap_number,fixed_policy,constant_risk_-0.50_zero_pit,n/a,n/a,-0.5,30,lap_time_s,76,100.1537722524745,1.2810292674358748,99.87819036529675,100.42593171133952
by_lap_number,fixed_policy,constant_risk_-0.50_zero_pit,n/a,n/a,-0.5,31,lap_time_s,71,100.33454730525692,1.2725755422316407,100.02831734848957,100.62291172456503
by_lap_number,fixed_policy,constant_risk_-0.50_zero_pit,n/a,n/a,-0.5,32,lap_time_s,68,100.09687810510017,1.054893107391614,99.85051403414161,100.35848699575283
by_lap_number,fixed_policy,constant_risk_-0.50_zero_pit,n/a,n/a,-0.5,33,lap_time_s,64,100.44591418988503,1.0952887973916392,100.1850139461244,100.7120345777758
by_lap_number,fixed_policy,constant_risk_-0.50_zero_pit,n/a,n/a,-0.5,34,lap_time_s,63,100.68856498781462,1.039171028680097,100.44455260517294,100.93860378145447
by_lap_number,fixed_policy,constant_risk_-0.50_zero_pit,n/a,n/a,-0.5,35,lap_time_s,60,100.76174641015464,1.2055984360880931,100.46301905244897,101.05835646816763
by_lap_number,fixed_policy,constant_risk_-0.50_zero_pit,n/a,n/a,-0.5,36,lap_time_s,57,101.03499685486761,1.3447210715765374,100.69990507585713,101.36847747229511
by_lap_number,fixed_policy,constant_risk_-0.50_zero_pit,n/a,n/a,-0.5,37,lap_time_s,53,101.03229425398543,1.2855192100865103,100.68178555810974,101.3911298286382
by_lap_number,fixed_policy,constant_risk_-0.50_zero_pit,n/a,n/a,-0.5,38,lap_time_s,47,101.17322632805596,1.2006880722279294,100.84266731112467,101.51083814898713
by_lap_number,fixed_policy,constant_risk_-0.50_zero_pit,n/a,n/a,-0.5,39,lap_time_s,43,101.39144937268148,1.3580099575093914,100.97949495213898,101.78021168814388
by_lap_number,fixed_policy,constant_risk_-0.50_zero_pit,n/a,n/a,-0.5,40,lap_time_s,40,101.79623842338015,0.9173010479252999,101.5273226825332,102.08111140908464
by_lap_number,fixed_policy,constant_risk_-0.50_zero_pit,n/a,n/a,-0.5,41,lap_time_s,38,101.86640961489334,1.373878333979632,101.41987244718435,102.28654723722424
by_lap_number,fixed_policy,constant_risk_-0.50_zero_pit,n/a,n/a,-0.5,42,lap_time_s,37,101.87780117373352,1.2286838241633184,101.4886609048492,102.28813818386999
by_lap_number,fixed_policy,constant_risk_-0.50_zero_pit,n/a,n/a,-0.5,43,lap_time_s,32,102.39137477998716,1.2473483841656097,101.9723758184718,102.8350586866918
by_lap_number,fixed_policy,constant_risk_-0.50_zero_pit,n/a,n/a,-0.5,44,lap_time_s,29,102.18780817210849,1.1313798918627336,101.79868898021998,102.59332323679689
by_lap_number,fixed_policy,constant_risk_-0.50_zero_pit,n/a,n/a,-0.5,45,lap_time_s,27,102.63343542524674,1.2844974832993035,102.16949371510026,103.11051137616572
by_lap_number,fixed_policy,constant_risk_-0.50_zero_pit,n/a,n/a,-0.5,46,lap_time_s,26,102.68302385580981,1.057633099265667,102.29793285974716,103.07212717830762
by_lap_number,fixed_policy,constant_risk_-0.50_zero_pit,n/a,n/a,-0.5,47,lap_time_s,25,102.71221770332073,1.1079304061312458,102.26312080616808,103.12959784521455
by_lap_number,fixed_policy,constant_risk_-0.50_zero_pit,n/a,n/a,-0.5,48,lap_time_s,24,102.77298167437739,0.9952429372285,102.35946340582454,103.1549699539592
by_lap_number,fixed_policy,constant_risk_-0.50_zero_pit,n/a,n/a,-0.5,49,lap_time_s,22,102.64856115810208,0.9548132546185426,102.28171440003571,103.03083198987797
by_lap_number,fixed_policy,constant_risk_-0.50_zero_pit,n/a,n/a,-0.5,50,lap_time_s,21,103.36859944601744,1.5375740186004534,102.69796747677896,104.00546917938716
by_lap_number,fixed_policy,constant_risk_-0.50_zero_pit,n/a,n/a,-0.5,51,lap_time_s,19,103.80291693412546,1.0812408725246372,103.32769087349747,104.3030733045457
by_lap_number,fixed_policy,constant_risk_-0.50_zero_pit,n/a,n/a,-0.5,52,lap_time_s,18,103.5259445509013,0.9304641578893483,103.11391807626315,103.9353536426601
by_tyre_age,fixed_policy,constant_risk_-0.50_zero_pit,n/a,n/a,-0.5,0,lap_time_fuel_adj_s,198,93.03420220787633,1.032150516676578,92.88895979716246,93.17602145827448
by_tyre_age,fixed_policy,constant_risk_-0.50_zero_pit,n/a,n/a,-0.5,1,lap_time_fuel_adj_s,197,93.22581337094566,1.1692608837998881,93.06458119586365,93.39033532350348
by_tyre_age,fixed_policy,constant_risk_-0.50_zero_pit,n/a,n/a,-0.5,2,lap_time_fuel_adj_s,194,93.45330593943261,1.1401287564359146,93.30081326050554,93.6102750633305
by_tyre_age,fixed_policy,constant_risk_-0.50_zero_pit,n/a,n/a,-0.5,3,lap_time_fuel_adj_s,192,93.59459780210518,1.2173062414505822,93.42758041990326,93.76794030817089
by_tyre_age,fixed_policy,constant_risk_-0.50_zero_pit,n/a,n/a,-0.5,4,lap_time_fuel_adj_s,190,93.88035704492343,1.1012428558048406,93.72153577606302,94.03812469334996
by_tyre_age,fixed_policy,constant_risk_-0.50_zero_pit,n/a,n/a,-0.5,5,lap_time_fuel_adj_s,187,94.01827265154951,1.2322929652010592,93.83991960880651,94.20056532521369
by_tyre_age,fixed_policy,constant_risk_-0.50_zero_pit,n/a,n/a,-0.5,6,lap_time_fuel_adj_s,184,94.31835911550773,1.286297471306241,94.13121700248345,94.50154161037341
by_tyre_age,fixed_policy,constant_risk_-0.50_zero_pit,n/a,n/a,-0.5,7,lap_time_fuel_adj_s,181,94.50526542126106,1.2441474513805717,94.3345071578487,94.69300936025093
by_tyre_age,fixed_policy,constant_risk_-0.50_zero_pit,n/a,n/a,-0.5,8,lap_time_fuel_adj_s,179,94.57715861306785,1.132475197359468,94.41423758885354,94.73885963385395
by_tyre_age,fixed_policy,constant_risk_-0.50_zero_pit,n/a,n/a,-0.5,9,lap_time_fuel_adj_s,176,94.94448156877488,1.1158755483724745,94.77904593853044,95.10404536849742
by_tyre_age,fixed_policy,constant_risk_-0.50_zero_pit,n/a,n/a,-0.5,10,lap_time_fuel_adj_s,171,94.93870653511895,1.2141304391681784,94.75603707456267,95.12034011083583
by_tyre_age,fixed_policy,constant_risk_-0.50_zero_pit,n/a,n/a,-0.5,11,lap_time_fuel_adj_s,166,95.25812328715774,1.1658599601165098,95.08379790408017,95.4360932619033
by_tyre_age,fixed_policy,constant_risk_-0.50_zero_pit,n/a,n/a,-0.5,12,lap_time_fuel_adj_s,164,95.55842410134625,1.2247243569581157,95.36260216192409,95.74061075565345
by_tyre_age,fixed_policy,constant_risk_-0.50_zero_pit,n/a,n/a,-0.5,13,lap_time_fuel_adj_s,158,95.73809814010275,1.060424031521962,95.56787204916026,95.9005029455723
by_tyre_age,fixed_policy,constant_risk_-0.50_zero_pit,n/a,n/a,-0.5,14,lap_time_fuel_adj_s,152,95.7742369461828,1.2308669838326074,95.58888777041061,95.96778192473589
by_tyre_age,fixed_policy,constant_risk_-0.50_zero_pit,n/a,n/a,-0.5,15,lap_time_fuel_adj_s,146,96.0793947960723,1.2597731200034938,95.87774587443207,96.27204284150028
by_tyre_age,fixed_policy,constant_risk_-0.50_zero_pit,n/a,n/a,-0.5,16,lap_time_fuel_adj_s,142,96.30884267523967,1.1719577497610139,96.10991844612003,96.51073871930258
by_tyre_age,fixed_policy,constant_risk_-0.50_zero_pit,n/a,n/a,-0.5,17,lap_time_fuel_adj_s,138,96.69571068524264,1.101062926239027,96.50533380376841,96.87422828011445
by_tyre_age,fixed_policy,constant_risk_-0.50_zero_pit,n/a,n/a,-0.5,18,lap_time_fuel_adj_s,135,96.66643691645952,1.1817318192238415,96.46356678333609,96.85926024335777
by_tyre_age,fixed_policy,constant_risk_-0.50_zero_pit,n/a,n/a,-0.5,19,lap_time_fuel_adj_s,131,96.7628829410878,1.1676991798142469,96.56404747966913,96.96584143918679
by_tyre_age,fixed_policy,constant_risk_-0.50_zero_pit,n/a,n/a,-0.5,20,lap_time_fuel_adj_s,128,97.14172555034949,1.2167935678456017,96.93500317742833,97.3503824941026
by_tyre_age,fixed_policy,constant_risk_-0.50_zero_pit,n/a,n/a,-0.5,21,lap_time_fuel_adj_s,125,97.36335506881807,1.174813690667624,97.15542001866112,97.5678087863817
by_tyre_age,fixed_policy,constant_risk_-0.50_zero_pit,n/a,n/a,-0.5,22,lap_time_fuel_adj_s,121,97.5428214313104,1.0803704365215407,97.34826707914121,97.73000055693916
by_tyre_age,fixed_policy,constant_risk_-0.50_zero_pit,n/a,n/a,-0.5,23,lap_time_fuel_adj_s,120,97.27389539743565,1.1178209094871265,97.07290053153409,97.47216333710053
by_tyre_age,fixed_policy,constant_risk_-0.50_zero_pit,n/a,n/a,-0.5,24,lap_time_fuel_adj_s,115,97.94064946153338,1.1800778009402908,97.72688649502746,98.1507987192706
by_tyre_age,fixed_policy,constant_risk_-0.50_zero_pit,n/a,n/a,-0.5,25,lap_time_fuel_adj_s,106,98.20584693839142,1.1796437440667293,97.99308239688078,98.4341991023467
by_tyre_age,fixed_policy,constant_risk_-0.50_zero_pit,n/a,n/a,-0.5,26,lap_time_fuel_adj_s,97,98.37597152267753,1.216948653532103,98.13367821219624,98.60513612641525
by_tyre_age,fixed_policy,constant_risk_-0.50_zero_pit,n/a,n/a,-0.5,27,lap_time_fuel_adj_s,87,98.74707258062894,1.2510589720546106,98.47920168510342,99.01438103638907
by_tyre_age,fixed_policy,constant_risk_-0.50_zero_pit,n/a,n/a,-0.5,28,lap_time_fuel_adj_s,84,98.56125974472207,1.1266272141519558,98.32697455535518,98.79971473450718
by_tyre_age,fixed_policy,constant_risk_-0.50_zero_pit,n/a,n/a,-0.5,29,lap_time_fuel_adj_s,76,99.04800302170526,1.2810292674358748,98.7629814397411,99.3351072380666
by_tyre_age,fixed_policy,constant_risk_-0.50_zero_pit,n/a,n/a,-0.5,30,lap_time_fuel_adj_s,71,99.2768549975646,1.272575542231641,98.97472818936998,99.55859676920853
by_tyre_age,fixed_policy,constant_risk_-0.50_zero_pit,n/a,n/a,-0.5,31,lap_time_fuel_adj_s,68,99.08726272048479,1.054893107391614,98.84109883607327,99.34658776964652
by_tyre_age,fixed_policy,constant_risk_-0.50_zero_pit,n/a,n/a,-0.5,32,lap_time_fuel_adj_s,64,99.48437572834658,1.0952887973916392,99.22654998291144,99.75489692992116
by_tyre_age,fixed_policy,constant_risk_-0.50_zero_pit,n/a,n/a,-0.5,33,lap_time_fuel_adj_s,63,99.7751034493531,1.039171028680097,99.53516666231425,100.0361575865711
by_tyre_age,fixed_policy,constant_risk_-0.50_zero_pit,n/a,n/a,-0.5,34,lap_time_fuel_adj_s,60,99.89636179477003,1.2055984360880931,99.60322001465714,100.19712894197724
by_tyre_age,fixed_policy,constant_risk_-0.50_zero_pit,n/a,n/a,-0.5,35,lap_time_fuel_adj_s,57,100.21768916255992,1.3447210715765374,99.86874156440477,100.5603269006105
by_tyre_age,fixed_policy,constant_risk_-0.50_zero_pit,n/a,n/a,-0.5,36,lap_time_fuel_adj_s,53,100.26306348475462,1.2855192100865103,99.91536506795306,100.58804358597048
by_tyre_age,fixed_policy,constant_risk_-0.50_zero_pit,n/a,n/a,-0.5,37,lap_time_fuel_adj_s,47,100.4520724819021,1.2006880722279294,100.12028403603783,100.79551374994703
by_tyre_age,fixed_policy,constant_risk_-0.50_zero_pit,n/a,n/a,-0.5,38,lap_time_fuel_adj_s,43,100.71837244960453,1.3580099575093914,100.32266981854475,101.10397104995407
by_tyre_age,fixed_policy,constant_risk_-0.50_zero_pit,n/a,n/a,-0.5,39,lap_time_fuel_adj_s,40,101.17123842338015,0.9173010479252999,100.89023722599295,101.45951629701601
by_tyre_age,fixed_policy,constant_risk_-0.50_zero_pit,n/a,n/a,-0.5,40,lap_time_fuel_adj_s,38,101.28948653797026,1.373878333979632,100.86286848466744,101.69688282338916
by_tyre_age,fixed_policy,constant_risk_-0.50_zero_pit,n/a,n/a,-0.5,41,lap_time_fuel_adj_s,37,101.34895501988737,1.2286838241633184,100.94244668555179,101.73377114102173
by_tyre_age,fixed_policy,constant_risk_-0.50_zero_pit,n/a,n/a,-0.5,42,lap_time_fuel_adj_s,32,101.91060554921793,1.2473483841656097,101.4860705377478,102.35218389773759
by_tyre_age,fixed_policy,constant_risk_-0.50_zero_pit,n/a,n/a,-0.5,43,lap_time_fuel_adj_s,29,101.75511586441617,1.1313798918627338,101.34698565694327,102.14889765534112
by_tyre_age,fixed_policy,constant_risk_-0.50_zero_pit,n/a,n/a,-0.5,44,lap_time_fuel_adj_s,27,102.24882004063139,1.2844974832993035,101.76243829509785,102.73583410304259
by_tyre_age,fixed_policy,constant_risk_-0.50_zero_pit,n/a,n/a,-0.5,45,lap_time_fuel_adj_s,26,102.34648539427135,1.057633099265667,101.9613861572434,102.74601616853286
by_tyre_age,fixed_policy,constant_risk_-0.50_zero_pit,n/a,n/a,-0.5,46,lap_time_fuel_adj_s,25,102.4237561648592,1.1079304061312458,101.96944856350132,102.84837721173204
by_tyre_age,fixed_policy,constant_risk_-0.50_zero_pit,n/a,n/a,-0.5,47,lap_time_fuel_adj_s,24,102.53259705899279,0.9952429372285,102.13195620906603,102.91949821948494
by_tyre_age,fixed_policy,constant_risk_-0.50_zero_pit,n/a,n/a,-0.5,48,lap_time_fuel_adj_s,22,102.45625346579438,0.9548132546185427,102.07385235647129,102.84824904570048
by_tyre_age,fixed_policy,constant_risk_-0.50_zero_pit,n/a,n/a,-0.5,49,lap_time_fuel_adj_s,21,103.22436867678668,1.5375740186004534,102.57756824805843,103.86455144038959
by_tyre_age,fixed_policy,constant_risk_-0.50_zero_pit,n/a,n/a,-0.5,50,lap_time_fuel_adj_s,19,103.70676308797162,1.0812408725246372,103.25953427911767,104.1828727310763
by_tyre_age,fixed_policy,constant_risk_-0.50_zero_pit,n/a,n/a,-0.5,51,lap_time_fuel_adj_s,18,103.47786762782437,0.9304641578893484,103.05982404755188,103.91281195114387
by_tyre_age_medium_only,fixed_policy,constant_risk_-0.50_zero_pit,n/a,n/a,-0.5,0,lap_time_fuel_adj_s,198,93.03420220787633,1.032150516676578,92.89373103774331,93.18385365890796
by_tyre_age_medium_only,fixed_policy,constant_risk_-0.50_zero_pit,n/a,n/a,-0.5,1,lap_time_fuel_adj_s,197,93.22581337094566,1.1692608837998881,93.0563977879987,93.38880949015415
by_tyre_age_medium_only,fixed_policy,constant_risk_-0.50_zero_pit,n/a,n/a,-0.5,2,lap_time_fuel_adj_s,194,93.45330593943261,1.1401287564359146,93.29780206924963,93.61059669435267
by_tyre_age_medium_only,fixed_policy,constant_risk_-0.50_zero_pit,n/a,n/a,-0.5,3,lap_time_fuel_adj_s,192,93.59459780210518,1.2173062414505822,93.42006684644008,93.76503285720447
by_tyre_age_medium_only,fixed_policy,constant_risk_-0.50_zero_pit,n/a,n/a,-0.5,4,lap_time_fuel_adj_s,190,93.88035704492343,1.1012428558048406,93.71983509256773,94.03765310743356
by_tyre_age_medium_only,fixed_policy,constant_risk_-0.50_zero_pit,n/a,n/a,-0.5,5,lap_time_fuel_adj_s,187,94.01827265154951,1.2322929652010592,93.83891764449233,94.19179942246956
by_tyre_age_medium_only,fixed_policy,constant_risk_-0.50_zero_pit,n/a,n/a,-0.5,6,lap_time_fuel_adj_s,184,94.31835911550773,1.286297471306241,94.1254815355238,94.49083583278673
by_tyre_age_medium_only,fixed_policy,constant_risk_-0.50_zero_pit,n/a,n/a,-0.5,7,lap_time_fuel_adj_s,181,94.50526542126106,1.2441474513805717,94.32712234626287,94.68388393002358
by_tyre_age_medium_only,fixed_policy,constant_risk_-0.50_zero_pit,n/a,n/a,-0.5,8,lap_time_fuel_adj_s,179,94.57715861306785,1.132475197359468,94.41058948538334,94.74223985512832
by_tyre_age_medium_only,fixed_policy,constant_risk_-0.50_zero_pit,n/a,n/a,-0.5,9,lap_time_fuel_adj_s,176,94.94448156877488,1.1158755483724745,94.78548877611708,95.10860475950392
by_tyre_age_medium_only,fixed_policy,constant_risk_-0.50_zero_pit,n/a,n/a,-0.5,10,lap_time_fuel_adj_s,171,94.93870653511895,1.2141304391681784,94.7636126946021,95.1087442025043
by_tyre_age_medium_only,fixed_policy,constant_risk_-0.50_zero_pit,n/a,n/a,-0.5,11,lap_time_fuel_adj_s,166,95.25812328715774,1.1658599601165098,95.07553717694312,95.44154544967617
by_tyre_age_medium_only,fixed_policy,constant_risk_-0.50_zero_pit,n/a,n/a,-0.5,12,lap_time_fuel_adj_s,164,95.55842410134625,1.2247243569581157,95.37735791456527,95.7508615890217
by_tyre_age_medium_only,fixed_policy,constant_risk_-0.50_zero_pit,n/a,n/a,-0.5,13,lap_time_fuel_adj_s,158,95.73809814010275,1.060424031521962,95.57118119491274,95.90382593834963
by_tyre_age_medium_only,fixed_policy,constant_risk_-0.50_zero_pit,n/a,n/a,-0.5,14,lap_time_fuel_adj_s,152,95.7742369461828,1.2308669838326074,95.58123708700363,95.96632299487318
by_tyre_age_medium_only,fixed_policy,constant_risk_-0.50_zero_pit,n/a,n/a,-0.5,15,lap_time_fuel_adj_s,146,96.0793947960723,1.2597731200034938,95.87123498997134,96.2665405206807
by_tyre_age_medium_only,fixed_policy,constant_risk_-0.50_zero_pit,n/a,n/a,-0.5,16,lap_time_fuel_adj_s,142,96.30884267523967,1.1719577497610139,96.12761559391164,96.50844535369309
by_tyre_age_medium_only,fixed_policy,constant_risk_-0.50_zero_pit,n/a,n/a,-0.5,17,lap_time_fuel_adj_s,138,96.69571068524264,1.101062926239027,96.51377827358957,96.88075056471561
by_tyre_age_medium_only,fixed_policy,constant_risk_-0.50_zero_pit,n/a,n/a,-0.5,18,lap_time_fuel_adj_s,135,96.66643691645952,1.1817318192238415,96.46587692750052,96.86042012359897
by_tyre_age_medium_only,fixed_policy,constant_risk_-0.50_zero_pit,n/a,n/a,-0.5,19,lap_time_fuel_adj_s,131,96.7628829410878,1.1676991798142469,96.55621096089338,96.96002756464725
by_tyre_age_medium_only,fixed_policy,constant_risk_-0.50_zero_pit,n/a,n/a,-0.5,20,lap_time_fuel_adj_s,128,97.14172555034949,1.2167935678456017,96.93902539656625,97.35255406049698
by_tyre_age_medium_only,fixed_policy,constant_risk_-0.50_zero_pit,n/a,n/a,-0.5,21,lap_time_fuel_adj_s,125,97.36335506881807,1.174813690667624,97.16626875696276,97.5678428245647
by_tyre_age_medium_only,fixed_policy,constant_risk_-0.50_zero_pit,n/a,n/a,-0.5,22,lap_time_fuel_adj_s,121,97.5428214313104,1.0803704365215407,97.35620620991511,97.72536590821933
by_tyre_age_medium_only,fixed_policy,constant_risk_-0.50_zero_pit,n/a,n/a,-0.5,23,lap_time_fuel_adj_s,120,97.27389539743565,1.1178209094871265,97.08002752501022,97.46866993313152
by_tyre_age_medium_only,fixed_policy,constant_risk_-0.50_zero_pit,n/a,n/a,-0.5,24,lap_time_fuel_adj_s,115,97.94064946153338,1.1800778009402908,97.70890638546312,98.14918690709092
by_tyre_age_medium_only,fixed_policy,constant_risk_-0.50_zero_pit,n/a,n/a,-0.5,25,lap_time_fuel_adj_s,106,98.20584693839142,1.1796437440667293,97.98750793777036,98.42140362501604
by_tyre_age_medium_only,fixed_policy,constant_risk_-0.50_zero_pit,n/a,n/a,-0.5,26,lap_time_fuel_adj_s,97,98.37597152267753,1.216948653532103,98.1351004849344,98.61333293829811
by_tyre_age_medium_only,fixed_policy,constant_risk_-0.50_zero_pit,n/a,n/a,-0.5,27,lap_time_fuel_adj_s,87,98.74707258062894,1.2510589720546106,98.47535386398016,99.01291819269969
by_tyre_age_medium_only,fixed_policy,constant_risk_-0.50_zero_pit,n/a,n/a,-0.5,28,lap_time_fuel_adj_s,84,98.56125974472207,1.1266272141519558,98.33077586695471,98.81234026955799
by_tyre_age_medium_only,fixed_policy,constant_risk_-0.50_zero_pit,n/a,n/a,-0.5,29,lap_time_fuel_adj_s,76,99.04800302170526,1.2810292674358748,98.75518266981571,99.32869118132565
by_tyre_age_medium_only,fixed_policy,constant_risk_-0.50_zero_pit,n/a,n/a,-0.5,30,lap_time_fuel_adj_s,71,99.2768549975646,1.272575542231641,98.97262402919753,99.55131157880217
by_tyre_age_medium_only,fixed_policy,constant_risk_-0.50_zero_pit,n/a,n/a,-0.5,31,lap_time_fuel_adj_s,68,99.08726272048479,1.054893107391614,98.83775051570777,99.33953572774917
by_tyre_age_medium_only,fixed_policy,constant_risk_-0.50_zero_pit,n/a,n/a,-0.5,32,lap_time_fuel_adj_s,64,99.48437572834658,1.0952887973916392,99.21775422189219,99.74608702094572
by_tyre_age_medium_only,fixed_policy,constant_risk_-0.50_zero_pit,n/a,n/a,-0.5,33,lap_time_fuel_adj_s,63,99.7751034493531,1.039171028680097,99.52620855225031,100.03039900604712
by_tyre_age_medium_only,fixed_policy,constant_risk_-0.50_zero_pit,n/a,n/a,-0.5,34,lap_time_fuel_adj_s,60,99.89636179477003,1.2055984360880931,99.61035837338979,100.2272903489833
by_tyre_age_medium_only,fixed_policy,constant_risk_-0.50_zero_pit,n/a,n/a,-0.5,35,lap_time_fuel_adj_s,57,100.21768916255992,1.3447210715765374,99.87492418247503,100.5531015050726
by_tyre_age_medium_only,fixed_policy,constant_risk_-0.50_zero_pit,n/a,n/a,-0.5,36,lap_time_fuel_adj_s,53,100.26306348475462,1.2855192100865103,99.92431368903983,100.60305324308426
by_tyre_age_medium_only,fixed_policy,constant_risk_-0.50_zero_pit,n/a,n/a,-0.5,37,lap_time_fuel_adj_s,47,100.4520724819021,1.2006880722279294,100.13689752730963,100.78664260356143
by_tyre_age_medium_only,fixed_policy,constant_risk_-0.50_zero_pit,n/a,n/a,-0.5,38,lap_time_fuel_adj_s,43,100.71837244960453,1.3580099575093914,100.30039173954997,101.14166432167222
by_tyre_age_medium_only,fixed_policy,constant_risk_-0.50_zero_pit,n/a,n/a,-0.5,39,lap_time_fuel_adj_s,40,101.17123842338015,0.9173010479252999,100.88370130506536,101.45434240109542
by_tyre_age_medium_only,fixed_policy,constant_risk_-0.50_zero_pit,n/a,n/a,-0.5,40,lap_time_fuel_adj_s,38,101.28948653797026,1.373878333979632,100.85181134650465,101.71610758828612
by_tyre_age_medium_only,fixed_policy,constant_risk_-0.50_zero_pit,n/a,n/a,-0.5,41,lap_time_fuel_adj_s,37,101.34895501988737,1.2286838241633184,100.94233464638567,101.73259536576977
by_tyre_age_medium_only,fixed_policy,constant_risk_-0.50_zero_pit,n/a,n/a,-0.5,42,lap_time_fuel_adj_s,32,101.91060554921793,1.2473483841656097,101.51292525827354,102.35090671807968
by_tyre_age_medium_only,fixed_policy,constant_risk_-0.50_zero_pit,n/a,n/a,-0.5,43,lap_time_fuel_adj_s,29,101.75511586441617,1.1313798918627338,101.34836836624856,102.16062972276978
by_tyre_age_medium_only,fixed_policy,constant_risk_-0.50_zero_pit,n/a,n/a,-0.5,44,lap_time_fuel_adj_s,27,102.24882004063139,1.2844974832993035,101.76005864906158,102.72806413444654
by_tyre_age_medium_only,fixed_policy,constant_risk_-0.50_zero_pit,n/a,n/a,-0.5,45,lap_time_fuel_adj_s,26,102.34648539427135,1.057633099265667,101.93465825627749,102.73874472426623
by_tyre_age_medium_only,fixed_policy,constant_risk_-0.50_zero_pit,n/a,n/a,-0.5,46,lap_time_fuel_adj_s,25,102.4237561648592,1.1079304061312458,101.96672840737556,102.8230319893144
by_tyre_age_medium_only,fixed_policy,constant_risk_-0.50_zero_pit,n/a,n/a,-0.5,47,lap_time_fuel_adj_s,24,102.53259705899279,0.9952429372285,102.13844445001293,102.92751745069947
by_tyre_age_medium_only,fixed_policy,constant_risk_-0.50_zero_pit,n/a,n/a,-0.5,48,lap_time_fuel_adj_s,22,102.45625346579438,0.9548132546185427,102.07239903387865,102.83729845880298
by_tyre_age_medium_only,fixed_policy,constant_risk_-0.50_zero_pit,n/a,n/a,-0.5,49,lap_time_fuel_adj_s,21,103.22436867678668,1.5375740186004534,102.55373161720324,103.89343578543068
by_tyre_age_medium_only,fixed_policy,constant_risk_-0.50_zero_pit,n/a,n/a,-0.5,50,lap_time_fuel_adj_s,19,103.70676308797162,1.0812408725246372,103.23377110132942,104.17602318967488
by_tyre_age_medium_only,fixed_policy,constant_risk_-0.50_zero_pit,n/a,n/a,-0.5,51,lap_time_fuel_adj_s,18,103.47786762782437,0.9304641578893484,103.09071130036384,103.89896143493678
race_outcome_conditional_finishers,fixed_policy,constant_risk_-0.50_zero_pit,n/a,n/a,-0.5,finishers_all,race_time_s,18,5177.520387061199,9.302905839170482,5173.466454452236,5181.753376772292
race_outcome_conditional_finishers,fixed_policy,constant_risk_-0.50_zero_pit,n/a,n/a,-0.5,finishers_all,segment_sum_time_s,18,5177.520387061199,9.3029058391682,5173.537056534519,5181.821273833305
race_outcome_conditional_finishers,fixed_policy,constant_risk_-0.50_zero_pit,n/a,n/a,-0.5,finishers_zero_pit,race_time_s,18,5177.520387061199,9.302905839170482,5173.354512557557,5181.8409248213975
race_outcome_conditional_finishers,fixed_policy,constant_risk_-0.50_zero_pit,n/a,n/a,-0.5,finishers_with_pit,race_time_s,0,,,,
all_episode_progress,fixed_policy,constant_risk_-0.50_zero_pit,n/a,n/a,-0.5,all_episodes,completed_laps,200,26.62,14.303796452859084,24.645,28.595125
attrition,fixed_policy,constant_risk_-0.50_zero_pit,n/a,n/a,-0.5,all_episodes,crash_rate,200,0.91,0.2868999090082545,0.87,0.95
attrition,fixed_policy,constant_risk_-0.50_zero_pit,n/a,n/a,-0.5,all_episodes,catastrophic_rate,200,0.08,0.27197398634103065,0.045,0.115
attrition,fixed_policy,constant_risk_-0.50_zero_pit,n/a,n/a,-0.5,all_episodes,finish_rate,200,0.09,0.2868999090082545,0.05487500000000001,0.135
matched_window_laps5_15_zeropit,learned_regime_pooled,ppo_gamma0.999_rulebook_seeds012,rulebook,pooled,,laps5-15,lap_time_s,922,95.9235269410451,1.3790454680393212,95.83262238623303,96.00791185956142
matched_window_laps5_15_zeropit,learned_regime_pooled,ppo_gamma0.999_rulebook_seeds012,rulebook,pooled,,laps5-15,lap_time_fuel_adj_s,922,93.8383337990461,1.4549353375377587,93.74608159921895,93.93529592113
matched_window_laps5_15_zeropit,learned_regime_pooled,ppo_gamma0.999_rulebook_seeds012,rulebook,pooled,,laps5-15,tyre_age_entry,922,8.627982646420824,3.1905462361886716,8.429501084598698,8.828660520607375
matched_window_laps5_15_zeropit,learned_regime_pooled,ppo_gamma0.999_rulebook_seeds012,rulebook,pooled,,laps5-15,mean_risk_in_lap,922,0.3150505787599473,0.0973961639931315,0.3087602794654097,0.32124480238480013
matched_window_laps5_15_zeropit,learned_regime_pooled,ppo_gamma0.999_rulebook_seeds012,rulebook,pooled,,laps5-15,is_medium_compound,922,1.0,0.0,1.0,1.0
matched_window_laps5_15_nonpitlaps,learned_regime_pooled,ppo_gamma0.999_rulebook_seeds012,rulebook,pooled,,laps5-15,lap_time_s,2499,94.91704939238886,2.0232147028959098,94.83787319048677,94.99585007648274
by_lap_number,learned_regime_pooled,ppo_gamma0.999_rulebook_seeds012,rulebook,pooled,,1,lap_time_s,298,95.04945870654062,1.1647994181994756,94.91408068580749,95.18203270027365
by_lap_number,learned_regime_pooled,ppo_gamma0.999_rulebook_seeds012,rulebook,pooled,,2,lap_time_s,285,94.99282848208021,1.3506631427189084,94.83933306697267,95.15390258576662
by_lap_number,learned_regime_pooled,ppo_gamma0.999_rulebook_seeds012,rulebook,pooled,,3,lap_time_s,270,95.04303372915014,1.364184823213681,94.88121011722122,95.20433822878222
by_lap_number,learned_regime_pooled,ppo_gamma0.999_rulebook_seeds012,rulebook,pooled,,4,lap_time_s,269,95.3732329700349,1.3224276684664524,95.2142734974876,95.53430552723368
by_lap_number,learned_regime_pooled,ppo_gamma0.999_rulebook_seeds012,rulebook,pooled,,5,lap_time_s,240,95.24227703722266,1.465601199616739,95.0650657396822,95.42099092902441
by_lap_number,learned_regime_pooled,ppo_gamma0.999_rulebook_seeds012,rulebook,pooled,,6,lap_time_s,258,95.22758157260964,1.6163520307904953,95.0364103671114,95.41650464325893
by_lap_number,learned_regime_pooled,ppo_gamma0.999_rulebook_seeds012,rulebook,pooled,,7,lap_time_s,245,95.19999361417449,1.564432553209789,94.99746588330392,95.38855055171794
by_lap_number,learned_regime_pooled,ppo_gamma0.999_rulebook_seeds012,rulebook,pooled,,8,lap_time_s,232,95.35509470676814,1.6512627621881701,95.13551599999762,95.56747200767892
by_lap_number,learned_regime_pooled,ppo_gamma0.999_rulebook_seeds012,rulebook,pooled,,9,lap_time_s,235,95.58596210472096,1.7189298124587566,95.36524526661425,95.8146589623093
by_lap_number,learned_regime_pooled,ppo_gamma0.999_rulebook_seeds012,rulebook,pooled,,10,lap_time_s,224,95.20391595975526,2.0493781989681126,94.9282026421472,95.45514388720146
by_lap_number,learned_regime_pooled,ppo_gamma0.999_rulebook_seeds012,rulebook,pooled,,11,lap_time_s,211,94.99668585586677,2.2153549828893992,94.71440659388925,95.2876893623508
by_lap_number,learned_regime_pooled,ppo_gamma0.999_rulebook_seeds012,rulebook,pooled,,12,lap_time_s,201,94.46744874257703,2.301730038432061,94.15369896197555,94.8033379522551
by_lap_number,learned_regime_pooled,ppo_gamma0.999_rulebook_seeds012,rulebook,pooled,,13,lap_time_s,211,94.22515674072794,2.2283174672016095,93.92973755724768,94.53162023608338
by_lap_number,learned_regime_pooled,ppo_gamma0.999_rulebook_seeds012,rulebook,pooled,,14,lap_time_s,221,94.22733867355846,2.4151459765109156,93.90606580258512,94.55437737801496
by_lap_number,learned_regime_pooled,ppo_gamma0.999_rulebook_seeds012,rulebook,pooled,,15,lap_time_s,221,94.10894745646878,2.275219492330605,93.81227427771857,94.41337663233703
by_lap_number,learned_regime_pooled,ppo_gamma0.999_rulebook_seeds012,rulebook,pooled,,16,lap_time_s,214,94.06747532635471,2.582304740335588,93.73284512222773,94.43999404266154
by_lap_number,learned_regime_pooled,ppo_gamma0.999_rulebook_seeds012,rulebook,pooled,,17,lap_time_s,204,94.32438566176386,2.4920292636189476,93.98675219935222,94.67729042252249
by_lap_number,learned_regime_pooled,ppo_gamma0.999_rulebook_seeds012,rulebook,pooled,,18,lap_time_s,195,94.33326674431926,2.7096034888892335,93.955980625669,94.72413874023354
by_lap_number,learned_regime_pooled,ppo_gamma0.999_rulebook_seeds012,rulebook,pooled,,19,lap_time_s,190,94.40870669898041,2.9192110525383246,93.98666687684451,94.82023291871931
by_lap_number,learned_regime_pooled,ppo_gamma0.999_rulebook_seeds012,rulebook,pooled,,20,lap_time_s,185,94.52163298360074,2.8362349709192034,94.12065345868034,94.9323444403897
by_lap_number,learned_regime_pooled,ppo_gamma0.999_rulebook_seeds012,rulebook,pooled,,21,lap_time_s,182,94.49592746124584,2.8934916633200722,94.08920726742535,94.91432455934553
by_lap_number,learned_regime_pooled,ppo_gamma0.999_rulebook_seeds012,rulebook,pooled,,22,lap_time_s,176,94.56307180879921,3.0719311881466393,94.08959150867217,95.03161742347746
by_lap_number,learned_regime_pooled,ppo_gamma0.999_rulebook_seeds012,rulebook,pooled,,23,lap_time_s,171,94.60820181771035,3.117892931555466,94.15869842444401,95.08099506283253
by_lap_number,learned_regime_pooled,ppo_gamma0.999_rulebook_seeds012,rulebook,pooled,,24,lap_time_s,162,94.85697307210773,3.211630376426932,94.35655590310876,95.35850854533052
by_lap_number,learned_regime_pooled,ppo_gamma0.999_rulebook_seeds012,rulebook,pooled,,25,lap_time_s,149,94.99550264300677,3.2151991238173343,94.47085472862038,95.5023213253689
by_lap_number,learned_regime_pooled,ppo_gamma0.999_rulebook_seeds012,rulebook,pooled,,26,lap_time_s,140,94.73302769354653,3.354239926879083,94.19164748056886,95.2867126768735
by_lap_number,learned_regime_pooled,ppo_gamma0.999_rulebook_seeds012,rulebook,pooled,,27,lap_time_s,131,94.78890717965236,3.6281221087809152,94.1487842200574,95.40591770012132
by_lap_number,learned_regime_pooled,ppo_gamma0.999_rulebook_seeds012,rulebook,pooled,,28,lap_time_s,123,94.95336510781937,3.715369295685251,94.32662049095877,95.64950540598123
by_lap_number,learned_regime_pooled,ppo_gamma0.999_rulebook_seeds012,rulebook,pooled,,29,lap_time_s,111,95.30340542386834,3.7746703225395413,94.57890995188342,96.0234329263622
by_lap_number,learned_regime_pooled,ppo_gamma0.999_rulebook_seeds012,rulebook,pooled,,30,lap_time_s,103,95.7746238544689,4.0112089942021525,94.98483607917422,96.62506609357783
by_lap_number,learned_regime_pooled,ppo_gamma0.999_rulebook_seeds012,rulebook,pooled,,31,lap_time_s,100,95.69916024659251,3.6606543111917476,94.98174087278001,96.41628208381104
by_lap_number,learned_regime_pooled,ppo_gamma0.999_rulebook_seeds012,rulebook,pooled,,32,lap_time_s,94,95.42810314483991,3.886587546368566,94.65675490563328,96.16830620383725
by_lap_number,learned_regime_pooled,ppo_gamma0.999_rulebook_seeds012,rulebook,pooled,,33,lap_time_s,85,95.47686711851321,4.080136192272454,94.61260421342318,96.38902046741104
by_lap_number,learned_regime_pooled,ppo_gamma0.999_rulebook_seeds012,rulebook,pooled,,34,lap_time_s,81,95.56797435357056,3.987173445982893,94.72145921820142,96.42206245763674
by_lap_number,learned_regime_pooled,ppo_gamma0.999_rulebook_seeds012,rulebook,pooled,,35,lap_time_s,76,95.57967302085646,3.9751740982896586,94.68102843428781,96.42561387848782
by_lap_number,learned_regime_pooled,ppo_gamma0.999_rulebook_seeds012,rulebook,pooled,,36,lap_time_s,73,95.85771985096817,4.276514369201518,94.88936292483957,96.82779413235123
by_lap_number,learned_regime_pooled,ppo_gamma0.999_rulebook_seeds012,rulebook,pooled,,37,lap_time_s,63,95.73261394981554,4.1028081108859356,94.75604392156238,96.6259003931223
by_lap_number,learned_regime_pooled,ppo_gamma0.999_rulebook_seeds012,rulebook,pooled,,38,lap_time_s,59,95.84473266566742,4.363049296024626,94.67873477849773,96.87725496400282
by_lap_number,learned_regime_pooled,ppo_gamma0.999_rulebook_seeds012,rulebook,pooled,,39,lap_time_s,56,95.86778698828195,4.612676639689996,94.67563822007916,97.01300102710763
by_lap_number,learned_regime_pooled,ppo_gamma0.999_rulebook_seeds012,rulebook,pooled,,40,lap_time_s,53,95.9461139422294,4.271133575904804,94.8370624974135,97.12776668525247
by_lap_number,learned_regime_pooled,ppo_gamma0.999_rulebook_seeds012,rulebook,pooled,,41,lap_time_s,47,95.82789796375963,4.693624452751461,94.5075890334592,97.1881220457432
by_lap_number,learned_regime_pooled,ppo_gamma0.999_rulebook_seeds012,rulebook,pooled,,42,lap_time_s,45,96.00075171364115,4.545951466514991,94.66848822367986,97.362496608224
by_lap_number,learned_regime_pooled,ppo_gamma0.999_rulebook_seeds012,rulebook,pooled,,43,lap_time_s,41,96.47523689479338,4.687493531683307,95.04991852365704,97.96136268841339
by_lap_number,learned_regime_pooled,ppo_gamma0.999_rulebook_seeds012,rulebook,pooled,,44,lap_time_s,39,96.30893191104246,4.798902342174046,94.80514502738335,97.77226802168587
by_lap_number,learned_regime_pooled,ppo_gamma0.999_rulebook_seeds012,rulebook,pooled,,45,lap_time_s,36,95.8245647448259,5.1254654202840095,94.1684638079339,97.51259192409455
by_lap_number,learned_regime_pooled,ppo_gamma0.999_rulebook_seeds012,rulebook,pooled,,46,lap_time_s,33,95.77483177658856,5.333662125254479,93.99459147739351,97.55001593101767
by_lap_number,learned_regime_pooled,ppo_gamma0.999_rulebook_seeds012,rulebook,pooled,,47,lap_time_s,32,96.15745544168956,5.529762046937349,94.34215625198648,97.9500750441795
by_lap_number,learned_regime_pooled,ppo_gamma0.999_rulebook_seeds012,rulebook,pooled,,48,lap_time_s,30,96.13085273761922,5.028572879706099,94.46998350587833,97.87401199784247
by_lap_number,learned_regime_pooled,ppo_gamma0.999_rulebook_seeds012,rulebook,pooled,,49,lap_time_s,27,95.21208544282608,5.218272227882443,93.24221984059872,97.22392736343723
by_lap_number,learned_regime_pooled,ppo_gamma0.999_rulebook_seeds012,rulebook,pooled,,50,lap_time_s,25,95.72683226804713,5.167717688362127,93.8676362364233,97.7523282687199
by_lap_number,learned_regime_pooled,ppo_gamma0.999_rulebook_seeds012,rulebook,pooled,,51,lap_time_s,24,96.22207599610249,5.18489546242656,94.25653482708803,98.296505914127
by_lap_number,learned_regime_pooled,ppo_gamma0.999_rulebook_seeds012,rulebook,pooled,,52,lap_time_s,19,96.41264668501934,4.7667750896561,94.32492529115139,98.41694901998515
by_tyre_age,learned_regime_pooled,ppo_gamma0.999_rulebook_seeds012,rulebook,pooled,,0,lap_time_fuel_adj_s,460,91.97559574360623,1.4230460996020151,91.84370115744984,92.09874973772858
by_tyre_age,learned_regime_pooled,ppo_gamma0.999_rulebook_seeds012,rulebook,pooled,,1,lap_time_fuel_adj_s,443,91.89820331539977,1.5661330165481864,91.75171417395174,92.04638942054835
by_tyre_age,learned_regime_pooled,ppo_gamma0.999_rulebook_seeds012,rulebook,pooled,,2,lap_time_fuel_adj_s,426,91.95536705506053,1.5953999387324977,91.80556843740555,92.10797138769861
by_tyre_age,learned_regime_pooled,ppo_gamma0.999_rulebook_seeds012,rulebook,pooled,,3,lap_time_fuel_adj_s,412,92.23358819281425,1.6969078489008278,92.07640797124868,92.39853950237125
by_tyre_age,learned_regime_pooled,ppo_gamma0.999_rulebook_seeds012,rulebook,pooled,,4,lap_time_fuel_adj_s,373,92.32881800181202,1.5684750475530365,92.17106032151699,92.4825340369575
by_tyre_age,learned_regime_pooled,ppo_gamma0.999_rulebook_seeds012,rulebook,pooled,,5,lap_time_fuel_adj_s,364,92.40105709205635,1.749476791859875,92.22366322990412,92.58048109532183
by_tyre_age,learned_regime_pooled,ppo_gamma0.999_rulebook_seeds012,rulebook,pooled,,6,lap_time_fuel_adj_s,345,92.35168444845793,1.76327314945971,92.17376729653691,92.54309233566397
by_tyre_age,learned_regime_pooled,ppo_gamma0.999_rulebook_seeds012,rulebook,pooled,,7,lap_time_fuel_adj_s,327,92.51428253513961,1.9082895589205482,92.31842460383851,92.7154376832475
by_tyre_age,learned_regime_pooled,ppo_gamma0.999_rulebook_seeds012,rulebook,pooled,,8,lap_time_fuel_adj_s,315,92.79357103033293,2.0398189692371655,92.56737999499305,93.00902415071079
by_tyre_age,learned_regime_pooled,ppo_gamma0.999_rulebook_seeds012,rulebook,pooled,,9,lap_time_fuel_adj_s,292,92.82840438327918,1.9690701869975842,92.60705207243099,93.06667188407037
by_tyre_age,learned_regime_pooled,ppo_gamma0.999_rulebook_seeds012,rulebook,pooled,,10,lap_time_fuel_adj_s,258,92.69545377980721,2.1802286108043623,92.42324002631337,92.96074677345644
by_tyre_age,learned_regime_pooled,ppo_gamma0.999_rulebook_seeds012,rulebook,pooled,,11,lap_time_fuel_adj_s,219,92.632365779366,2.161266706784715,92.34693714651597,92.92313033837972
by_tyre_age,learned_regime_pooled,ppo_gamma0.999_rulebook_seeds012,rulebook,pooled,,12,lap_time_fuel_adj_s,191,92.70719019536011,2.059860369407281,92.40653658746528,92.99867111851823
by_tyre_age,learned_regime_pooled,ppo_gamma0.999_rulebook_seeds012,rulebook,pooled,,13,lap_time_fuel_adj_s,186,92.79000855833813,2.4357115244150975,92.44762990868126,93.12986523150556
by_tyre_age,learned_regime_pooled,ppo_gamma0.999_rulebook_seeds012,rulebook,pooled,,14,lap_time_fuel_adj_s,177,92.77855533923751,2.302408941866969,92.45213926707873,93.13742879668634
by_tyre_age,learned_regime_pooled,ppo_gamma0.999_rulebook_seeds012,rulebook,pooled,,15,lap_time_fuel_adj_s,170,92.84174669333744,2.5132507914379887,92.47897087726629,93.21994892348235
by_tyre_age,learned_regime_pooled,ppo_gamma0.999_rulebook_seeds012,rulebook,pooled,,16,lap_time_fuel_adj_s,161,93.04237161479347,2.5643637026038584,92.64563483243104,93.42185018482412
by_tyre_age,learned_regime_pooled,ppo_gamma0.999_rulebook_seeds012,rulebook,pooled,,17,lap_time_fuel_adj_s,151,93.29634968098154,2.657451893371,92.88961709456159,93.72698300157516
by_tyre_age,learned_regime_pooled,ppo_gamma0.999_rulebook_seeds012,rulebook,pooled,,18,lap_time_fuel_adj_s,142,93.7401661102396,2.737176161720397,93.29178353647036,94.19389599282806
by_tyre_age,learned_regime_pooled,ppo_gamma0.999_rulebook_seeds012,rulebook,pooled,,19,lap_time_fuel_adj_s,137,93.67438400238427,2.8255391298129724,93.22587009123924,94.13674611856467
by_tyre_age,learned_regime_pooled,ppo_gamma0.999_rulebook_seeds012,rulebook,pooled,,20,lap_time_fuel_adj_s,130,93.88868890531421,2.817845349147741,93.42369845850679,94.38095999348842
by_tyre_age,learned_regime_pooled,ppo_gamma0.999_rulebook_seeds012,rulebook,pooled,,21,lap_time_fuel_adj_s,122,94.0949591613311,3.1213947088201355,93.54135999175907,94.6214424434425
by_tyre_age,learned_regime_pooled,ppo_gamma0.999_rulebook_seeds012,rulebook,pooled,,22,lap_time_fuel_adj_s,120,94.32728349880591,2.9970914799349333,93.78972894517692,94.89479307739086
by_tyre_age,learned_regime_pooled,ppo_gamma0.999_rulebook_seeds012,rulebook,pooled,,23,lap_time_fuel_adj_s,111,94.74364174520665,3.0545287195114077,94.19187828361486,95.29099023308291
by_tyre_age,learned_regime_pooled,ppo_gamma0.999_rulebook_seeds012,rulebook,pooled,,24,lap_time_fuel_adj_s,100,94.69729332357238,3.2976029788534045,94.05886009582001,95.33094803155744
by_tyre_age,learned_regime_pooled,ppo_gamma0.999_rulebook_seeds012,rulebook,pooled,,25,lap_time_fuel_adj_s,94,94.78235343551275,3.275533235398815,94.14716803939433,95.41101661940182
by_tyre_age,learned_regime_pooled,ppo_gamma0.999_rulebook_seeds012,rulebook,pooled,,26,lap_time_fuel_adj_s,87,94.9414582298679,3.654043514094837,94.19167028792968,95.65246144345186
by_tyre_age,learned_regime_pooled,ppo_gamma0.999_rulebook_seeds012,rulebook,pooled,,27,lap_time_fuel_adj_s,79,95.54544071966687,3.5616655465985314,94.73680936869094,96.36323934787906
by_tyre_age,learned_regime_pooled,ppo_gamma0.999_rulebook_seeds012,rulebook,pooled,,28,lap_time_fuel_adj_s,76,95.62191695400332,3.6698545902440154,94.79273414473943,96.4274292869847
by_tyre_age,learned_regime_pooled,ppo_gamma0.999_rulebook_seeds012,rulebook,pooled,,29,lap_time_fuel_adj_s,71,96.20103869680311,3.8947873802623993,95.24060340730755,97.07357013139946
by_tyre_age,learned_regime_pooled,ppo_gamma0.999_rulebook_seeds012,rulebook,pooled,,30,lap_time_fuel_adj_s,65,96.31554684567541,3.4448113103454925,95.54112965169858,97.15353056582094
by_tyre_age,learned_regime_pooled,ppo_gamma0.999_rulebook_seeds012,rulebook,pooled,,31,lap_time_fuel_adj_s,60,96.31232379726221,3.666798013504697,95.34614503826349,97.20313824885312
by_tyre_age,learned_regime_pooled,ppo_gamma0.999_rulebook_seeds012,rulebook,pooled,,32,lap_time_fuel_adj_s,54,96.41218578557562,3.9077819293307043,95.30167450471139,97.39500965657973
by_tyre_age,learned_regime_pooled,ppo_gamma0.999_rulebook_seeds012,rulebook,pooled,,33,lap_time_fuel_adj_s,53,96.44734997257827,3.8426852837008494,95.39289329098048,97.45171699643778
by_tyre_age,learned_regime_pooled,ppo_gamma0.999_rulebook_seeds012,rulebook,pooled,,34,lap_time_fuel_adj_s,50,96.37287511637842,3.8691498708443475,95.28753024235829,97.41638524579047
by_tyre_age,learned_regime_pooled,ppo_gamma0.999_rulebook_seeds012,rulebook,pooled,,35,lap_time_fuel_adj_s,49,96.66692465071299,4.290800740653788,95.46555250316098,97.83081068429372
by_tyre_age,learned_regime_pooled,ppo_gamma0.999_rulebook_seeds012,rulebook,pooled,,36,lap_time_fuel_adj_s,43,96.5710265492639,3.9967531984983653,95.39184440271202,97.77613239097116
by_tyre_age,learned_regime_pooled,ppo_gamma0.999_rulebook_seeds012,rulebook,pooled,,37,lap_time_fuel_adj_s,39,96.99533230859174,4.1544914774280475,95.72984626025506,98.2135258422208
by_tyre_age,learned_regime_pooled,ppo_gamma0.999_rulebook_seeds012,rulebook,pooled,,38,lap_time_fuel_adj_s,37,97.4474088417802,4.046882185007088,96.16337073866421,98.67422721739169
by_tyre_age,learned_regime_pooled,ppo_gamma0.999_rulebook_seeds012,rulebook,pooled,,39,lap_time_fuel_adj_s,33,97.58152288904235,3.825367931742339,96.21594338569905,98.7928937204421
by_tyre_age,learned_regime_pooled,ppo_gamma0.999_rulebook_seeds012,rulebook,pooled,,40,lap_time_fuel_adj_s,25,98.38100426156593,4.3966991706907255,96.55850220045956,100.04761819521335
by_tyre_age,learned_regime_pooled,ppo_gamma0.999_rulebook_seeds012,rulebook,pooled,,41,lap_time_fuel_adj_s,22,99.13664866961118,3.7912517228925657,97.50893803985494,100.54662117808171
by_tyre_age,learned_regime_pooled,ppo_gamma0.999_rulebook_seeds012,rulebook,pooled,,42,lap_time_fuel_adj_s,21,99.53109784438418,3.962996652494638,97.74433913340634,100.99754577788414
by_tyre_age,learned_regime_pooled,ppo_gamma0.999_rulebook_seeds012,rulebook,pooled,,43,lap_time_fuel_adj_s,18,100.25562524227473,3.388676609533564,98.5406953796691,101.53931154647456
by_tyre_age,learned_regime_pooled,ppo_gamma0.999_rulebook_seeds012,rulebook,pooled,,44,lap_time_fuel_adj_s,15,100.52528188575447,4.020033259257852,98.37770669112948,102.18308480679056
by_tyre_age,learned_regime_pooled,ppo_gamma0.999_rulebook_seeds012,rulebook,pooled,,45,lap_time_fuel_adj_s,14,100.62468569284559,3.9533405217954694,98.48875815833662,102.39133448180493
by_tyre_age,learned_regime_pooled,ppo_gamma0.999_rulebook_seeds012,rulebook,pooled,,46,lap_time_fuel_adj_s,14,101.18195889144606,4.012495756078686,99.00125833583171,102.97726700333861
by_tyre_age,learned_regime_pooled,ppo_gamma0.999_rulebook_seeds012,rulebook,pooled,,47,lap_time_fuel_adj_s,12,101.23496371895732,3.425582390391159,99.16941442271296,102.74616828868288
by_tyre_age,learned_regime_pooled,ppo_gamma0.999_rulebook_seeds012,rulebook,pooled,,48,lap_time_fuel_adj_s,9,101.99350650345572,1.1339272103911333,101.42232298580699,102.7421977682959
by_tyre_age,learned_regime_pooled,ppo_gamma0.999_rulebook_seeds012,rulebook,pooled,,49,lap_time_fuel_adj_s,8,102.76681871471158,1.5834837629609713,101.66642920241478,103.65530330409129
by_tyre_age,learned_regime_pooled,ppo_gamma0.999_rulebook_seeds012,rulebook,pooled,,50,lap_time_fuel_adj_s,8,103.02135266231062,1.1590444915430143,102.25852013081575,103.71548254004509
by_tyre_age,learned_regime_pooled,ppo_gamma0.999_rulebook_seeds012,rulebook,pooled,,51,lap_time_fuel_adj_s,7,102.26766194850678,1.0010073178048935,101.62456286364295,103.01497530903812
by_tyre_age_medium_only,learned_regime_pooled,ppo_gamma0.999_rulebook_seeds012,rulebook,pooled,,0,lap_time_fuel_adj_s,298,92.54945870654062,1.1647994181994756,92.4123332056888,92.6819054337369
by_tyre_age_medium_only,learned_regime_pooled,ppo_gamma0.999_rulebook_seeds012,rulebook,pooled,,1,lap_time_fuel_adj_s,285,92.54090540515713,1.3506631427189084,92.37250898598533,92.69445400503487
by_tyre_age_medium_only,learned_regime_pooled,ppo_gamma0.999_rulebook_seeds012,rulebook,pooled,,2,lap_time_fuel_adj_s,270,92.63918757530399,1.3641848232136808,92.47924209973601,92.80500225398931
by_tyre_age_medium_only,learned_regime_pooled,ppo_gamma0.999_rulebook_seeds012,rulebook,pooled,,3,lap_time_fuel_adj_s,260,93.08071993473602,1.2807159048763601,92.91641529346725,93.23767980531711
by_tyre_age_medium_only,learned_regime_pooled,ppo_gamma0.999_rulebook_seeds012,rulebook,pooled,,4,lap_time_fuel_adj_s,227,93.11508565389833,1.2517869882021133,92.94865229144476,93.26970125682165
by_tyre_age_medium_only,learned_regime_pooled,ppo_gamma0.999_rulebook_seeds012,rulebook,pooled,,5,lap_time_fuel_adj_s,221,93.37242404036061,1.3021750858764833,93.2044051661281,93.54142944632771
by_tyre_age_medium_only,learned_regime_pooled,ppo_gamma0.999_rulebook_seeds012,rulebook,pooled,,6,lap_time_fuel_adj_s,206,93.40724801101167,1.2320700118480286,93.2427882113976,93.57766179989412
by_tyre_age_medium_only,learned_regime_pooled,ppo_gamma0.999_rulebook_seeds012,rulebook,pooled,,7,lap_time_fuel_adj_s,191,93.71482617476778,1.2009056368598126,93.54886308628403,93.88810840920668
by_tyre_age_medium_only,learned_regime_pooled,ppo_gamma0.999_rulebook_seeds012,rulebook,pooled,,8,lap_time_fuel_adj_s,182,94.15722617346954,1.179206228972076,93.98296044832763,94.33069003048699
by_tyre_age_medium_only,learned_regime_pooled,ppo_gamma0.999_rulebook_seeds012,rulebook,pooled,,9,lap_time_fuel_adj_s,163,94.14021079095907,1.2986464624213399,93.94677519023453,94.33426907256062
by_tyre_age_medium_only,learned_regime_pooled,ppo_gamma0.999_rulebook_seeds012,rulebook,pooled,,10,lap_time_fuel_adj_s,134,94.34178354983624,1.278035726365862,94.12549201172035,94.56971633105299
by_tyre_age_medium_only,learned_regime_pooled,ppo_gamma0.999_rulebook_seeds012,rulebook,pooled,,11,lap_time_fuel_adj_s,99,94.54273408297793,1.1406327596313894,94.32494123166424,94.76383548600941
by_tyre_age_medium_only,learned_regime_pooled,ppo_gamma0.999_rulebook_seeds012,rulebook,pooled,,12,lap_time_fuel_adj_s,80,94.68213366334221,1.2644540737222039,94.41464913399261,94.94186380688204
by_tyre_age_medium_only,learned_regime_pooled,ppo_gamma0.999_rulebook_seeds012,rulebook,pooled,,13,lap_time_fuel_adj_s,76,95.20391714660121,1.1986560288333583,94.9229746751991,95.47656632038269
by_tyre_age_medium_only,learned_regime_pooled,ppo_gamma0.999_rulebook_seeds012,rulebook,pooled,,14,lap_time_fuel_adj_s,75,94.97782912391982,1.252558439297593,94.69161879201546,95.28407835586147
by_tyre_age_medium_only,learned_regime_pooled,ppo_gamma0.999_rulebook_seeds012,rulebook,pooled,,15,lap_time_fuel_adj_s,73,95.33831879697559,1.230630074287818,95.06673639709362,95.61814574776626
by_tyre_age_medium_only,learned_regime_pooled,ppo_gamma0.999_rulebook_seeds012,rulebook,pooled,,16,lap_time_fuel_adj_s,70,95.56966721420052,1.2155737867085064,95.30344428550539,95.84638081561027
by_tyre_age_medium_only,learned_regime_pooled,ppo_gamma0.999_rulebook_seeds012,rulebook,pooled,,17,lap_time_fuel_adj_s,69,95.85141948238643,1.2544820459082873,95.57305235728055,96.13783577919787
by_tyre_age_medium_only,learned_regime_pooled,ppo_gamma0.999_rulebook_seeds012,rulebook,pooled,,18,lap_time_fuel_adj_s,67,96.31386205998791,1.1709902714836022,96.04187693518108,96.59242211125407
by_tyre_age_medium_only,learned_regime_pooled,ppo_gamma0.999_rulebook_seeds012,rulebook,pooled,,19,lap_time_fuel_adj_s,64,96.3810428828302,1.1478812113583934,96.10833160862948,96.6684412889293
by_tyre_age_medium_only,learned_regime_pooled,ppo_gamma0.999_rulebook_seeds012,rulebook,pooled,,20,lap_time_fuel_adj_s,63,96.52863159717066,1.116363149609861,96.26904962548119,96.78596383585203
by_tyre_age_medium_only,learned_regime_pooled,ppo_gamma0.999_rulebook_seeds012,rulebook,pooled,,21,lap_time_fuel_adj_s,61,96.89523967736275,1.3322838944980535,96.55740700009947,97.23181173039772
by_tyre_age_medium_only,learned_regime_pooled,ppo_gamma0.999_rulebook_seeds012,rulebook,pooled,,22,lap_time_fuel_adj_s,61,96.94875492509159,1.2720678389278512,96.63706744666264,97.27572463375715
by_tyre_age_medium_only,learned_regime_pooled,ppo_gamma0.999_rulebook_seeds012,rulebook,pooled,,23,lap_time_fuel_adj_s,59,97.36939652932274,1.1907835293391122,97.07716435380414,97.66720782713078
by_tyre_age_medium_only,learned_regime_pooled,ppo_gamma0.999_rulebook_seeds012,rulebook,pooled,,24,lap_time_fuel_adj_s,54,97.46211988289555,1.301173631345109,97.13049441758527,97.79786878762829
by_tyre_age_medium_only,learned_regime_pooled,ppo_gamma0.999_rulebook_seeds012,rulebook,pooled,,25,lap_time_fuel_adj_s,50,97.64132876630782,1.127888104062911,97.34680113798366,97.94658248459824
by_tyre_age_medium_only,learned_regime_pooled,ppo_gamma0.999_rulebook_seeds012,rulebook,pooled,,26,lap_time_fuel_adj_s,47,98.06311028936479,1.1559370577691568,97.72597078291564,98.37257297273511
by_tyre_age_medium_only,learned_regime_pooled,ppo_gamma0.999_rulebook_seeds012,rulebook,pooled,,27,lap_time_fuel_adj_s,45,98.40892321382594,1.107031246984786,98.0856922907777,98.7222876783733
by_tyre_age_medium_only,learned_regime_pooled,ppo_gamma0.999_rulebook_seeds012,rulebook,pooled,,28,lap_time_fuel_adj_s,43,98.57621805725319,1.25508098722246,98.19992633669376,98.93198205597088
by_tyre_age_medium_only,learned_regime_pooled,ppo_gamma0.999_rulebook_seeds012,rulebook,pooled,,29,lap_time_fuel_adj_s,42,99.26292827894784,1.1777352399674055,98.91157889625757,99.61406156656021
by_tyre_age_medium_only,learned_regime_pooled,ppo_gamma0.999_rulebook_seeds012,rulebook,pooled,,30,lap_time_fuel_adj_s,40,98.82487184542268,1.312254974141879,98.43300140638947,99.23122290066868
by_tyre_age_medium_only,learned_regime_pooled,ppo_gamma0.999_rulebook_seeds012,rulebook,pooled,,31,lap_time_fuel_adj_s,37,99.0152204646862,1.0465553902037104,98.66973274910582,99.34562150699779
by_tyre_age_medium_only,learned_regime_pooled,ppo_gamma0.999_rulebook_seeds012,rulebook,pooled,,32,lap_time_fuel_adj_s,32,99.46883752589153,1.0709119299600753,99.09886590823422,99.85604774881119
by_tyre_age_medium_only,learned_regime_pooled,ppo_gamma0.999_rulebook_seeds012,rulebook,pooled,,33,lap_time_fuel_adj_s,32,99.39740531527374,1.0124131554492746,99.05771026993621,99.72621734604562
by_tyre_age_medium_only,learned_regime_pooled,ppo_gamma0.999_rulebook_seeds012,rulebook,pooled,,34,lap_time_fuel_adj_s,30,99.2637653772665,1.4503364402072245,98.73052495130304,99.76170848894847
by_tyre_age_medium_only,learned_regime_pooled,ppo_gamma0.999_rulebook_seeds012,rulebook,pooled,,35,lap_time_fuel_adj_s,29,100.02753897722906,1.2269035346268171,99.58315908142157,100.46605647174178
by_tyre_age_medium_only,learned_regime_pooled,ppo_gamma0.999_rulebook_seeds012,rulebook,pooled,,36,lap_time_fuel_adj_s,24,99.95488268742214,1.053850512726116,99.5540639063619,100.354073222815
by_tyre_age_medium_only,learned_regime_pooled,ppo_gamma0.999_rulebook_seeds012,rulebook,pooled,,37,lap_time_fuel_adj_s,23,100.26554189856253,1.1386577089846004,99.79886893102245,100.71188897090299
by_tyre_age_medium_only,learned_regime_pooled,ppo_gamma0.999_rulebook_seeds012,rulebook,pooled,,38,lap_time_fuel_adj_s,23,100.42108046256968,1.2430379775817884,99.9543931100039,100.89524054881277
by_tyre_age_medium_only,learned_regime_pooled,ppo_gamma0.999_rulebook_seeds012,rulebook,pooled,,39,lap_time_fuel_adj_s,22,100.04263534567113,1.283960575045557,99.52791597582866,100.57952991234548
by_tyre_age_medium_only,learned_regime_pooled,ppo_gamma0.999_rulebook_seeds012,rulebook,pooled,,40,lap_time_fuel_adj_s,18,100.9190511358552,1.2629947393299148,100.3283346154145,101.48075931959642
by_tyre_age_medium_only,learned_regime_pooled,ppo_gamma0.999_rulebook_seeds012,rulebook,pooled,,41,lap_time_fuel_adj_s,17,101.07490787611395,1.0954454934321147,100.5980655198955,101.58974473973592
by_tyre_age_medium_only,learned_regime_pooled,ppo_gamma0.999_rulebook_seeds012,rulebook,pooled,,42,lap_time_fuel_adj_s,17,101.30141211965963,1.393468388152955,100.637171679075,101.92659634815743
by_tyre_age_medium_only,learned_regime_pooled,ppo_gamma0.999_rulebook_seeds012,rulebook,pooled,,43,lap_time_fuel_adj_s,16,101.35382475954626,1.041359559545887,100.8257326785905,101.82330911509149
by_tyre_age_medium_only,learned_regime_pooled,ppo_gamma0.999_rulebook_seeds012,rulebook,pooled,,44,lap_time_fuel_adj_s,13,101.99349644103494,1.029444580305174,101.46351426908836,102.49360449079508
by_tyre_age_medium_only,learned_regime_pooled,ppo_gamma0.999_rulebook_seeds012,rulebook,pooled,,45,lap_time_fuel_adj_s,12,102.11423070788447,1.2353287271599347,101.42208419936121,102.75137214202374
by_tyre_age_medium_only,learned_regime_pooled,ppo_gamma0.999_rulebook_seeds012,rulebook,pooled,,46,lap_time_fuel_adj_s,12,102.69011523800835,1.2483377560485758,101.99872622945992,103.37671431597282
by_tyre_age_medium_only,learned_regime_pooled,ppo_gamma0.999_rulebook_seeds012,rulebook,pooled,,47,lap_time_fuel_adj_s,11,102.14429260495903,1.411833234552707,101.35656990490502,102.98418928872195
by_tyre_age_medium_only,learned_regime_pooled,ppo_gamma0.999_rulebook_seeds012,rulebook,pooled,,48,lap_time_fuel_adj_s,9,101.99350650345572,1.1339272103911333,101.39120669808793,102.7363165785177
by_tyre_age_medium_only,learned_regime_pooled,ppo_gamma0.999_rulebook_seeds012,rulebook,pooled,,49,lap_time_fuel_adj_s,8,102.76681871471158,1.5834837629609713,101.61838890221598,103.6809068038203
by_tyre_age_medium_only,learned_regime_pooled,ppo_gamma0.999_rulebook_seeds012,rulebook,pooled,,50,lap_time_fuel_adj_s,8,103.02135266231062,1.1590444915430143,102.22301667112387,103.73227767492128
by_tyre_age_medium_only,learned_regime_pooled,ppo_gamma0.999_rulebook_seeds012,rulebook,pooled,,51,lap_time_fuel_adj_s,7,102.26766194850678,1.0010073178048935,101.6223510851634,103.00822070123465
race_outcome_conditional_finishers,learned_regime_pooled,ppo_gamma0.999_rulebook_seeds012,rulebook,pooled,,finishers_all,race_time_s,22,5056.0364231732865,271.23898112575034,4949.691651008319,5164.835015856486
race_outcome_conditional_finishers,learned_regime_pooled,ppo_gamma0.999_rulebook_seeds012,rulebook,pooled,,finishers_all,segment_sum_time_s,22,4960.581877718743,129.6252260421039,4909.353989740111,5016.8728966372455
race_outcome_conditional_finishers,learned_regime_pooled,ppo_gamma0.999_rulebook_seeds012,rulebook,pooled,,finishers_zero_pit,race_time_s,7,5442.148578724358,7.479536584836322,5437.543937493481,5447.5602667999665
race_outcome_conditional_finishers,learned_regime_pooled,ppo_gamma0.999_rulebook_seeds012,rulebook,pooled,,finishers_with_pit,race_time_s,15,4875.850750582787,31.69643509277463,4860.463114202148,4890.86322949858
all_episode_progress,learned_regime_pooled,ppo_gamma0.999_rulebook_seeds012,rulebook,pooled,,all_episodes,completed_laps,300,24.54,14.852059753777112,22.89666666666667,26.206666666666667
attrition,learned_regime_pooled,ppo_gamma0.999_rulebook_seeds012,rulebook,pooled,,all_episodes,crash_rate,300,0.9266666666666666,0.26111842459139595,0.8966666666666666,0.9533333333333334
attrition,learned_regime_pooled,ppo_gamma0.999_rulebook_seeds012,rulebook,pooled,,all_episodes,catastrophic_rate,300,0.11666666666666667,0.3215590505108515,0.08333333333333333,0.15333333333333332
attrition,learned_regime_pooled,ppo_gamma0.999_rulebook_seeds012,rulebook,pooled,,all_episodes,finish_rate,300,0.07333333333333333,0.26111842459139595,0.04666666666666667,0.10341666666666621
matched_window_laps5_15_zeropit,learned_regime_pooled,ppo_gamma0.999_safe_seeds012,safe,pooled,,laps5-15,lap_time_s,2213,97.01276043697627,1.3650530147324031,96.95742621719538,97.07115626472412
matched_window_laps5_15_zeropit,learned_regime_pooled,ppo_gamma0.999_safe_seeds012,safe,pooled,,laps5-15,lap_time_fuel_adj_s,2213,94.93652386288609,1.432740950363691,94.87758510023427,94.99308328205886
matched_window_laps5_15_zeropit,learned_regime_pooled,ppo_gamma0.999_safe_seeds012,safe,pooled,,laps5-15,tyre_age_entry,2213,8.814279258924536,3.1716041183100367,8.689516493447808,8.952553095345685
matched_window_laps5_15_zeropit,learned_regime_pooled,ppo_gamma0.999_safe_seeds012,safe,pooled,,laps5-15,mean_risk_in_lap,2213,-0.5578817516769806,0.22297301179724774,-0.5669260663094927,-0.5490450744805786
matched_window_laps5_15_zeropit,learned_regime_pooled,ppo_gamma0.999_safe_seeds012,safe,pooled,,laps5-15,is_medium_compound,2213,1.0,0.0,1.0,1.0
matched_window_laps5_15_nonpitlaps,learned_regime_pooled,ppo_gamma0.999_safe_seeds012,safe,pooled,,laps5-15,lap_time_s,2708,96.98979039104815,1.3721701815843093,96.93956646362406,97.03882457974201
by_lap_number,learned_regime_pooled,ppo_gamma0.999_safe_seeds012,safe,pooled,,1,lap_time_s,300,95.64185343623741,1.1631050608831168,95.51393106330703,95.77949277301958
by_lap_number,learned_regime_pooled,ppo_gamma0.999_safe_seeds012,safe,pooled,,2,lap_time_s,289,95.67502690182967,1.3352079667556827,95.51841398520637,95.82922538987296
by_lap_number,learned_regime_pooled,ppo_gamma0.999_safe_seeds012,safe,pooled,,3,lap_time_s,284,95.7341894573665,1.3121904624148453,95.5819970246745,95.88735185894262
by_lap_number,learned_regime_pooled,ppo_gamma0.999_safe_seeds012,safe,pooled,,4,lap_time_s,279,96.08448184523574,1.2133070593304205,95.93790753384849,96.2199524560756
by_lap_number,learned_regime_pooled,ppo_gamma0.999_safe_seeds012,safe,pooled,,5,lap_time_s,267,96.12877676833887,1.3177971336664693,95.96510936870997,96.28706597671318
by_lap_number,learned_regime_pooled,ppo_gamma0.999_safe_seeds012,safe,pooled,,6,lap_time_s,266,96.23227590853872,1.264713153909661,96.08478723474839,96.39190139658876
by_lap_number,learned_regime_pooled,ppo_gamma0.999_safe_seeds012,safe,pooled,,7,lap_time_s,254,96.4539083735777,1.1600018081564945,96.31188120342512,96.59851628568876
by_lap_number,learned_regime_pooled,ppo_gamma0.999_safe_seeds012,safe,pooled,,8,lap_time_s,251,96.57231145990812,1.1887865982723627,96.43151191677993,96.71335355169585
by_lap_number,learned_regime_pooled,ppo_gamma0.999_safe_seeds012,safe,pooled,,9,lap_time_s,251,97.15321287238064,1.2015702788152325,97.00361881441039,97.30245616464028
by_lap_number,learned_regime_pooled,ppo_gamma0.999_safe_seeds012,safe,pooled,,10,lap_time_s,245,96.98544439063132,1.3101644833768713,96.82383950523561,97.15621936234695
by_lap_number,learned_regime_pooled,ppo_gamma0.999_safe_seeds012,safe,pooled,,11,lap_time_s,239,97.1336222625106,1.212932179555475,96.98152985557364,97.28361391077064
by_lap_number,learned_regime_pooled,ppo_gamma0.999_safe_seeds012,safe,pooled,,12,lap_time_s,237,97.31456670399436,1.1531569918032336,97.16601837191772,97.46340620850634
by_lap_number,learned_regime_pooled,ppo_gamma0.999_safe_seeds012,safe,pooled,,13,lap_time_s,234,97.61276035843564,1.350773437725812,97.4340816312897,97.79122576962216
by_lap_number,learned_regime_pooled,ppo_gamma0.999_safe_seeds012,safe,pooled,,14,lap_time_s,232,97.78386950172548,1.1711608985335522,97.63359521752515,97.9422936924265
by_lap_number,learned_regime_pooled,ppo_gamma0.999_safe_seeds012,safe,pooled,,15,lap_time_s,232,97.8130116477663,1.369693638236571,97.63515759583333,97.9898821544893
by_lap_number,learned_regime_pooled,ppo_gamma0.999_safe_seeds012,safe,pooled,,16,lap_time_s,228,97.77858831081808,1.2311738805235168,97.62286816856846,97.93624613520183
by_lap_number,learned_regime_pooled,ppo_gamma0.999_safe_seeds012,safe,pooled,,17,lap_time_s,222,98.15115414248362,1.2121166919149196,97.99210005885111,98.31488168891634
by_lap_number,learned_regime_pooled,ppo_gamma0.999_safe_seeds012,safe,pooled,,18,lap_time_s,216,98.30827807265375,1.1629198129425045,98.15681430684174,98.45957509830748
by_lap_number,learned_regime_pooled,ppo_gamma0.999_safe_seeds012,safe,pooled,,19,lap_time_s,213,98.35260614846506,1.274801329931966,98.17947731480871,98.52542623942524
by_lap_number,learned_regime_pooled,ppo_gamma0.999_safe_seeds012,safe,pooled,,20,lap_time_s,205,98.5824776405937,1.215951533163594,98.41600548520888,98.74876635153832
by_lap_number,learned_regime_pooled,ppo_gamma0.999_safe_seeds012,safe,pooled,,21,lap_time_s,201,98.53267304191104,1.2617950235880862,98.36223325441802,98.70000504746223
by_lap_number,learned_regime_pooled,ppo_gamma0.999_safe_seeds012,safe,pooled,,22,lap_time_s,195,98.94293621168634,1.1997949763948834,98.7753139089493,99.11059548702896
by_lap_number,learned_regime_pooled,ppo_gamma0.999_safe_seeds012,safe,pooled,,23,lap_time_s,190,98.74171144487941,1.3738745130665722,98.54602342192557,98.93599802533193
by_lap_number,learned_regime_pooled,ppo_gamma0.999_safe_seeds012,safe,pooled,,24,lap_time_s,188,98.8740359683834,1.2277751094307539,98.70338731569868,99.04772698104956
by_lap_number,learned_regime_pooled,ppo_gamma0.999_safe_seeds012,safe,pooled,,25,lap_time_s,175,99.10269824789617,1.2338273172232632,98.9207152721119,99.27874812672596
by_lap_number,learned_regime_pooled,ppo_gamma0.999_safe_seeds012,safe,pooled,,26,lap_time_s,167,99.07428025620942,1.3320020522149847,98.88203895622338,99.26982247459888
by_lap_number,learned_regime_pooled,ppo_gamma0.999_safe_seeds012,safe,pooled,,27,lap_time_s,137,99.64767449066116,1.422786656851625,99.40509118596479,99.87414643315844
by_lap_number,learned_regime_pooled,ppo_gamma0.999_safe_seeds012,safe,pooled,,28,lap_time_s,125,98.77605233577788,2.2576228532462954,98.3822718773098,99.17141982389643
by_lap_number,learned_regime_pooled,ppo_gamma0.999_safe_seeds012,safe,pooled,,29,lap_time_s,128,98.42076019014782,2.820104793004443,97.93967291776374,98.89783589378621
by_lap_number,learned_regime_pooled,ppo_gamma0.999_safe_seeds012,safe,pooled,,30,lap_time_s,119,98.34031258957461,2.7976756508103033,97.82795841550906,98.83155513503299
by_lap_number,learned_regime_pooled,ppo_gamma0.999_safe_seeds012,safe,pooled,,31,lap_time_s,123,97.80764615744106,2.934436631838483,97.28640911918501,98.29812370916504
by_lap_number,learned_regime_pooled,ppo_gamma0.999_safe_seeds012,safe,pooled,,32,lap_time_s,118,98.02386044276453,2.8490909845758376,97.4977326875402,98.497956427548
by_lap_number,learned_regime_pooled,ppo_gamma0.999_safe_seeds012,safe,pooled,,33,lap_time_s,113,97.99936485607688,2.8659109033166645,97.47450807739467,98.53722687180498
by_lap_number,learned_regime_pooled,ppo_gamma0.999_safe_seeds012,safe,pooled,,34,lap_time_s,109,98.01170726074238,2.767956940919478,97.50970387411107,98.52541779396972
by_lap_number,learned_regime_pooled,ppo_gamma0.999_safe_seeds012,safe,pooled,,35,lap_time_s,106,97.92410076121136,2.8415734916951823,97.37794321215323,98.43886381206045
by_lap_number,learned_regime_pooled,ppo_gamma0.999_safe_seeds012,safe,pooled,,36,lap_time_s,103,98.42599815518939,2.8635074322331584,97.8971162255307,98.99599282563662
by_lap_number,learned_regime_pooled,ppo_gamma0.999_safe_seeds012,safe,pooled,,37,lap_time_s,96,98.06004546932517,2.871295155975153,97.48867691700558,98.62652606475584
by_lap_number,learned_regime_pooled,ppo_gamma0.999_safe_seeds012,safe,pooled,,38,lap_time_s,96,98.40808089745492,2.8630934911800523,97.82298099236648,98.97353880765121
by_lap_number,learned_regime_pooled,ppo_gamma0.999_safe_seeds012,safe,pooled,,39,lap_time_s,92,98.63359272062957,2.8812710857130766,98.0839179230214,99.24418979649583
by_lap_number,learned_regime_pooled,ppo_gamma0.999_safe_seeds012,safe,pooled,,40,lap_time_s,90,98.32920142722604,2.5700722854169786,97.81043866273733,98.86524340944466
by_lap_number,learned_regime_pooled,ppo_gamma0.999_safe_seeds012,safe,pooled,,41,lap_time_s,86,98.48161724512804,2.9041182838651762,97.87668117602249,99.11293835831152
by_lap_number,learned_regime_pooled,ppo_gamma0.999_safe_seeds012,safe,pooled,,42,lap_time_s,85,98.70788763905169,3.0062447007998774,98.09365183228029,99.35696724416408
by_lap_number,learned_regime_pooled,ppo_gamma0.999_safe_seeds012,safe,pooled,,43,lap_time_s,83,99.1697947402657,2.7723032596476895,98.57688309350168,99.75878549893972
by_lap_number,learned_regime_pooled,ppo_gamma0.999_safe_seeds012,safe,pooled,,44,lap_time_s,79,99.0953577310988,2.743000274271647,98.49027082314596,99.6940730825577
by_lap_number,learned_regime_pooled,ppo_gamma0.999_safe_seeds012,safe,pooled,,45,lap_time_s,71,99.13156190656461,2.917991119445515,98.47978174024311,99.80764219783059
by_lap_number,learned_regime_pooled,ppo_gamma0.999_safe_seeds012,safe,pooled,,46,lap_time_s,60,99.6344038120547,3.1202549511184157,98.82256214300168,100.42942712787305
by_lap_number,learned_regime_pooled,ppo_gamma0.999_safe_seeds012,safe,pooled,,47,lap_time_s,56,99.0888338779184,3.269104362039947,98.27044587514244,99.88384043450473
by_lap_number,learned_regime_pooled,ppo_gamma0.999_safe_seeds012,safe,pooled,,48,lap_time_s,48,99.06436823585084,4.035488098085305,97.96349559084909,100.21647957616621
by_lap_number,learned_regime_pooled,ppo_gamma0.999_safe_seeds012,safe,pooled,,49,lap_time_s,48,98.19343618326776,4.237035513972299,97.05526106966123,99.35921442813982
by_lap_number,learned_regime_pooled,ppo_gamma0.999_safe_seeds012,safe,pooled,,50,lap_time_s,49,97.75483203685768,4.722967101180058,96.48879807596401,99.03355527431151
by_lap_number,learned_regime_pooled,ppo_gamma0.999_safe_seeds012,safe,pooled,,51,lap_time_s,48,98.01976421229722,4.605168262670308,96.72955222537557,99.27060834583898
by_lap_number,learned_regime_pooled,ppo_gamma0.999_safe_seeds012,safe,pooled,,52,lap_time_s,51,97.4402265595528,4.330183450751874,96.26005044825119,98.6916246894651
by_tyre_age,learned_regime_pooled,ppo_gamma0.999_safe_seeds012,safe,pooled,,0,lap_time_fuel_adj_s,375,93.07458975913663,1.2417855617113225,92.9540912513076,93.20077343313898
by_tyre_age,learned_regime_pooled,ppo_gamma0.999_safe_seeds012,safe,pooled,,1,lap_time_fuel_adj_s,358,93.15664733564086,1.3131440791750133,93.026812717278,93.29229686987075
by_tyre_age,learned_regime_pooled,ppo_gamma0.999_safe_seeds012,safe,pooled,,2,lap_time_fuel_adj_s,349,93.34301104375672,1.2963527581621008,93.20859853949116,93.47743015202775
by_tyre_age,learned_regime_pooled,ppo_gamma0.999_safe_seeds012,safe,pooled,,3,lap_time_fuel_adj_s,339,93.7539403912824,1.2140390169040138,93.62282691709119,93.87982280159873
by_tyre_age,learned_regime_pooled,ppo_gamma0.999_safe_seeds012,safe,pooled,,4,lap_time_fuel_adj_s,320,93.83321312048686,1.27923893317737,93.68789359270701,93.96791657021613
by_tyre_age,learned_regime_pooled,ppo_gamma0.999_safe_seeds012,safe,pooled,,5,lap_time_fuel_adj_s,314,93.97377017433925,1.2496079116074437,93.83929896036823,94.1106737206661
by_tyre_age,learned_regime_pooled,ppo_gamma0.999_safe_seeds012,safe,pooled,,6,lap_time_fuel_adj_s,299,94.23894864546837,1.1647705628915537,94.10696490654068,94.37419510374326
by_tyre_age,learned_regime_pooled,ppo_gamma0.999_safe_seeds012,safe,pooled,,7,lap_time_fuel_adj_s,294,94.45568778192008,1.2253327119760749,94.31853427287524,94.5931962415231
by_tyre_age,learned_regime_pooled,ppo_gamma0.999_safe_seeds012,safe,pooled,,8,lap_time_fuel_adj_s,293,94.95701622767919,1.2297406911207658,94.81126998789216,95.09974916479683
by_tyre_age,learned_regime_pooled,ppo_gamma0.999_safe_seeds012,safe,pooled,,9,lap_time_fuel_adj_s,287,94.86660671714738,1.2815408349537918,94.71975668447831,95.01874489672767
by_tyre_age,learned_regime_pooled,ppo_gamma0.999_safe_seeds012,safe,pooled,,10,lap_time_fuel_adj_s,281,95.08371116562853,1.2240663614119147,94.9383873178204,95.21987067175719
by_tyre_age,learned_regime_pooled,ppo_gamma0.999_safe_seeds012,safe,pooled,,11,lap_time_fuel_adj_s,278,95.33688623141171,1.1580897649068593,95.2004932372455,95.46807392636725
by_tyre_age,learned_regime_pooled,ppo_gamma0.999_safe_seeds012,safe,pooled,,12,lap_time_fuel_adj_s,274,95.64723243257806,1.368884524876016,95.47230381044243,95.80761620783754
by_tyre_age,learned_regime_pooled,ppo_gamma0.999_safe_seeds012,safe,pooled,,13,lap_time_fuel_adj_s,272,95.87127914217658,1.1816487385361334,95.7358119493005,96.01468683159679
by_tyre_age,learned_regime_pooled,ppo_gamma0.999_safe_seeds012,safe,pooled,,14,lap_time_fuel_adj_s,271,95.97640430886048,1.3477721708240904,95.81749762100132,96.13713721223556
by_tyre_age,learned_regime_pooled,ppo_gamma0.999_safe_seeds012,safe,pooled,,15,lap_time_fuel_adj_s,264,96.0335012998115,1.2036579659720275,95.88700823217447,96.1715576730391
by_tyre_age,learned_regime_pooled,ppo_gamma0.999_safe_seeds012,safe,pooled,,16,lap_time_fuel_adj_s,257,96.39981691997595,1.1867474551689117,96.26143651377785,96.54077396435348
by_tyre_age,learned_regime_pooled,ppo_gamma0.999_safe_seeds012,safe,pooled,,17,lap_time_fuel_adj_s,247,96.6258475786813,1.1495090197593913,96.48029031612865,96.76615772966478
by_tyre_age,learned_regime_pooled,ppo_gamma0.999_safe_seeds012,safe,pooled,,18,lap_time_fuel_adj_s,238,96.70603978380744,1.2530912775148333,96.54400318789868,96.85734288134573
by_tyre_age,learned_regime_pooled,ppo_gamma0.999_safe_seeds012,safe,pooled,,19,lap_time_fuel_adj_s,217,96.99100351970142,1.200357458842725,96.83374897649902,97.14097694997133
by_tyre_age,learned_regime_pooled,ppo_gamma0.999_safe_seeds012,safe,pooled,,20,lap_time_fuel_adj_s,201,96.99421150344952,1.2617950235880862,96.82562750456052,97.16580512164563
by_tyre_age,learned_regime_pooled,ppo_gamma0.999_safe_seeds012,safe,pooled,,21,lap_time_fuel_adj_s,195,97.45255159630175,1.1997949763948834,97.28887719850833,97.62180585300452
by_tyre_age,learned_regime_pooled,ppo_gamma0.999_safe_seeds012,safe,pooled,,22,lap_time_fuel_adj_s,190,97.29940375257172,1.3738745130665722,97.1036904007887,97.49570779488695
by_tyre_age,learned_regime_pooled,ppo_gamma0.999_safe_seeds012,safe,pooled,,23,lap_time_fuel_adj_s,187,97.51109067849403,1.1534886285903485,97.34261927834126,97.66798036850571
by_tyre_age,learned_regime_pooled,ppo_gamma0.999_safe_seeds012,safe,pooled,,24,lap_time_fuel_adj_s,174,97.77812816131548,1.203799372973469,97.5961237600886,97.95483961708335
by_tyre_age,learned_regime_pooled,ppo_gamma0.999_safe_seeds012,safe,pooled,,25,lap_time_fuel_adj_s,166,97.81331236668302,1.2464414060619278,97.63310797199198,97.98861633790585
by_tyre_age,learned_regime_pooled,ppo_gamma0.999_safe_seeds012,safe,pooled,,26,lap_time_fuel_adj_s,135,98.49080154523062,1.2018934856578458,98.28339335652805,98.69304688899686
by_tyre_age,learned_regime_pooled,ppo_gamma0.999_safe_seeds012,safe,pooled,,27,lap_time_fuel_adj_s,109,98.33694717552648,1.0368499983909267,98.1391640975431,98.52729584858723
by_tyre_age,learned_regime_pooled,ppo_gamma0.999_safe_seeds012,safe,pooled,,28,lap_time_fuel_adj_s,99,98.61293866442604,1.3756108043503705,98.34925854168081,98.89287791051105
by_tyre_age,learned_regime_pooled,ppo_gamma0.999_safe_seeds012,safe,pooled,,29,lap_time_fuel_adj_s,85,98.7627272550281,1.386619782412802,98.46554251836287,99.05019581961517
by_tyre_age,learned_regime_pooled,ppo_gamma0.999_safe_seeds012,safe,pooled,,30,lap_time_fuel_adj_s,79,98.68709241678948,1.3733195787358963,98.40233431331858,98.98486374624608
by_tyre_age,learned_regime_pooled,ppo_gamma0.999_safe_seeds012,safe,pooled,,31,lap_time_fuel_adj_s,75,98.95971593008177,1.1599323145894147,98.70392708664261,99.22084342055133
by_tyre_age,learned_regime_pooled,ppo_gamma0.999_safe_seeds012,safe,pooled,,32,lap_time_fuel_adj_s,70,99.05615114341455,1.3622873438205767,98.72028803001822,99.37838800868985
by_tyre_age,learned_regime_pooled,ppo_gamma0.999_safe_seeds012,safe,pooled,,33,lap_time_fuel_adj_s,66,99.08366507597721,1.2384886483509299,98.79975265419858,99.38460733271188
by_tyre_age,learned_regime_pooled,ppo_gamma0.999_safe_seeds012,safe,pooled,,34,lap_time_fuel_adj_s,63,99.1071407953248,1.396671465204085,98.76992594869893,99.45970975883169
by_tyre_age,learned_regime_pooled,ppo_gamma0.999_safe_seeds012,safe,pooled,,35,lap_time_fuel_adj_s,60,99.70765706978275,1.5746600101786379,99.31108011294154,100.10565201887617
by_tyre_age,learned_regime_pooled,ppo_gamma0.999_safe_seeds012,safe,pooled,,36,lap_time_fuel_adj_s,54,99.5413582494166,1.261941009571474,99.22335626188759,99.88425501127195
by_tyre_age,learned_regime_pooled,ppo_gamma0.999_safe_seeds012,safe,pooled,,37,lap_time_fuel_adj_s,54,99.94288278921823,1.367519949671893,99.55837540919133,100.30116332707367
by_tyre_age,learned_regime_pooled,ppo_gamma0.999_safe_seeds012,safe,pooled,,38,lap_time_fuel_adj_s,52,100.18855814395968,1.3349511971426298,99.83497698653436,100.57600120565775
by_tyre_age,learned_regime_pooled,ppo_gamma0.999_safe_seeds012,safe,pooled,,39,lap_time_fuel_adj_s,50,99.66237653503997,1.248900600153225,99.31014347656524,100.01486900493795
by_tyre_age,learned_regime_pooled,ppo_gamma0.999_safe_seeds012,safe,pooled,,40,lap_time_fuel_adj_s,46,100.31054329528253,1.2844928074664537,99.95283498021291,100.68284418800562
by_tyre_age,learned_regime_pooled,ppo_gamma0.999_safe_seeds012,safe,pooled,,41,lap_time_fuel_adj_s,45,100.73416250929895,1.3765704712542854,100.32863658718591,101.11314475620284
by_tyre_age,learned_regime_pooled,ppo_gamma0.999_safe_seeds012,safe,pooled,,42,lap_time_fuel_adj_s,44,100.95887867647707,1.4008930338427148,100.57802692059067,101.3664755569931
by_tyre_age,learned_regime_pooled,ppo_gamma0.999_safe_seeds012,safe,pooled,,43,lap_time_fuel_adj_s,40,101.1064068900238,1.238953296780265,100.71399914232657,101.48445048681509
by_tyre_age,learned_regime_pooled,ppo_gamma0.999_safe_seeds012,safe,pooled,,44,lap_time_fuel_adj_s,36,101.24344093234521,1.5790432541316686,100.72768915930405,101.7456216554322
by_tyre_age,learned_regime_pooled,ppo_gamma0.999_safe_seeds012,safe,pooled,,45,lap_time_fuel_adj_s,31,101.97692344238564,1.6168167364731794,101.407412977003,102.53209448034305
by_tyre_age,learned_regime_pooled,ppo_gamma0.999_safe_seeds012,safe,pooled,,46,lap_time_fuel_adj_s,30,101.40829231209418,1.2435339321735024,100.98737142310516,101.84425533411742
by_tyre_age,learned_regime_pooled,ppo_gamma0.999_safe_seeds012,safe,pooled,,47,lap_time_fuel_adj_s,25,102.27471635661011,1.4759527819826708,101.73381899760568,102.81155815962192
by_tyre_age,learned_regime_pooled,ppo_gamma0.999_safe_seeds012,safe,pooled,,48,lap_time_fuel_adj_s,23,101.89582883580559,1.7954252155084596,101.1676633920835,102.65333105401749
by_tyre_age,learned_regime_pooled,ppo_gamma0.999_safe_seeds012,safe,pooled,,49,lap_time_fuel_adj_s,23,102.25189270731752,1.4994001178593814,101.63856374618182,102.86182070598508
by_tyre_age,learned_regime_pooled,ppo_gamma0.999_safe_seeds012,safe,pooled,,50,lap_time_fuel_adj_s,23,102.51102809047488,1.2955157027743658,101.96438422093674,103.0027472227702
by_tyre_age,learned_regime_pooled,ppo_gamma0.999_safe_seeds012,safe,pooled,,51,lap_time_fuel_adj_s,22,101.99514360145166,1.4686028572997902,101.37982104922375,102.56644728743285
by_tyre_age_medium_only,learned_regime_pooled,ppo_gamma0.999_safe_seeds012,safe,pooled,,0,lap_time_fuel_adj_s,375,93.07458975913663,1.2417855617113225,92.95109822161697,93.19573793191135
by_tyre_age_medium_only,learned_regime_pooled,ppo_gamma0.999_safe_seeds012,safe,pooled,,1,lap_time_fuel_adj_s,358,93.15664733564086,1.3131440791750133,93.02456290458878,93.2917102099946
by_tyre_age_medium_only,learned_regime_pooled,ppo_gamma0.999_safe_seeds012,safe,pooled,,2,lap_time_fuel_adj_s,349,93.34301104375672,1.2963527581621008,93.20817708149633,93.48429151345813
by_tyre_age_medium_only,learned_regime_pooled,ppo_gamma0.999_safe_seeds012,safe,pooled,,3,lap_time_fuel_adj_s,339,93.7539403912824,1.2140390169040138,93.62215512023691,93.8841784731085
by_tyre_age_medium_only,learned_regime_pooled,ppo_gamma0.999_safe_seeds012,safe,pooled,,4,lap_time_fuel_adj_s,320,93.83321312048686,1.27923893317737,93.69348780792099,93.97599088858858
by_tyre_age_medium_only,learned_regime_pooled,ppo_gamma0.999_safe_seeds012,safe,pooled,,5,lap_time_fuel_adj_s,314,93.97377017433925,1.2496079116074437,93.8358819417687,94.11130621395156
by_tyre_age_medium_only,learned_regime_pooled,ppo_gamma0.999_safe_seeds012,safe,pooled,,6,lap_time_fuel_adj_s,299,94.23894864546837,1.1647705628915537,94.09757631801943,94.35945902484524
by_tyre_age_medium_only,learned_regime_pooled,ppo_gamma0.999_safe_seeds012,safe,pooled,,7,lap_time_fuel_adj_s,294,94.45568778192008,1.2253327119760749,94.31802578418954,94.59267630218066
by_tyre_age_medium_only,learned_regime_pooled,ppo_gamma0.999_safe_seeds012,safe,pooled,,8,lap_time_fuel_adj_s,293,94.95701622767919,1.2297406911207658,94.82139144443926,95.08972949028251
by_tyre_age_medium_only,learned_regime_pooled,ppo_gamma0.999_safe_seeds012,safe,pooled,,9,lap_time_fuel_adj_s,287,94.86660671714738,1.2815408349537918,94.72068029222432,95.01725437903121
by_tyre_age_medium_only,learned_regime_pooled,ppo_gamma0.999_safe_seeds012,safe,pooled,,10,lap_time_fuel_adj_s,281,95.08371116562853,1.2240663614119147,94.94431872816291,95.22585386933743
by_tyre_age_medium_only,learned_regime_pooled,ppo_gamma0.999_safe_seeds012,safe,pooled,,11,lap_time_fuel_adj_s,278,95.33688623141171,1.1580897649068593,95.20194607782462,95.47788122013634
by_tyre_age_medium_only,learned_regime_pooled,ppo_gamma0.999_safe_seeds012,safe,pooled,,12,lap_time_fuel_adj_s,274,95.64723243257806,1.368884524876016,95.48941296073752,95.8048730213253
by_tyre_age_medium_only,learned_regime_pooled,ppo_gamma0.999_safe_seeds012,safe,pooled,,13,lap_time_fuel_adj_s,272,95.87127914217658,1.1816487385361334,95.72446798197808,96.00631433774208
by_tyre_age_medium_only,learned_regime_pooled,ppo_gamma0.999_safe_seeds012,safe,pooled,,14,lap_time_fuel_adj_s,271,95.97640430886048,1.3477721708240904,95.81829913686812,96.13611011283565
by_tyre_age_medium_only,learned_regime_pooled,ppo_gamma0.999_safe_seeds012,safe,pooled,,15,lap_time_fuel_adj_s,264,96.0335012998115,1.2036579659720275,95.89469065284374,96.18103022414289
by_tyre_age_medium_only,learned_regime_pooled,ppo_gamma0.999_safe_seeds012,safe,pooled,,16,lap_time_fuel_adj_s,257,96.39981691997595,1.1867474551689117,96.25914853170902,96.54658629668666
by_tyre_age_medium_only,learned_regime_pooled,ppo_gamma0.999_safe_seeds012,safe,pooled,,17,lap_time_fuel_adj_s,247,96.6258475786813,1.1495090197593913,96.48547421525437,96.76275249544408
by_tyre_age_medium_only,learned_regime_pooled,ppo_gamma0.999_safe_seeds012,safe,pooled,,18,lap_time_fuel_adj_s,238,96.70603978380744,1.2530912775148333,96.54788914293917,96.86168821261082
by_tyre_age_medium_only,learned_regime_pooled,ppo_gamma0.999_safe_seeds012,safe,pooled,,19,lap_time_fuel_adj_s,217,96.99100351970142,1.200357458842725,96.83077638411135,97.14878687551499
by_tyre_age_medium_only,learned_regime_pooled,ppo_gamma0.999_safe_seeds012,safe,pooled,,20,lap_time_fuel_adj_s,201,96.99421150344952,1.2617950235880862,96.82935575919794,97.15949900296981
by_tyre_age_medium_only,learned_regime_pooled,ppo_gamma0.999_safe_seeds012,safe,pooled,,21,lap_time_fuel_adj_s,195,97.45255159630175,1.1997949763948834,97.29309728727844,97.6165887442018
by_tyre_age_medium_only,learned_regime_pooled,ppo_gamma0.999_safe_seeds012,safe,pooled,,22,lap_time_fuel_adj_s,190,97.29940375257172,1.3738745130665722,97.10587970424592,97.4978717231531
by_tyre_age_medium_only,learned_regime_pooled,ppo_gamma0.999_safe_seeds012,safe,pooled,,23,lap_time_fuel_adj_s,187,97.51109067849403,1.1534886285903485,97.34614580228954,97.66672934503741
by_tyre_age_medium_only,learned_regime_pooled,ppo_gamma0.999_safe_seeds012,safe,pooled,,24,lap_time_fuel_adj_s,174,97.77812816131548,1.203799372973469,97.60302490383545,97.96364749386916
by_tyre_age_medium_only,learned_regime_pooled,ppo_gamma0.999_safe_seeds012,safe,pooled,,25,lap_time_fuel_adj_s,166,97.81331236668302,1.2464414060619278,97.62410051843307,98.0039070862126
by_tyre_age_medium_only,learned_regime_pooled,ppo_gamma0.999_safe_seeds012,safe,pooled,,26,lap_time_fuel_adj_s,135,98.49080154523062,1.2018934856578458,98.29373807166533,98.68809764881225
by_tyre_age_medium_only,learned_regime_pooled,ppo_gamma0.999_safe_seeds012,safe,pooled,,27,lap_time_fuel_adj_s,109,98.33694717552648,1.0368499983909267,98.14625671210494,98.53519647849677
by_tyre_age_medium_only,learned_regime_pooled,ppo_gamma0.999_safe_seeds012,safe,pooled,,28,lap_time_fuel_adj_s,99,98.61293866442604,1.3756108043503705,98.35017264069805,98.88919132203594
by_tyre_age_medium_only,learned_regime_pooled,ppo_gamma0.999_safe_seeds012,safe,pooled,,29,lap_time_fuel_adj_s,85,98.7627272550281,1.386619782412802,98.47218315471545,99.06118543501569
by_tyre_age_medium_only,learned_regime_pooled,ppo_gamma0.999_safe_seeds012,safe,pooled,,30,lap_time_fuel_adj_s,79,98.68709241678948,1.3733195787358963,98.39132728548122,98.99145087362407
by_tyre_age_medium_only,learned_regime_pooled,ppo_gamma0.999_safe_seeds012,safe,pooled,,31,lap_time_fuel_adj_s,75,98.95971593008177,1.1599323145894147,98.69826186986413,99.21251146858543
by_tyre_age_medium_only,learned_regime_pooled,ppo_gamma0.999_safe_seeds012,safe,pooled,,32,lap_time_fuel_adj_s,70,99.05615114341455,1.3622873438205767,98.73253478060748,99.37885952275188
by_tyre_age_medium_only,learned_regime_pooled,ppo_gamma0.999_safe_seeds012,safe,pooled,,33,lap_time_fuel_adj_s,66,99.08366507597721,1.2384886483509299,98.78479232201434,99.37433855206757
by_tyre_age_medium_only,learned_regime_pooled,ppo_gamma0.999_safe_seeds012,safe,pooled,,34,lap_time_fuel_adj_s,63,99.1071407953248,1.396671465204085,98.75273602640313,99.44095532912154
by_tyre_age_medium_only,learned_regime_pooled,ppo_gamma0.999_safe_seeds012,safe,pooled,,35,lap_time_fuel_adj_s,60,99.70765706978275,1.5746600101786379,99.30232872947089,100.10224012594679
by_tyre_age_medium_only,learned_regime_pooled,ppo_gamma0.999_safe_seeds012,safe,pooled,,36,lap_time_fuel_adj_s,54,99.5413582494166,1.261941009571474,99.21142860950306,99.89361760295863
by_tyre_age_medium_only,learned_regime_pooled,ppo_gamma0.999_safe_seeds012,safe,pooled,,37,lap_time_fuel_adj_s,54,99.94288278921823,1.367519949671893,99.57098605776328,100.3019635037411
by_tyre_age_medium_only,learned_regime_pooled,ppo_gamma0.999_safe_seeds012,safe,pooled,,38,lap_time_fuel_adj_s,52,100.18855814395968,1.3349511971426298,99.85902636746859,100.5359419015236
by_tyre_age_medium_only,learned_regime_pooled,ppo_gamma0.999_safe_seeds012,safe,pooled,,39,lap_time_fuel_adj_s,50,99.66237653503997,1.248900600153225,99.31089913463451,99.99003158170905
by_tyre_age_medium_only,learned_regime_pooled,ppo_gamma0.999_safe_seeds012,safe,pooled,,40,lap_time_fuel_adj_s,46,100.31054329528253,1.2844928074664537,99.9538813170206,100.67281424349879
by_tyre_age_medium_only,learned_regime_pooled,ppo_gamma0.999_safe_seeds012,safe,pooled,,41,lap_time_fuel_adj_s,45,100.73416250929895,1.3765704712542854,100.33274713491299,101.12819610773661
by_tyre_age_medium_only,learned_regime_pooled,ppo_gamma0.999_safe_seeds012,safe,pooled,,42,lap_time_fuel_adj_s,44,100.95887867647707,1.4008930338427148,100.54152746855841,101.36816678080405
by_tyre_age_medium_only,learned_regime_pooled,ppo_gamma0.999_safe_seeds012,safe,pooled,,43,lap_time_fuel_adj_s,40,101.1064068900238,1.238953296780265,100.7276653414163,101.47636958901894
by_tyre_age_medium_only,learned_regime_pooled,ppo_gamma0.999_safe_seeds012,safe,pooled,,44,lap_time_fuel_adj_s,36,101.24344093234521,1.5790432541316686,100.76249686072376,101.75179427753773
by_tyre_age_medium_only,learned_regime_pooled,ppo_gamma0.999_safe_seeds012,safe,pooled,,45,lap_time_fuel_adj_s,31,101.97692344238564,1.6168167364731794,101.41953508806762,102.51692395563413
by_tyre_age_medium_only,learned_regime_pooled,ppo_gamma0.999_safe_seeds012,safe,pooled,,46,lap_time_fuel_adj_s,30,101.40829231209418,1.2435339321735024,100.95781690677069,101.8403500479064
by_tyre_age_medium_only,learned_regime_pooled,ppo_gamma0.999_safe_seeds012,safe,pooled,,47,lap_time_fuel_adj_s,25,102.27471635661011,1.4759527819826708,101.71981087538728,102.83310793119252
by_tyre_age_medium_only,learned_regime_pooled,ppo_gamma0.999_safe_seeds012,safe,pooled,,48,lap_time_fuel_adj_s,23,101.89582883580559,1.7954252155084596,101.1607101335451,102.6174957327064
by_tyre_age_medium_only,learned_regime_pooled,ppo_gamma0.999_safe_seeds012,safe,pooled,,49,lap_time_fuel_adj_s,23,102.25189270731752,1.4994001178593814,101.6780757484105,102.87098136799023
by_tyre_age_medium_only,learned_regime_pooled,ppo_gamma0.999_safe_seeds012,safe,pooled,,50,lap_time_fuel_adj_s,23,102.51102809047488,1.2955157027743658,101.98046063243417,103.0085225179941
by_tyre_age_medium_only,learned_regime_pooled,ppo_gamma0.999_safe_seeds012,safe,pooled,,51,lap_time_fuel_adj_s,22,101.99514360145166,1.4686028572997902,101.37733307869314,102.58106184240224
race_outcome_conditional_finishers,learned_regime_pooled,ppo_gamma0.999_safe_seeds012,safe,pooled,,finishers_all,race_time_s,51,5104.344381011519,49.18940486426102,5089.999958712165,5118.142932622798
race_outcome_conditional_finishers,learned_regime_pooled,ppo_gamma0.999_safe_seeds012,safe,pooled,,finishers_all,segment_sum_time_s,51,5104.344381011519,49.18940486426045,5091.482470526068,5117.8300527099755
race_outcome_conditional_finishers,learned_regime_pooled,ppo_gamma0.999_safe_seeds012,safe,pooled,,finishers_zero_pit,race_time_s,22,5157.781884348453,18.61470071341044,5150.338803429436,5165.245237142576
race_outcome_conditional_finishers,learned_regime_pooled,ppo_gamma0.999_safe_seeds012,safe,pooled,,finishers_with_pit,race_time_s,29,5063.805585376604,10.727693520479262,5059.905731220777,5067.58831815053
all_episode_progress,learned_regime_pooled,ppo_gamma0.999_safe_seeds012,safe,pooled,,all_episodes,completed_laps,300,28.18,16.49812799758655,26.273083333333332,29.98
attrition,learned_regime_pooled,ppo_gamma0.999_safe_seeds012,safe,pooled,,all_episodes,crash_rate,300,0.83,0.3762604235825435,0.7866666666666666,0.87
attrition,learned_regime_pooled,ppo_gamma0.999_safe_seeds012,safe,pooled,,all_episodes,catastrophic_rate,300,0.13,0.3368653453081293,0.09333333333333334,0.17
attrition,learned_regime_pooled,ppo_gamma0.999_safe_seeds012,safe,pooled,,all_episodes,finish_rate,300,0.17,0.37626042358254347,0.12666666666666668,0.21008333333333287
matched_window_laps5_15_zeropit,learned_regime_pooled,ppo_gamma0.999_unconstrained_seeds012,unconstrained,pooled,,laps5-15,lap_time_s,2249,95.17488819362167,1.3778114472800276,95.11845879781976,95.23404643330227
matched_window_laps5_15_zeropit,learned_regime_pooled,ppo_gamma0.999_unconstrained_seeds012,unconstrained,pooled,,laps5-15,lap_time_fuel_adj_s,2249,93.08784950976217,1.44736553144529,93.03071969341033,93.14825307447293
matched_window_laps5_15_zeropit,learned_regime_pooled,ppo_gamma0.999_unconstrained_seeds012,unconstrained,pooled,,laps5-15,tyre_age_entry,2249,8.589595375722544,3.1494644895730777,8.458859493108049,8.71542907959093
matched_window_laps5_15_zeropit,learned_regime_pooled,ppo_gamma0.999_unconstrained_seeds012,unconstrained,pooled,,laps5-15,mean_risk_in_lap,2249,0.73615707297313,0.1821090595465338,0.72835780625203,0.743856535814732
matched_window_laps5_15_zeropit,learned_regime_pooled,ppo_gamma0.999_unconstrained_seeds012,unconstrained,pooled,,laps5-15,is_medium_compound,2249,1.0,0.0,1.0,1.0
matched_window_laps5_15_nonpitlaps,learned_regime_pooled,ppo_gamma0.999_unconstrained_seeds012,unconstrained,pooled,,laps5-15,lap_time_s,2249,95.17488819362167,1.3778114472800276,95.11577714504243,95.23251250381594
by_lap_number,learned_regime_pooled,ppo_gamma0.999_unconstrained_seeds012,unconstrained,pooled,,1,lap_time_s,292,93.98760249435614,1.1698931871072737,93.85507398788783,94.12149996816144
by_lap_number,learned_regime_pooled,ppo_gamma0.999_unconstrained_seeds012,unconstrained,pooled,,2,lap_time_s,279,93.82963292319137,1.310354707144557,93.67617098529897,93.97629757662463
by_lap_number,learned_regime_pooled,ppo_gamma0.999_unconstrained_seeds012,unconstrained,pooled,,3,lap_time_s,273,93.91925071936873,1.3074631079296473,93.76550860350778,94.07113002227706
by_lap_number,learned_regime_pooled,ppo_gamma0.999_unconstrained_seeds012,unconstrained,pooled,,4,lap_time_s,263,94.39447506665508,1.1994584793543028,94.24885373382673,94.54233621112239
by_lap_number,learned_regime_pooled,ppo_gamma0.999_unconstrained_seeds012,unconstrained,pooled,,5,lap_time_s,250,94.35503794929137,1.31183190340388,94.20011565442078,94.51717958351077
by_lap_number,learned_regime_pooled,ppo_gamma0.999_unconstrained_seeds012,unconstrained,pooled,,6,lap_time_s,247,94.56666220931311,1.2024049310730487,94.41930464592767,94.71587599882275
by_lap_number,learned_regime_pooled,ppo_gamma0.999_unconstrained_seeds012,unconstrained,pooled,,7,lap_time_s,219,94.60438432770104,1.249262353838518,94.45023630869066,94.76473877435659
by_lap_number,learned_regime_pooled,ppo_gamma0.999_unconstrained_seeds012,unconstrained,pooled,,8,lap_time_s,216,94.88371349276362,1.066440897958613,94.74452603585766,95.02408466610385
by_lap_number,learned_regime_pooled,ppo_gamma0.999_unconstrained_seeds012,unconstrained,pooled,,9,lap_time_s,213,95.15498581068417,1.2112573427017628,95.00136292027477,95.31207480903774
by_lap_number,learned_regime_pooled,ppo_gamma0.999_unconstrained_seeds012,unconstrained,pooled,,10,lap_time_s,206,95.14799929178639,1.3813689637466973,94.95519547138603,95.34829206895004
by_lap_number,learned_regime_pooled,ppo_gamma0.999_unconstrained_seeds012,unconstrained,pooled,,11,lap_time_s,195,95.52119180776704,1.2549622433163492,95.3449889387211,95.69632379425413
by_lap_number,learned_regime_pooled,ppo_gamma0.999_unconstrained_seeds012,unconstrained,pooled,,12,lap_time_s,190,95.46404199037325,1.2751112409524374,95.2856324754064,95.65829076452425
by_lap_number,learned_regime_pooled,ppo_gamma0.999_unconstrained_seeds012,unconstrained,pooled,,13,lap_time_s,177,95.83265545921779,1.357553050789999,95.6401762616055,96.02756029885526
by_lap_number,learned_regime_pooled,ppo_gamma0.999_unconstrained_seeds012,unconstrained,pooled,,14,lap_time_s,169,96.17357712452488,1.2552707033345238,95.96871023515911,96.36861727302833
by_lap_number,learned_regime_pooled,ppo_gamma0.999_unconstrained_seeds012,unconstrained,pooled,,15,lap_time_s,167,96.04396077504789,1.1890869574392948,95.86611909692033,96.22874930991787
by_lap_number,learned_regime_pooled,ppo_gamma0.999_unconstrained_seeds012,unconstrained,pooled,,16,lap_time_s,161,96.18028415059092,1.3051268588863416,95.97254739680348,96.38025688343977
by_lap_number,learned_regime_pooled,ppo_gamma0.999_unconstrained_seeds012,unconstrained,pooled,,17,lap_time_s,152,96.35537188212726,1.2343516507191323,96.16072673524769,96.54317622909717
by_lap_number,learned_regime_pooled,ppo_gamma0.999_unconstrained_seeds012,unconstrained,pooled,,18,lap_time_s,145,96.62816355962384,1.4298960428949878,96.412686774506,96.86598056124642
by_lap_number,learned_regime_pooled,ppo_gamma0.999_unconstrained_seeds012,unconstrained,pooled,,19,lap_time_s,144,97.23915934252098,1.3474704423855206,97.01722679912392,97.4641304287669
by_lap_number,learned_regime_pooled,ppo_gamma0.999_unconstrained_seeds012,unconstrained,pooled,,20,lap_time_s,139,97.205350840399,1.2723524372283601,96.99891040781598,97.41802585536351
by_lap_number,learned_regime_pooled,ppo_gamma0.999_unconstrained_seeds012,unconstrained,pooled,,21,lap_time_s,131,97.29715519886278,1.2236007568423954,97.08508054054668,97.4951681306089
by_lap_number,learned_regime_pooled,ppo_gamma0.999_unconstrained_seeds012,unconstrained,pooled,,22,lap_time_s,127,97.77481065815057,1.2761973424388016,97.5461985290149,97.99427362201685
by_lap_number,learned_regime_pooled,ppo_gamma0.999_unconstrained_seeds012,unconstrained,pooled,,23,lap_time_s,125,97.36633124647815,1.337037909032955,97.13599060488083,97.60055081562642
by_lap_number,learned_regime_pooled,ppo_gamma0.999_unconstrained_seeds012,unconstrained,pooled,,24,lap_time_s,121,98.03878084809438,1.477953339952179,97.77431953919987,98.2971839663969
by_lap_number,learned_regime_pooled,ppo_gamma0.999_unconstrained_seeds012,unconstrained,pooled,,25,lap_time_s,108,98.16375541209118,1.3622012675629538,97.90574884047713,98.41796388532565
by_lap_number,learned_regime_pooled,ppo_gamma0.999_unconstrained_seeds012,unconstrained,pooled,,26,lap_time_s,96,97.98164688091599,1.4605293460118,97.69160244117158,98.26704487353912
by_lap_number,learned_regime_pooled,ppo_gamma0.999_unconstrained_seeds012,unconstrained,pooled,,27,lap_time_s,79,98.70463541247794,1.2389388177724303,98.42705722916118,98.96106064160007
by_lap_number,learned_regime_pooled,ppo_gamma0.999_unconstrained_seeds012,unconstrained,pooled,,28,lap_time_s,74,98.86096443193787,1.4210682891710942,98.51920712124445,99.19362719321623
by_lap_number,learned_regime_pooled,ppo_gamma0.999_unconstrained_seeds012,unconstrained,pooled,,29,lap_time_s,70,99.0538231231902,1.3241995849055055,98.73065904960836,99.37145362595537
by_lap_number,learned_regime_pooled,ppo_gamma0.999_unconstrained_seeds012,unconstrained,pooled,,30,lap_time_s,68,99.35804591481627,1.4209452586465443,98.99429499059102,99.6819893547858
by_lap_number,learned_regime_pooled,ppo_gamma0.999_unconstrained_seeds012,unconstrained,pooled,,31,lap_time_s,65,99.18885789060684,1.4579538105851715,98.84574915568837,99.54356750751853
by_lap_number,learned_regime_pooled,ppo_gamma0.999_unconstrained_seeds012,unconstrained,pooled,,32,lap_time_s,60,99.54960541019558,1.2175833217163041,99.24144619553974,99.8607095653076
by_lap_number,learned_regime_pooled,ppo_gamma0.999_unconstrained_seeds012,unconstrained,pooled,,33,lap_time_s,58,100.01748254027987,1.1348142758826538,99.72803419115955,100.2937167478347
by_lap_number,learned_regime_pooled,ppo_gamma0.999_unconstrained_seeds012,unconstrained,pooled,,34,lap_time_s,55,99.84700695366652,1.116055063252395,99.5701519170979,100.13261867518419
by_lap_number,learned_regime_pooled,ppo_gamma0.999_unconstrained_seeds012,unconstrained,pooled,,35,lap_time_s,49,99.87849799666763,1.4694263981818305,99.46437654085999,100.2701176973653
by_lap_number,learned_regime_pooled,ppo_gamma0.999_unconstrained_seeds012,unconstrained,pooled,,36,lap_time_s,47,100.21448465502709,1.6469336297448132,99.73474211537098,100.67765815455519
by_lap_number,learned_regime_pooled,ppo_gamma0.999_unconstrained_seeds012,unconstrained,pooled,,37,lap_time_s,41,100.43435935052769,1.3186257306651106,100.0324143843662,100.84725970739814
by_lap_number,learned_regime_pooled,ppo_gamma0.999_unconstrained_seeds012,unconstrained,pooled,,38,lap_time_s,38,100.84416304797304,1.1458876435490903,100.51832480908163,101.19489346994277
by_lap_number,learned_regime_pooled,ppo_gamma0.999_unconstrained_seeds012,unconstrained,pooled,,39,lap_time_s,38,100.8886028081011,1.461039830019451,100.38748972384883,101.34035226987287
by_lap_number,learned_regime_pooled,ppo_gamma0.999_unconstrained_seeds012,unconstrained,pooled,,40,lap_time_s,36,100.3853066467333,1.4949200655466015,99.89926883296651,100.87200223036294
by_lap_number,learned_regime_pooled,ppo_gamma0.999_unconstrained_seeds012,unconstrained,pooled,,41,lap_time_s,31,100.62845453074372,1.3924823909014052,100.16659025631922,101.09773457021576
by_lap_number,learned_regime_pooled,ppo_gamma0.999_unconstrained_seeds012,unconstrained,pooled,,42,lap_time_s,29,101.22628186844713,1.291661399775113,100.79532676356325,101.6943176506415
by_lap_number,learned_regime_pooled,ppo_gamma0.999_unconstrained_seeds012,unconstrained,pooled,,43,lap_time_s,29,101.51590691553731,1.1968960815597798,101.09105850364078,101.92226550356642
by_lap_number,learned_regime_pooled,ppo_gamma0.999_unconstrained_seeds012,unconstrained,pooled,,44,lap_time_s,27,101.54349386483125,1.0539212780367415,101.16398928196423,101.91261808237157
by_lap_number,learned_regime_pooled,ppo_gamma0.999_unconstrained_seeds012,unconstrained,pooled,,45,lap_time_s,22,101.78248431056117,1.5360089513943358,101.09536753441672,102.34639178647998
by_lap_number,learned_regime_pooled,ppo_gamma0.999_unconstrained_seeds012,unconstrained,pooled,,46,lap_time_s,20,101.64835491042685,1.5779970932824101,100.96173037891674,102.27265362308175
by_lap_number,learned_regime_pooled,ppo_gamma0.999_unconstrained_seeds012,unconstrained,pooled,,47,lap_time_s,19,102.11711087679885,1.509090177552834,101.45418685269291,102.76927105498851
by_lap_number,learned_regime_pooled,ppo_gamma0.999_unconstrained_seeds012,unconstrained,pooled,,48,lap_time_s,15,101.58152035205518,1.2573562875457196,101.02704860667023,102.21857297947373
by_lap_number,learned_regime_pooled,ppo_gamma0.999_unconstrained_seeds012,unconstrained,pooled,,49,lap_time_s,10,102.65369814594405,1.2755031453009258,101.9259331015042,103.3864087042753
by_lap_number,learned_regime_pooled,ppo_gamma0.999_unconstrained_seeds012,unconstrained,pooled,,50,lap_time_s,10,102.87917596135962,1.2358484774011889,102.15695262888198,103.57687454403842
by_lap_number,learned_regime_pooled,ppo_gamma0.999_unconstrained_seeds012,unconstrained,pooled,,51,lap_time_s,9,102.64247756457752,1.220603232308232,101.82990017252101,103.36086423691278
by_lap_number,learned_regime_pooled,ppo_gamma0.999_unconstrained_seeds012,unconstrained,pooled,,52,lap_time_s,9,102.28524608189963,1.1342124842597436,101.58526835875773,102.9545441680761
by_tyre_age,learned_regime_pooled,ppo_gamma0.999_unconstrained_seeds012,unconstrained,pooled,,0,lap_time_fuel_adj_s,292,91.48760249435614,1.1698931871072737,91.34986307014732,91.61837651857252
by_tyre_age,learned_regime_pooled,ppo_gamma0.999_unconstrained_seeds012,unconstrained,pooled,,1,lap_time_fuel_adj_s,279,91.37770984626829,1.310354707144557,91.22552327343097,91.5297274536687
by_tyre_age,learned_regime_pooled,ppo_gamma0.999_unconstrained_seeds012,unconstrained,pooled,,2,lap_time_fuel_adj_s,273,91.51540456552257,1.3074631079296473,91.36419427738355,91.67215768328376
by_tyre_age,learned_regime_pooled,ppo_gamma0.999_unconstrained_seeds012,unconstrained,pooled,,3,lap_time_fuel_adj_s,263,92.03870583588585,1.1994584793543028,91.89315855810852,92.18675016677645
by_tyre_age,learned_regime_pooled,ppo_gamma0.999_unconstrained_seeds012,unconstrained,pooled,,4,lap_time_fuel_adj_s,250,92.04734564159907,1.31183190340388,91.88002469752804,92.20258097346374
by_tyre_age,learned_regime_pooled,ppo_gamma0.999_unconstrained_seeds012,unconstrained,pooled,,5,lap_time_fuel_adj_s,247,92.30704682469772,1.2024049310730487,92.1599962928507,92.45471202487334
by_tyre_age,learned_regime_pooled,ppo_gamma0.999_unconstrained_seeds012,unconstrained,pooled,,6,lap_time_fuel_adj_s,219,92.39284586616259,1.249262353838518,92.2284165897936,92.5612354630099
by_tyre_age,learned_regime_pooled,ppo_gamma0.999_unconstrained_seeds012,unconstrained,pooled,,7,lap_time_fuel_adj_s,216,92.72025195430207,1.066440897958613,92.57143663475692,92.85832870035176
by_tyre_age,learned_regime_pooled,ppo_gamma0.999_unconstrained_seeds012,unconstrained,pooled,,8,lap_time_fuel_adj_s,213,93.03960119529955,1.2112573427017628,92.88093239778145,93.21554100486122
by_tyre_age,learned_regime_pooled,ppo_gamma0.999_unconstrained_seeds012,unconstrained,pooled,,9,lap_time_fuel_adj_s,206,93.0806915994787,1.3813689637466973,92.89034591256153,93.27447456991695
by_tyre_age,learned_regime_pooled,ppo_gamma0.999_unconstrained_seeds012,unconstrained,pooled,,10,lap_time_fuel_adj_s,195,93.50196103853628,1.2549622433163492,93.33280509884813,93.68475255666826
by_tyre_age,learned_regime_pooled,ppo_gamma0.999_unconstrained_seeds012,unconstrained,pooled,,11,lap_time_fuel_adj_s,190,93.49288814421942,1.2751112409524372,93.31597564503993,93.67157922937949
by_tyre_age,learned_regime_pooled,ppo_gamma0.999_unconstrained_seeds012,unconstrained,pooled,,12,lap_time_fuel_adj_s,177,93.90957853614088,1.357553050789999,93.71495638926599,94.09892914341125
by_tyre_age,learned_regime_pooled,ppo_gamma0.999_unconstrained_seeds012,unconstrained,pooled,,13,lap_time_fuel_adj_s,169,94.29857712452488,1.2552707033345238,94.11842796862005,94.48734045796965
by_tyre_age,learned_regime_pooled,ppo_gamma0.999_unconstrained_seeds012,unconstrained,pooled,,14,lap_time_fuel_adj_s,167,94.21703769812481,1.1890869574392948,94.04094084288533,94.3909392078908
by_tyre_age,learned_regime_pooled,ppo_gamma0.999_unconstrained_seeds012,unconstrained,pooled,,15,lap_time_fuel_adj_s,161,94.40143799674478,1.3051268588863416,94.20339945789468,94.6083997557496
by_tyre_age,learned_regime_pooled,ppo_gamma0.999_unconstrained_seeds012,unconstrained,pooled,,16,lap_time_fuel_adj_s,152,94.62460265135803,1.2343516507191323,94.42342744513084,94.81766133057002
by_tyre_age,learned_regime_pooled,ppo_gamma0.999_unconstrained_seeds012,unconstrained,pooled,,17,lap_time_fuel_adj_s,145,94.94547125193152,1.4298960428949878,94.71582561033095,95.17435149850012
by_tyre_age,learned_regime_pooled,ppo_gamma0.999_unconstrained_seeds012,unconstrained,pooled,,18,lap_time_fuel_adj_s,144,95.6045439579056,1.3474704423855206,95.38827634159458,95.8399962056381
by_tyre_age,learned_regime_pooled,ppo_gamma0.999_unconstrained_seeds012,unconstrained,pooled,,19,lap_time_fuel_adj_s,139,95.61881237886055,1.2723524372283601,95.40811360069863,95.8419676722527
by_tyre_age,learned_regime_pooled,ppo_gamma0.999_unconstrained_seeds012,unconstrained,pooled,,20,lap_time_fuel_adj_s,131,95.75869366040125,1.2236007568423954,95.54762138914282,95.96004181495081
by_tyre_age,learned_regime_pooled,ppo_gamma0.999_unconstrained_seeds012,unconstrained,pooled,,21,lap_time_fuel_adj_s,127,96.28442604276599,1.2761973424388013,96.06896133199854,96.50083858834441
by_tyre_age,learned_regime_pooled,ppo_gamma0.999_unconstrained_seeds012,unconstrained,pooled,,22,lap_time_fuel_adj_s,125,95.92402355417043,1.337037909032955,95.68876541206231,96.16068632574556
by_tyre_age,learned_regime_pooled,ppo_gamma0.999_unconstrained_seeds012,unconstrained,pooled,,23,lap_time_fuel_adj_s,121,96.6445500788636,1.477953339952179,96.3842912085118,96.90250224229285
by_tyre_age,learned_regime_pooled,ppo_gamma0.999_unconstrained_seeds012,unconstrained,pooled,,24,lap_time_fuel_adj_s,108,96.81760156593734,1.3622012675629538,96.55972872809733,97.06829778309809
by_tyre_age,learned_regime_pooled,ppo_gamma0.999_unconstrained_seeds012,unconstrained,pooled,,25,lap_time_fuel_adj_s,96,96.68356995783908,1.4605293460118,96.41080343157384,96.98431343634033
by_tyre_age,learned_regime_pooled,ppo_gamma0.999_unconstrained_seeds012,unconstrained,pooled,,26,lap_time_fuel_adj_s,79,97.45463541247794,1.2389388177724303,97.18408203025757,97.73312366516801
by_tyre_age,learned_regime_pooled,ppo_gamma0.999_unconstrained_seeds012,unconstrained,pooled,,27,lap_time_fuel_adj_s,74,97.65904135501479,1.4210682891710942,97.3299479993676,97.97129003119129
by_tyre_age,learned_regime_pooled,ppo_gamma0.999_unconstrained_seeds012,unconstrained,pooled,,28,lap_time_fuel_adj_s,70,97.89997696934405,1.3241995849055055,97.57300197694438,98.1985845177945
by_tyre_age,learned_regime_pooled,ppo_gamma0.999_unconstrained_seeds012,unconstrained,pooled,,29,lap_time_fuel_adj_s,68,98.25227668404708,1.4209452586465443,97.9301115371089,98.57495977399746
by_tyre_age,learned_regime_pooled,ppo_gamma0.999_unconstrained_seeds012,unconstrained,pooled,,30,lap_time_fuel_adj_s,65,98.13116558291453,1.4579538105851715,97.78720755311659,98.49831953307547
by_tyre_age,learned_regime_pooled,ppo_gamma0.999_unconstrained_seeds012,unconstrained,pooled,,31,lap_time_fuel_adj_s,60,98.53999002558017,1.2175833217163041,98.23083560592552,98.865564317976
by_tyre_age,learned_regime_pooled,ppo_gamma0.999_unconstrained_seeds012,unconstrained,pooled,,32,lap_time_fuel_adj_s,58,99.05594407874139,1.1348142758826538,98.76670017672029,99.34983989446187
by_tyre_age,learned_regime_pooled,ppo_gamma0.999_unconstrained_seeds012,unconstrained,pooled,,33,lap_time_fuel_adj_s,55,98.93354541520499,1.116055063252395,98.63985264936798,99.2236103692611
by_tyre_age,learned_regime_pooled,ppo_gamma0.999_unconstrained_seeds012,unconstrained,pooled,,34,lap_time_fuel_adj_s,49,99.01311338128303,1.4694263981818305,98.59428849256611,99.41116040867654
by_tyre_age,learned_regime_pooled,ppo_gamma0.999_unconstrained_seeds012,unconstrained,pooled,,35,lap_time_fuel_adj_s,47,99.39717696271939,1.646933629744813,98.93010847310302,99.84996412565059
by_tyre_age,learned_regime_pooled,ppo_gamma0.999_unconstrained_seeds012,unconstrained,pooled,,36,lap_time_fuel_adj_s,41,99.66512858129691,1.3186257306651106,99.26343158756951,100.0682938567125
by_tyre_age,learned_regime_pooled,ppo_gamma0.999_unconstrained_seeds012,unconstrained,pooled,,37,lap_time_fuel_adj_s,38,100.12300920181922,1.1458876435490903,99.75443326793264,100.48474107679426
by_tyre_age,learned_regime_pooled,ppo_gamma0.999_unconstrained_seeds012,unconstrained,pooled,,38,lap_time_fuel_adj_s,38,100.21552588502418,1.461039830019451,99.75555449431276,100.66927660311882
by_tyre_age,learned_regime_pooled,ppo_gamma0.999_unconstrained_seeds012,unconstrained,pooled,,39,lap_time_fuel_adj_s,36,99.7603066467333,1.4949200655466015,99.2675911282863,100.24802042363453
by_tyre_age,learned_regime_pooled,ppo_gamma0.999_unconstrained_seeds012,unconstrained,pooled,,40,lap_time_fuel_adj_s,31,100.05153145382062,1.392482390901405,99.57926040760523,100.5415004353007
by_tyre_age,learned_regime_pooled,ppo_gamma0.999_unconstrained_seeds012,unconstrained,pooled,,41,lap_time_fuel_adj_s,29,100.69743571460097,1.291661399775113,100.22665008673148,101.18712691674595
by_tyre_age,learned_regime_pooled,ppo_gamma0.999_unconstrained_seeds012,unconstrained,pooled,,42,lap_time_fuel_adj_s,29,101.03513768476806,1.1968960815597798,100.57489833137393,101.4473440759924
by_tyre_age,learned_regime_pooled,ppo_gamma0.999_unconstrained_seeds012,unconstrained,pooled,,43,lap_time_fuel_adj_s,27,101.11080155713891,1.0539212780367415,100.71144774782229,101.49351449090085
by_tyre_age,learned_regime_pooled,ppo_gamma0.999_unconstrained_seeds012,unconstrained,pooled,,44,lap_time_fuel_adj_s,22,101.39786892594579,1.5360089513943358,100.7595241510384,102.01618637749692
by_tyre_age,learned_regime_pooled,ppo_gamma0.999_unconstrained_seeds012,unconstrained,pooled,,45,lap_time_fuel_adj_s,20,101.3118164488884,1.5779970932824101,100.59613248519936,101.97800940290405
by_tyre_age,learned_regime_pooled,ppo_gamma0.999_unconstrained_seeds012,unconstrained,pooled,,46,lap_time_fuel_adj_s,19,101.82864933833733,1.5090901775528343,101.133030817583,102.48626999862341
by_tyre_age,learned_regime_pooled,ppo_gamma0.999_unconstrained_seeds012,unconstrained,pooled,,47,lap_time_fuel_adj_s,15,101.34113573667057,1.2573562875457196,100.78545533120088,101.98027515182885
by_tyre_age,learned_regime_pooled,ppo_gamma0.999_unconstrained_seeds012,unconstrained,pooled,,48,lap_time_fuel_adj_s,10,102.46139045363634,1.2755031453009258,101.75525300351111,103.24407845520325
by_tyre_age,learned_regime_pooled,ppo_gamma0.999_unconstrained_seeds012,unconstrained,pooled,,49,lap_time_fuel_adj_s,10,102.73494519212883,1.2358484774011889,102.04271046941574,103.49719739670766
by_tyre_age,learned_regime_pooled,ppo_gamma0.999_unconstrained_seeds012,unconstrained,pooled,,50,lap_time_fuel_adj_s,9,102.54632371842368,1.220603232308232,101.82597793762957,103.2956165151281
by_tyre_age,learned_regime_pooled,ppo_gamma0.999_unconstrained_seeds012,unconstrained,pooled,,51,lap_time_fuel_adj_s,9,102.23716915882272,1.1342124842597436,101.49378079283805,102.91139841788632
by_tyre_age_medium_only,learned_regime_pooled,ppo_gamma0.999_unconstrained_seeds012,unconstrained,pooled,,0,lap_time_fuel_adj_s,292,91.48760249435614,1.1698931871072737,91.35538888953151,91.61735459856932
by_tyre_age_medium_only,learned_regime_pooled,ppo_gamma0.999_unconstrained_seeds012,unconstrained,pooled,,1,lap_time_fuel_adj_s,279,91.37770984626829,1.310354707144557,91.22626367085248,91.52605996482819
by_tyre_age_medium_only,learned_regime_pooled,ppo_gamma0.999_unconstrained_seeds012,unconstrained,pooled,,2,lap_time_fuel_adj_s,273,91.51540456552257,1.3074631079296473,91.35714425345112,91.67303518850107
by_tyre_age_medium_only,learned_regime_pooled,ppo_gamma0.999_unconstrained_seeds012,unconstrained,pooled,,3,lap_time_fuel_adj_s,263,92.03870583588585,1.1994584793543028,91.88907983394063,92.18017410135582
by_tyre_age_medium_only,learned_regime_pooled,ppo_gamma0.999_unconstrained_seeds012,unconstrained,pooled,,4,lap_time_fuel_adj_s,250,92.04734564159907,1.31183190340388,91.88251276673599,92.20512060312205
by_tyre_age_medium_only,learned_regime_pooled,ppo_gamma0.999_unconstrained_seeds012,unconstrained,pooled,,5,lap_time_fuel_adj_s,247,92.30704682469772,1.2024049310730487,92.15710935552627,92.4579762277465
by_tyre_age_medium_only,learned_regime_pooled,ppo_gamma0.999_unconstrained_seeds012,unconstrained,pooled,,6,lap_time_fuel_adj_s,219,92.39284586616259,1.249262353838518,92.22477378035165,92.54914540799528
by_tyre_age_medium_only,learned_regime_pooled,ppo_gamma0.999_unconstrained_seeds012,unconstrained,pooled,,7,lap_time_fuel_adj_s,216,92.72025195430207,1.066440897958613,92.58519040810845,92.85834106044213
by_tyre_age_medium_only,learned_regime_pooled,ppo_gamma0.999_unconstrained_seeds012,unconstrained,pooled,,8,lap_time_fuel_adj_s,213,93.03960119529955,1.2112573427017628,92.878930545202,93.20596578346428
by_tyre_age_medium_only,learned_regime_pooled,ppo_gamma0.999_unconstrained_seeds012,unconstrained,pooled,,9,lap_time_fuel_adj_s,206,93.0806915994787,1.3813689637466973,92.89215973886655,93.277401374769
by_tyre_age_medium_only,learned_regime_pooled,ppo_gamma0.999_unconstrained_seeds012,unconstrained,pooled,,10,lap_time_fuel_adj_s,195,93.50196103853628,1.2549622433163492,93.31930670484768,93.68059903877548
by_tyre_age_medium_only,learned_regime_pooled,ppo_gamma0.999_unconstrained_seeds012,unconstrained,pooled,,11,lap_time_fuel_adj_s,190,93.49288814421942,1.2751112409524372,93.30839831291686,93.66519983840391
by_tyre_age_medium_only,learned_regime_pooled,ppo_gamma0.999_unconstrained_seeds012,unconstrained,pooled,,12,lap_time_fuel_adj_s,177,93.90957853614088,1.357553050789999,93.69605449089362,94.11444114628573
by_tyre_age_medium_only,learned_regime_pooled,ppo_gamma0.999_unconstrained_seeds012,unconstrained,pooled,,13,lap_time_fuel_adj_s,169,94.29857712452488,1.2552707033345238,94.10794652267374,94.48960326315289
by_tyre_age_medium_only,learned_regime_pooled,ppo_gamma0.999_unconstrained_seeds012,unconstrained,pooled,,14,lap_time_fuel_adj_s,167,94.21703769812481,1.1890869574392948,94.04085407159499,94.39319523414169
by_tyre_age_medium_only,learned_regime_pooled,ppo_gamma0.999_unconstrained_seeds012,unconstrained,pooled,,15,lap_time_fuel_adj_s,161,94.40143799674478,1.3051268588863416,94.20561101122021,94.59813830995853
by_tyre_age_medium_only,learned_regime_pooled,ppo_gamma0.999_unconstrained_seeds012,unconstrained,pooled,,16,lap_time_fuel_adj_s,152,94.62460265135803,1.2343516507191323,94.43919965272482,94.81437151221175
by_tyre_age_medium_only,learned_regime_pooled,ppo_gamma0.999_unconstrained_seeds012,unconstrained,pooled,,17,lap_time_fuel_adj_s,145,94.94547125193152,1.4298960428949878,94.72089725709712,95.18795880880623
by_tyre_age_medium_only,learned_regime_pooled,ppo_gamma0.999_unconstrained_seeds012,unconstrained,pooled,,18,lap_time_fuel_adj_s,144,95.6045439579056,1.3474704423855206,95.38736177167033,95.83193641990792
by_tyre_age_medium_only,learned_regime_pooled,ppo_gamma0.999_unconstrained_seeds012,unconstrained,pooled,,19,lap_time_fuel_adj_s,139,95.61881237886055,1.2723524372283601,95.41196334582287,95.82421832989904
by_tyre_age_medium_only,learned_regime_pooled,ppo_gamma0.999_unconstrained_seeds012,unconstrained,pooled,,20,lap_time_fuel_adj_s,131,95.75869366040125,1.2236007568423954,95.55526248168914,95.97944420522373
by_tyre_age_medium_only,learned_regime_pooled,ppo_gamma0.999_unconstrained_seeds012,unconstrained,pooled,,21,lap_time_fuel_adj_s,127,96.28442604276599,1.2761973424388013,96.0629864478377,96.50507604125866
by_tyre_age_medium_only,learned_regime_pooled,ppo_gamma0.999_unconstrained_seeds012,unconstrained,pooled,,22,lap_time_fuel_adj_s,125,95.92402355417043,1.337037909032955,95.67939777466081,96.16496979556553
by_tyre_age_medium_only,learned_regime_pooled,ppo_gamma0.999_unconstrained_seeds012,unconstrained,pooled,,23,lap_time_fuel_adj_s,121,96.6445500788636,1.477953339952179,96.38154970898125,96.90637480518328
by_tyre_age_medium_only,learned_regime_pooled,ppo_gamma0.999_unconstrained_seeds012,unconstrained,pooled,,24,lap_time_fuel_adj_s,108,96.81760156593734,1.3622012675629538,96.5660028516359,97.06642640247699
by_tyre_age_medium_only,learned_regime_pooled,ppo_gamma0.999_unconstrained_seeds012,unconstrained,pooled,,25,lap_time_fuel_adj_s,96,96.68356995783908,1.4605293460118,96.39876472672795,96.96632301587542
by_tyre_age_medium_only,learned_regime_pooled,ppo_gamma0.999_unconstrained_seeds012,unconstrained,pooled,,26,lap_time_fuel_adj_s,79,97.45463541247794,1.2389388177724303,97.17246681741955,97.72231416022943
by_tyre_age_medium_only,learned_regime_pooled,ppo_gamma0.999_unconstrained_seeds012,unconstrained,pooled,,27,lap_time_fuel_adj_s,74,97.65904135501479,1.4210682891710942,97.31716216644614,97.98089421774559
by_tyre_age_medium_only,learned_regime_pooled,ppo_gamma0.999_unconstrained_seeds012,unconstrained,pooled,,28,lap_time_fuel_adj_s,70,97.89997696934405,1.3241995849055055,97.59155344396697,98.19357777041243
by_tyre_age_medium_only,learned_regime_pooled,ppo_gamma0.999_unconstrained_seeds012,unconstrained,pooled,,29,lap_time_fuel_adj_s,68,98.25227668404708,1.4209452586465443,97.91601316957131,98.58462019868665
by_tyre_age_medium_only,learned_regime_pooled,ppo_gamma0.999_unconstrained_seeds012,unconstrained,pooled,,30,lap_time_fuel_adj_s,65,98.13116558291453,1.4579538105851715,97.76656233348191,98.48259771492775
by_tyre_age_medium_only,learned_regime_pooled,ppo_gamma0.999_unconstrained_seeds012,unconstrained,pooled,,31,lap_time_fuel_adj_s,60,98.53999002558017,1.2175833217163041,98.24106858853322,98.84304802411904
by_tyre_age_medium_only,learned_regime_pooled,ppo_gamma0.999_unconstrained_seeds012,unconstrained,pooled,,32,lap_time_fuel_adj_s,58,99.05594407874139,1.1348142758826538,98.77593985707502,99.3430081829274
by_tyre_age_medium_only,learned_regime_pooled,ppo_gamma0.999_unconstrained_seeds012,unconstrained,pooled,,33,lap_time_fuel_adj_s,55,98.93354541520499,1.116055063252395,98.64364958075306,99.21758147291037
by_tyre_age_medium_only,learned_regime_pooled,ppo_gamma0.999_unconstrained_seeds012,unconstrained,pooled,,34,lap_time_fuel_adj_s,49,99.01311338128303,1.4694263981818305,98.59241380331127,99.40507350434672
by_tyre_age_medium_only,learned_regime_pooled,ppo_gamma0.999_unconstrained_seeds012,unconstrained,pooled,,35,lap_time_fuel_adj_s,47,99.39717696271939,1.646933629744813,98.93673602111465,99.83363228154398
by_tyre_age_medium_only,learned_regime_pooled,ppo_gamma0.999_unconstrained_seeds012,unconstrained,pooled,,36,lap_time_fuel_adj_s,41,99.66512858129691,1.3186257306651106,99.26322227404819,100.0759765255724
by_tyre_age_medium_only,learned_regime_pooled,ppo_gamma0.999_unconstrained_seeds012,unconstrained,pooled,,37,lap_time_fuel_adj_s,38,100.12300920181922,1.1458876435490903,99.752111550045,100.48068814477294
by_tyre_age_medium_only,learned_regime_pooled,ppo_gamma0.999_unconstrained_seeds012,unconstrained,pooled,,38,lap_time_fuel_adj_s,38,100.21552588502418,1.461039830019451,99.76726867526715,100.69089678666231
by_tyre_age_medium_only,learned_regime_pooled,ppo_gamma0.999_unconstrained_seeds012,unconstrained,pooled,,39,lap_time_fuel_adj_s,36,99.7603066467333,1.4949200655466015,99.28770045340018,100.23257660396592
by_tyre_age_medium_only,learned_regime_pooled,ppo_gamma0.999_unconstrained_seeds012,unconstrained,pooled,,40,lap_time_fuel_adj_s,31,100.05153145382062,1.392482390901405,99.54782627627898,100.52655869941069
by_tyre_age_medium_only,learned_regime_pooled,ppo_gamma0.999_unconstrained_seeds012,unconstrained,pooled,,41,lap_time_fuel_adj_s,29,100.69743571460097,1.291661399775113,100.24841387261917,101.17139604514347
by_tyre_age_medium_only,learned_regime_pooled,ppo_gamma0.999_unconstrained_seeds012,unconstrained,pooled,,42,lap_time_fuel_adj_s,29,101.03513768476806,1.1968960815597798,100.61563902967987,101.45925379676933
by_tyre_age_medium_only,learned_regime_pooled,ppo_gamma0.999_unconstrained_seeds012,unconstrained,pooled,,43,lap_time_fuel_adj_s,27,101.11080155713891,1.0539212780367415,100.71382543930005,101.47537379114057
by_tyre_age_medium_only,learned_regime_pooled,ppo_gamma0.999_unconstrained_seeds012,unconstrained,pooled,,44,lap_time_fuel_adj_s,22,101.39786892594579,1.5360089513943358,100.7525519858144,101.98064570244405
by_tyre_age_medium_only,learned_regime_pooled,ppo_gamma0.999_unconstrained_seeds012,unconstrained,pooled,,45,lap_time_fuel_adj_s,20,101.3118164488884,1.5779970932824101,100.64903205902723,101.92644885699458
by_tyre_age_medium_only,learned_regime_pooled,ppo_gamma0.999_unconstrained_seeds012,unconstrained,pooled,,46,lap_time_fuel_adj_s,19,101.82864933833733,1.5090901775528343,101.16884268675646,102.46687631718059
by_tyre_age_medium_only,learned_regime_pooled,ppo_gamma0.999_unconstrained_seeds012,unconstrained,pooled,,47,lap_time_fuel_adj_s,15,101.34113573667057,1.2573562875457196,100.79706216224204,101.94615173294318
by_tyre_age_medium_only,learned_regime_pooled,ppo_gamma0.999_unconstrained_seeds012,unconstrained,pooled,,48,lap_time_fuel_adj_s,10,102.46139045363634,1.2755031453009258,101.75215954551821,103.25316031391057
by_tyre_age_medium_only,learned_regime_pooled,ppo_gamma0.999_unconstrained_seeds012,unconstrained,pooled,,49,lap_time_fuel_adj_s,10,102.73494519212883,1.2358484774011889,102.02985025876087,103.43608798563596
by_tyre_age_medium_only,learned_regime_pooled,ppo_gamma0.999_unconstrained_seeds012,unconstrained,pooled,,50,lap_time_fuel_adj_s,9,102.54632371842368,1.220603232308232,101.71275636457402,103.25295295955628
by_tyre_age_medium_only,learned_regime_pooled,ppo_gamma0.999_unconstrained_seeds012,unconstrained,pooled,,51,lap_time_fuel_adj_s,9,102.23716915882272,1.1342124842597436,101.49405248883463,102.91570926895402
race_outcome_conditional_finishers,learned_regime_pooled,ppo_gamma0.999_unconstrained_seeds012,unconstrained,pooled,,finishers_all,race_time_s,9,5117.312229279231,25.07121322793492,5099.883324374512,5129.128769864374
race_outcome_conditional_finishers,learned_regime_pooled,ppo_gamma0.999_unconstrained_seeds012,unconstrained,pooled,,finishers_all,segment_sum_time_s,9,5117.312229279229,25.07121322793376,5100.107957472594,5129.485801740548
race_outcome_conditional_finishers,learned_regime_pooled,ppo_gamma0.999_unconstrained_seeds012,unconstrained,pooled,,finishers_zero_pit,race_time_s,9,5117.312229279231,25.07121322793492,5099.015664805968,5129.586457740974
race_outcome_conditional_finishers,learned_regime_pooled,ppo_gamma0.999_unconstrained_seeds012,unconstrained,pooled,,finishers_with_pit,race_time_s,0,,,,
all_episode_progress,learned_regime_pooled,ppo_gamma0.999_unconstrained_seeds012,unconstrained,pooled,,all_episodes,completed_laps,300,19.376666666666665,14.28735632384934,17.786416666666664,21.026833333333332
attrition,learned_regime_pooled,ppo_gamma0.999_unconstrained_seeds012,unconstrained,pooled,,all_episodes,crash_rate,300,0.97,0.17087224588772665,0.95,0.9866666666666667
attrition,learned_regime_pooled,ppo_gamma0.999_unconstrained_seeds012,unconstrained,pooled,,all_episodes,catastrophic_rate,300,0.19333333333333333,0.39557192271742875,0.15325,0.23674999999999954
attrition,learned_regime_pooled,ppo_gamma0.999_unconstrained_seeds012,unconstrained,pooled,,all_episodes,finish_rate,300,0.03,0.17087224588772665,0.013333333333333334,0.05
matched_window_laps5_15_zeropit,learned_model,ppo_gamma0.999_rulebook_seed0,rulebook,0,,laps5-15,lap_time_s,27,95.77200919981998,1.1686033452498674,95.34038381766523,96.17780448867626
matched_window_laps5_15_zeropit,learned_model,ppo_gamma0.999_rulebook_seed0,rulebook,0,,laps5-15,lap_time_fuel_adj_s,27,93.61032828813906,1.1797237125176423,93.15862435541116,94.05038467965504
matched_window_laps5_15_zeropit,learned_model,ppo_gamma0.999_rulebook_seed0,rulebook,0,,laps5-15,tyre_age_entry,27,7.037037037037037,3.0061665018819292,5.962962962962963,8.185185185185185
matched_window_laps5_15_zeropit,learned_model,ppo_gamma0.999_rulebook_seed0,rulebook,0,,laps5-15,mean_risk_in_lap,27,0.14548129210087618,0.07852755386271396,0.11537800802831986,0.17501219134038093
matched_window_laps5_15_zeropit,learned_model,ppo_gamma0.999_rulebook_seed0,rulebook,0,,laps5-15,is_medium_compound,27,1.0,0.0,1.0,1.0
matched_window_laps5_15_nonpitlaps,learned_model,ppo_gamma0.999_rulebook_seed0,rulebook,0,,laps5-15,lap_time_s,800,93.50418595780924,1.8822647099740024,93.3725250247058,93.64146861589563
by_lap_number,learned_model,ppo_gamma0.999_rulebook_seed0,rulebook,0,,1,lap_time_s,100,95.26746371337335,1.0992251131329913,95.05100438439587,95.4675792493275
by_lap_number,learned_model,ppo_gamma0.999_rulebook_seed0,rulebook,0,,2,lap_time_s,95,95.23283662619156,1.20778039990899,94.99555614173686,95.47893862529159
by_lap_number,learned_model,ppo_gamma0.999_rulebook_seed0,rulebook,0,,3,lap_time_s,83,95.21610836118576,1.333435463031637,94.93703793611158,95.49643661172874
by_lap_number,learned_model,ppo_gamma0.999_rulebook_seed0,rulebook,0,,4,lap_time_s,85,95.41601882429383,1.4048780770256954,95.11477675124262,95.69206076841624
by_lap_number,learned_model,ppo_gamma0.999_rulebook_seed0,rulebook,0,,5,lap_time_s,61,94.89804383126274,1.874956354552,94.41798655905232,95.37168895564142
by_lap_number,learned_model,ppo_gamma0.999_rulebook_seed0,rulebook,0,,6,lap_time_s,81,94.59178389754697,2.017575046465942,94.16789950035378,95.02207214505998
by_lap_number,learned_model,ppo_gamma0.999_rulebook_seed0,rulebook,0,,7,lap_time_s,78,94.23962487438529,1.751283196661768,93.8385970554674,94.63910302573377
by_lap_number,learned_model,ppo_gamma0.999_rulebook_seed0,rulebook,0,,8,lap_time_s,67,94.04572738249571,1.8731279747429903,93.62289475096998,94.47736388497077
by_lap_number,learned_model,ppo_gamma0.999_rulebook_seed0,rulebook,0,,9,lap_time_s,71,93.9690643545718,1.6440608089894324,93.60718393466362,94.34380790169932
by_lap_number,learned_model,ppo_gamma0.999_rulebook_seed0,rulebook,0,,10,lap_time_s,71,93.07581144497263,1.7383397257131896,92.66675225074307,93.50962306555675
by_lap_number,learned_model,ppo_gamma0.999_rulebook_seed0,rulebook,0,,11,lap_time_s,78,92.94553034460608,1.728828696367251,92.5589537888299,93.34877908933828
by_lap_number,learned_model,ppo_gamma0.999_rulebook_seed0,rulebook,0,,12,lap_time_s,78,92.75850399313774,1.6594535658222676,92.41300740602983,93.11674227514402
by_lap_number,learned_model,ppo_gamma0.999_rulebook_seed0,rulebook,0,,13,lap_time_s,71,92.75973934811931,1.5275221428996084,92.42059616229777,93.11855998052629
by_lap_number,learned_model,ppo_gamma0.999_rulebook_seed0,rulebook,0,,14,lap_time_s,73,92.74024248295717,1.591118793628092,92.39226967440165,93.13254602509733
by_lap_number,learned_model,ppo_gamma0.999_rulebook_seed0,rulebook,0,,15,lap_time_s,71,92.67322629472923,1.3873684184342738,92.36538162901502,92.99296782971268
by_lap_number,learned_model,ppo_gamma0.999_rulebook_seed0,rulebook,0,,16,lap_time_s,68,92.32502777443487,1.5880119094030092,91.95733111256153,92.70313534649317
by_lap_number,learned_model,ppo_gamma0.999_rulebook_seed0,rulebook,0,,17,lap_time_s,65,92.64236219158578,1.7500825100173654,92.20584273932452,93.09138806543731
by_lap_number,learned_model,ppo_gamma0.999_rulebook_seed0,rulebook,0,,18,lap_time_s,59,92.23723601241875,1.641081010959455,91.83788683358748,92.64905009335078
by_lap_number,learned_model,ppo_gamma0.999_rulebook_seed0,rulebook,0,,19,lap_time_s,58,91.9510054420619,1.3119280188624762,91.6481745426256,92.2767520954213
by_lap_number,learned_model,ppo_gamma0.999_rulebook_seed0,rulebook,0,,20,lap_time_s,57,92.26483666241546,1.248869639950871,91.94467162111415,92.57037797395333
by_lap_number,learned_model,ppo_gamma0.999_rulebook_seed0,rulebook,0,,21,lap_time_s,56,92.29018854743836,1.364934383726346,91.9276739466805,92.6274117941315
by_lap_number,learned_model,ppo_gamma0.999_rulebook_seed0,rulebook,0,,22,lap_time_s,53,91.97467727837913,1.298786331786056,91.6175971102408,92.28376776808936
by_lap_number,learned_model,ppo_gamma0.999_rulebook_seed0,rulebook,0,,23,lap_time_s,49,92.0828020447611,1.2724509857190442,91.70992884457526,92.43710253232757
by_lap_number,learned_model,ppo_gamma0.999_rulebook_seed0,rulebook,0,,24,lap_time_s,47,92.16193220519364,1.2014815104473353,91.82464776633752,92.5061674334639
by_lap_number,learned_model,ppo_gamma0.999_rulebook_seed0,rulebook,0,,25,lap_time_s,42,92.10178695560033,1.1984770270293597,91.73536065467759,92.46509559488635
by_lap_number,learned_model,ppo_gamma0.999_rulebook_seed0,rulebook,0,,26,lap_time_s,39,92.03616320149237,1.033961908408188,91.7044316860356,92.36409637427391
by_lap_number,learned_model,ppo_gamma0.999_rulebook_seed0,rulebook,0,,27,lap_time_s,37,91.60544696406964,1.2164494425878323,91.22950800505507,91.97471481029432
by_lap_number,learned_model,ppo_gamma0.999_rulebook_seed0,rulebook,0,,28,lap_time_s,32,91.7227190107048,0.9827884076605247,91.41423492185369,92.07204275034266
by_lap_number,learned_model,ppo_gamma0.999_rulebook_seed0,rulebook,0,,29,lap_time_s,26,91.9424144341179,1.4404351083646425,91.39691444809323,92.47425055819267
by_lap_number,learned_model,ppo_gamma0.999_rulebook_seed0,rulebook,0,,30,lap_time_s,22,91.86916178676181,1.2089343086525262,91.3626416432229,92.35238984946028
by_lap_number,learned_model,ppo_gamma0.999_rulebook_seed0,rulebook,0,,31,lap_time_s,22,92.32768734464857,1.3192322067398712,91.81303745733452,92.84890656513296
by_lap_number,learned_model,ppo_gamma0.999_rulebook_seed0,rulebook,0,,32,lap_time_s,21,91.80764941166193,1.1777871397581354,91.31540883165282,92.30090737974479
by_lap_number,learned_model,ppo_gamma0.999_rulebook_seed0,rulebook,0,,33,lap_time_s,19,91.70393960440485,1.3192924865308286,91.10370916517569,92.28164244641387
by_lap_number,learned_model,ppo_gamma0.999_rulebook_seed0,rulebook,0,,34,lap_time_s,17,91.80822814191602,0.9913811926940385,91.38408749917453,92.28485073025534
by_lap_number,learned_model,ppo_gamma0.999_rulebook_seed0,rulebook,0,,35,lap_time_s,17,91.62991097308195,1.2048940538343078,91.05903666240961,92.17199220351955
by_lap_number,learned_model,ppo_gamma0.999_rulebook_seed0,rulebook,0,,36,lap_time_s,16,91.62305969376982,1.2432057348843655,91.02295409510148,92.23168582496375
by_lap_number,learned_model,ppo_gamma0.999_rulebook_seed0,rulebook,0,,37,lap_time_s,13,92.09867597571525,0.750899331337761,91.7133398275063,92.50669481988311
by_lap_number,learned_model,ppo_gamma0.999_rulebook_seed0,rulebook,0,,38,lap_time_s,12,91.78440052382045,1.5418070201734142,90.940701798457,92.63566035896712
by_lap_number,learned_model,ppo_gamma0.999_rulebook_seed0,rulebook,0,,39,lap_time_s,11,91.35328907275994,1.5750957464179178,90.50178497757656,92.24856900981248
by_lap_number,learned_model,ppo_gamma0.999_rulebook_seed0,rulebook,0,,40,lap_time_s,11,91.82386225409684,1.3954458755622108,91.19520177164397,92.73904697138305
by_lap_number,learned_model,ppo_gamma0.999_rulebook_seed0,rulebook,0,,41,lap_time_s,11,91.75602175531407,1.551279149424099,90.91034887528022,92.68014779852744
by_lap_number,learned_model,ppo_gamma0.999_rulebook_seed0,rulebook,0,,42,lap_time_s,10,92.37836630607578,0.9575915390785652,91.83143966708113,92.94415342081572
by_lap_number,learned_model,ppo_gamma0.999_rulebook_seed0,rulebook,0,,43,lap_time_s,9,92.23058250969288,0.8916163719456955,91.68123678788592,92.76017518508436
by_lap_number,learned_model,ppo_gamma0.999_rulebook_seed0,rulebook,0,,44,lap_time_s,9,92.08859256951172,1.024163835959434,91.48690641321804,92.75397081788586
by_lap_number,learned_model,ppo_gamma0.999_rulebook_seed0,rulebook,0,,45,lap_time_s,8,91.84482746862369,1.3785862083683431,90.88782217962847,92.70349871974047
by_lap_number,learned_model,ppo_gamma0.999_rulebook_seed0,rulebook,0,,46,lap_time_s,8,91.51361980569665,1.7981690146499265,90.48796022305146,92.73871455775728
by_lap_number,learned_model,ppo_gamma0.999_rulebook_seed0,rulebook,0,,47,lap_time_s,7,91.52167928924835,1.1402905559761791,90.70142131112762,92.27042266771882
by_lap_number,learned_model,ppo_gamma0.999_rulebook_seed0,rulebook,0,,48,lap_time_s,7,91.79867540734787,1.0023331463967613,91.03181525940803,92.44640480979207
by_lap_number,learned_model,ppo_gamma0.999_rulebook_seed0,rulebook,0,,49,lap_time_s,6,91.22427880484638,1.2768627042760488,90.4073628574701,92.22093033537419
by_lap_number,learned_model,ppo_gamma0.999_rulebook_seed0,rulebook,0,,50,lap_time_s,6,91.76707275298442,0.7171671765943042,91.20091655061589,92.21830947579895
by_lap_number,learned_model,ppo_gamma0.999_rulebook_seed0,rulebook,0,,51,lap_time_s,6,91.87363611080707,0.75921534364314,91.38779602990667,92.47236965262782
by_lap_number,learned_model,ppo_gamma0.999_rulebook_seed0,rulebook,0,,52,lap_time_s,6,92.622083904899,0.7394773672733527,92.03081060820803,93.07932559878064
by_tyre_age,learned_model,ppo_gamma0.999_rulebook_seed0,rulebook,0,,0,lap_time_fuel_adj_s,180,91.8506395410929,1.552904775353878,91.62370245177054,92.07972678123053
by_tyre_age,learned_model,ppo_gamma0.999_rulebook_seed0,rulebook,0,,1,lap_time_fuel_adj_s,174,91.75266952709418,1.6675081619564225,91.49493142107359,91.98742562059024
by_tyre_age,learned_model,ppo_gamma0.999_rulebook_seed0,rulebook,0,,2,lap_time_fuel_adj_s,160,91.72370118798463,1.7129236200084812,91.45125494094334,91.98007454115137
by_tyre_age,learned_model,ppo_gamma0.999_rulebook_seed0,rulebook,0,,3,lap_time_fuel_adj_s,151,91.99540073687024,1.814974724500095,91.71513582881151,92.29174930449278
by_tyre_age,learned_model,ppo_gamma0.999_rulebook_seed0,rulebook,0,,4,lap_time_fuel_adj_s,121,91.80145838011158,1.6770266122468003,91.50116675505134,92.10791436282005
by_tyre_age,learned_model,ppo_gamma0.999_rulebook_seed0,rulebook,0,,5,lap_time_fuel_adj_s,116,91.7855190734093,2.005372840725026,91.41152767203144,92.16118667106296
by_tyre_age,learned_model,ppo_gamma0.999_rulebook_seed0,rulebook,0,,6,lap_time_fuel_adj_s,109,91.44069798641219,1.79143683119879,91.10664682201305,91.77864625892187
by_tyre_age,learned_model,ppo_gamma0.999_rulebook_seed0,rulebook,0,,7,lap_time_fuel_adj_s,95,91.31577633179963,1.9574261537447792,90.93211384649312,91.69660102165541
by_tyre_age,learned_model,ppo_gamma0.999_rulebook_seed0,rulebook,0,,8,lap_time_fuel_adj_s,87,91.1786509083732,1.8555940347459585,90.77905315401495,91.57748754327416
by_tyre_age,learned_model,ppo_gamma0.999_rulebook_seed0,rulebook,0,,9,lap_time_fuel_adj_s,76,91.12278901488574,1.8227712040551085,90.74108256882253,91.5449906538216
by_tyre_age,learned_model,ppo_gamma0.999_rulebook_seed0,rulebook,0,,10,lap_time_fuel_adj_s,72,90.67396270384583,1.7875436257216395,90.26225915789051,91.09930434249411
by_tyre_age,learned_model,ppo_gamma0.999_rulebook_seed0,rulebook,0,,11,lap_time_fuel_adj_s,68,91.00839986365348,1.8322599687767769,90.58227478484255,91.42277207484187
by_tyre_age,learned_model,ppo_gamma0.999_rulebook_seed0,rulebook,0,,12,lap_time_fuel_adj_s,61,91.29670858189677,1.329593877896344,90.9709924421796,91.64123082468863
by_tyre_age,learned_model,ppo_gamma0.999_rulebook_seed0,rulebook,0,,13,lap_time_fuel_adj_s,61,90.84740194712451,1.7467915337525801,90.43517733500961,91.2917352111186
by_tyre_age,learned_model,ppo_gamma0.999_rulebook_seed0,rulebook,0,,14,lap_time_fuel_adj_s,57,90.99155320940449,1.5509274756019182,90.58520156256053,91.41029972881692
by_tyre_age,learned_model,ppo_gamma0.999_rulebook_seed0,rulebook,0,,15,lap_time_fuel_adj_s,54,90.85667932245008,1.4464107217116715,90.47869956280701,91.23953514477185
by_tyre_age,learned_model,ppo_gamma0.999_rulebook_seed0,rulebook,0,,16,lap_time_fuel_adj_s,51,90.8487278066839,1.8664068360255606,90.36796687088913,91.37600090699422
by_tyre_age,learned_model,ppo_gamma0.999_rulebook_seed0,rulebook,0,,17,lap_time_fuel_adj_s,44,90.78201664312273,1.5031337279795405,90.34339330221418,91.22359487995868
by_tyre_age,learned_model,ppo_gamma0.999_rulebook_seed0,rulebook,0,,18,lap_time_fuel_adj_s,37,90.72730212240168,1.0199517967626888,90.39808770603062,91.07197258409587
by_tyre_age,learned_model,ppo_gamma0.999_rulebook_seed0,rulebook,0,,19,lap_time_fuel_adj_s,35,90.501330483039,1.1974010626400045,90.10422269544833,90.88417300632278
by_tyre_age,learned_model,ppo_gamma0.999_rulebook_seed0,rulebook,0,,20,lap_time_fuel_adj_s,32,90.90347983256191,1.2801942243420958,90.49858885089478,91.35940859673411
by_tyre_age,learned_model,ppo_gamma0.999_rulebook_seed0,rulebook,0,,21,lap_time_fuel_adj_s,30,90.68602207397298,1.1978947583648856,90.27270372094061,91.08215136289506
by_tyre_age,learned_model,ppo_gamma0.999_rulebook_seed0,rulebook,0,,22,lap_time_fuel_adj_s,28,91.0604379822936,1.3088846152669678,90.61578333803475,91.55773667335657
by_tyre_age,learned_model,ppo_gamma0.999_rulebook_seed0,rulebook,0,,23,lap_time_fuel_adj_s,23,90.87184839067726,0.7360719587602269,90.57168428849162,91.16458496660415
by_tyre_age,learned_model,ppo_gamma0.999_rulebook_seed0,rulebook,0,,24,lap_time_fuel_adj_s,20,90.63680259029034,0.9996908352627591,90.22933516063414,91.05603833230882
by_tyre_age,learned_model,ppo_gamma0.999_rulebook_seed0,rulebook,0,,25,lap_time_fuel_adj_s,19,90.99370448876627,1.2390531701154075,90.42092775576748,91.5206774854303
by_tyre_age,learned_model,ppo_gamma0.999_rulebook_seed0,rulebook,0,,26,lap_time_fuel_adj_s,17,90.25973217000657,1.1129202888273062,89.75892684869748,90.79463000105766
by_tyre_age,learned_model,ppo_gamma0.999_rulebook_seed0,rulebook,0,,27,lap_time_fuel_adj_s,15,90.68116188776993,1.3435727216382352,90.00883660428033,91.28904512233635
by_tyre_age,learned_model,ppo_gamma0.999_rulebook_seed0,rulebook,0,,28,lap_time_fuel_adj_s,14,91.12340062116634,1.5608205675318105,90.33607390163026,91.88734540720488
by_tyre_age,learned_model,ppo_gamma0.999_rulebook_seed0,rulebook,0,,29,lap_time_fuel_adj_s,13,91.01661229864794,1.1015674193364329,90.42476011349336,91.56025695483656
by_tyre_age,learned_model,ppo_gamma0.999_rulebook_seed0,rulebook,0,,30,lap_time_fuel_adj_s,10,91.48672661988736,1.0210664000240965,90.889287963757,92.05943521538263
by_tyre_age,learned_model,ppo_gamma0.999_rulebook_seed0,rulebook,0,,31,lap_time_fuel_adj_s,9,91.5729287914079,1.8374823895925543,90.50005523881403,92.73734903084807
by_tyre_age,learned_model,ppo_gamma0.999_rulebook_seed0,rulebook,0,,32,lap_time_fuel_adj_s,9,91.64399352747282,1.1110551031144942,90.96920536828975,92.33491056039006
by_tyre_age,learned_model,ppo_gamma0.999_rulebook_seed0,rulebook,0,,33,lap_time_fuel_adj_s,9,91.57888063566173,1.5961871612392342,90.53993071494708,92.49889138110849
by_tyre_age,learned_model,ppo_gamma0.999_rulebook_seed0,rulebook,0,,34,lap_time_fuel_adj_s,9,91.84211455583812,1.5224133445895869,90.93588146428608,92.84719393064718
by_tyre_age,learned_model,ppo_gamma0.999_rulebook_seed0,rulebook,0,,35,lap_time_fuel_adj_s,9,91.05523183987249,1.1145939277797028,90.38445208913338,91.82283100500685
by_tyre_age,learned_model,ppo_gamma0.999_rulebook_seed0,rulebook,0,,36,lap_time_fuel_adj_s,8,92.25994790424792,1.4554198932793623,91.35026074005211,93.1946963970615
by_tyre_age,learned_model,ppo_gamma0.999_rulebook_seed0,rulebook,0,,37,lap_time_fuel_adj_s,7,91.30617065070335,0.7453786608181613,90.80870135410068,91.84539074432202
by_tyre_age,learned_model,ppo_gamma0.999_rulebook_seed0,rulebook,0,,38,lap_time_fuel_adj_s,7,92.08103925956844,1.1102825081355505,91.29652923533416,92.8185854854098
by_tyre_age,learned_model,ppo_gamma0.999_rulebook_seed0,rulebook,0,,39,lap_time_fuel_adj_s,5,91.3140023777919,0.7782541920609344,90.65106828914527,91.82696748261476
by_tyre_age,learned_model,ppo_gamma0.999_rulebook_seed0,rulebook,0,,40,lap_time_fuel_adj_s,5,91.03832022642959,1.291773060192107,90.04962320175942,92.02701725109978
by_tyre_age,learned_model,ppo_gamma0.999_rulebook_seed0,rulebook,0,,41,lap_time_fuel_adj_s,5,92.54656736750174,0.6389605364615757,92.04205473053632,93.05155819063368
by_tyre_age,learned_model,ppo_gamma0.999_rulebook_seed0,rulebook,0,,42,lap_time_fuel_adj_s,4,92.00726217446352,1.0532735409409035,90.98878372600214,92.8784742702077
by_tyre_age_medium_only,learned_model,ppo_gamma0.999_rulebook_seed0,rulebook,0,,0,lap_time_fuel_adj_s,100,92.76746371337335,1.0992251131329913,92.54721499111213,92.98252605859271
by_tyre_age_medium_only,learned_model,ppo_gamma0.999_rulebook_seed0,rulebook,0,,1,lap_time_fuel_adj_s,95,92.78091354926846,1.20778039990899,92.52713572406718,93.02678479691829
by_tyre_age_medium_only,learned_model,ppo_gamma0.999_rulebook_seed0,rulebook,0,,2,lap_time_fuel_adj_s,83,92.81226220733959,1.333435463031637,92.52289664531581,93.08767498578658
by_tyre_age_medium_only,learned_model,ppo_gamma0.999_rulebook_seed0,rulebook,0,,3,lap_time_fuel_adj_s,76,93.28171911340121,1.2533482107394287,93.00605734098528,93.56545996483086
by_tyre_age_medium_only,learned_model,ppo_gamma0.999_rulebook_seed0,rulebook,0,,4,lap_time_fuel_adj_s,48,93.35074065177986,1.110925906727637,93.04693371559482,93.66834850124823
by_tyre_age_medium_only,learned_model,ppo_gamma0.999_rulebook_seed0,rulebook,0,,5,lap_time_fuel_adj_s,44,93.82900195374182,1.2155229121205435,93.47389184889637,94.1699702393299
by_tyre_age_medium_only,learned_model,ppo_gamma0.999_rulebook_seed0,rulebook,0,,6,lap_time_fuel_adj_s,39,93.27980302755468,1.202295121617797,92.91200790838995,93.64259538793672
by_tyre_age_medium_only,learned_model,ppo_gamma0.999_rulebook_seed0,rulebook,0,,7,lap_time_fuel_adj_s,26,93.66095061091526,1.21892332720382,93.23174680831487,94.14184108149823
by_tyre_age_medium_only,learned_model,ppo_gamma0.999_rulebook_seed0,rulebook,0,,8,lap_time_fuel_adj_s,18,94.03559528109471,0.9446477865605828,93.64749363183857,94.48612869490307
by_tyre_age_medium_only,learned_model,ppo_gamma0.999_rulebook_seed0,rulebook,0,,9,lap_time_fuel_adj_s,10,94.38578734572846,1.4246935114835444,93.63181282669585,95.24607574546874
by_tyre_age_medium_only,learned_model,ppo_gamma0.999_rulebook_seed0,rulebook,0,,10,lap_time_fuel_adj_s,9,93.9182026657192,1.5644618839633837,92.94786314188883,94.88216203115297
by_tyre_age_medium_only,learned_model,ppo_gamma0.999_rulebook_seed0,rulebook,0,,11,lap_time_fuel_adj_s,8,94.68374175559839,0.8499985510008428,94.15653028497044,95.24592992201917
by_tyre_age_medium_only,learned_model,ppo_gamma0.999_rulebook_seed0,rulebook,0,,12,lap_time_fuel_adj_s,4,94.32356585206509,0.8037417384736807,93.69789209029113,94.97021163131971
by_tyre_age_medium_only,learned_model,ppo_gamma0.999_rulebook_seed0,rulebook,0,,13,lap_time_fuel_adj_s,4,95.03373044080958,1.1880619642828694,94.08507447159629,95.96792597153029
by_tyre_age_medium_only,learned_model,ppo_gamma0.999_rulebook_seed0,rulebook,0,,14,lap_time_fuel_adj_s,3,94.66093926059635,0.8034083531464553,94.14233575831672,95.58638873369652
race_outcome_conditional_finishers,learned_model,ppo_gamma0.999_rulebook_seed0,rulebook,0,,finishers_all,race_time_s,6,4841.65979535289,8.648549937747312,4835.737471738425,4847.867845173562
race_outcome_conditional_finishers,learned_model,ppo_gamma0.999_rulebook_seed0,rulebook,0,,finishers_all,segment_sum_time_s,6,4841.659795352891,8.64854993774648,4835.994514621544,4848.013912100527
race_outcome_conditional_finishers,learned_model,ppo_gamma0.999_rulebook_seed0,rulebook,0,,finishers_zero_pit,race_time_s,0,,,,
race_outcome_conditional_finishers,learned_model,ppo_gamma0.999_rulebook_seed0,rulebook,0,,finishers_with_pit,race_time_s,6,4841.65979535289,8.648549937747312,4835.7374717384255,4847.867845173562
all_episode_progress,learned_model,ppo_gamma0.999_rulebook_seed0,rulebook,0,,all_episodes,completed_laps,100,22.05,13.723367228228213,19.51,24.830249999999996
attrition,learned_model,ppo_gamma0.999_rulebook_seed0,rulebook,0,,all_episodes,crash_rate,100,0.94,0.23868325657594203,0.89,0.98
attrition,learned_model,ppo_gamma0.999_rulebook_seed0,rulebook,0,,all_episodes,catastrophic_rate,100,0.15,0.3588702812826367,0.08975000000000001,0.23
attrition,learned_model,ppo_gamma0.999_rulebook_seed0,rulebook,0,,all_episodes,finish_rate,100,0.06,0.23868325657594203,0.02,0.11
matched_window_laps5_15_zeropit,learned_model,ppo_gamma0.999_rulebook_seed1,rulebook,1,,laps5-15,lap_time_s,868,95.92137753621587,1.3853055434252899,95.83053969067906,96.01385584192921
matched_window_laps5_15_zeropit,learned_model,ppo_gamma0.999_rulebook_seed1,rulebook,1,,laps5-15,lap_time_fuel_adj_s,868,93.84315837634348,1.465171974351572,93.74711590159602,93.93914782666715
matched_window_laps5_15_zeropit,learned_model,ppo_gamma0.999_rulebook_seed1,rulebook,1,,laps5-15,tyre_age_entry,868,8.773041474654377,3.1750703468774404,8.570247695852535,8.980443548387097
matched_window_laps5_15_zeropit,learned_model,ppo_gamma0.999_rulebook_seed1,rulebook,1,,laps5-15,mean_risk_in_lap,868,0.33258760900240725,0.06185708483577881,0.3283405468536941,0.3365810378832677
matched_window_laps5_15_zeropit,learned_model,ppo_gamma0.999_rulebook_seed1,rulebook,1,,laps5-15,is_medium_compound,868,1.0,0.0,1.0,1.0
matched_window_laps5_15_nonpitlaps,learned_model,ppo_gamma0.999_rulebook_seed1,rulebook,1,,laps5-15,lap_time_s,868,95.92137753621587,1.3853055434252899,95.8285945394241,96.01197214015332
by_lap_number,learned_model,ppo_gamma0.999_rulebook_seed1,rulebook,1,,1,lap_time_s,98,94.48969949133031,1.1219250631831408,94.27657878422897,94.69900226161897
by_lap_number,learned_model,ppo_gamma0.999_rulebook_seed1,rulebook,1,,2,lap_time_s,94,94.34083595674379,1.3357298780596354,94.07097647083361,94.60054699738566
by_lap_number,learned_model,ppo_gamma0.999_rulebook_seed1,rulebook,1,,3,lap_time_s,92,94.45081495019986,1.281996818875914,94.17751179511099,94.70394009237792
by_lap_number,learned_model,ppo_gamma0.999_rulebook_seed1,rulebook,1,,4,lap_time_s,91,94.92524593217018,1.2122311131250125,94.67098881979531,95.16947886434019
by_lap_number,learned_model,ppo_gamma0.999_rulebook_seed1,rulebook,1,,5,lap_time_s,90,95.01396017265023,1.2306746509265514,94.76718006671851,95.2576689290776
by_lap_number,learned_model,ppo_gamma0.999_rulebook_seed1,rulebook,1,,6,lap_time_s,88,95.13308942484402,1.2510631271642643,94.87674734537845,95.3964670797886
by_lap_number,learned_model,ppo_gamma0.999_rulebook_seed1,rulebook,1,,7,lap_time_s,82,95.26286214839443,1.2017939324571216,95.0153502898537,95.51111559949122
by_lap_number,learned_model,ppo_gamma0.999_rulebook_seed1,rulebook,1,,8,lap_time_s,81,95.43722979120349,1.071193356972402,95.20836645502249,95.65613370982163
by_lap_number,learned_model,ppo_gamma0.999_rulebook_seed1,rulebook,1,,9,lap_time_s,80,95.8344530826569,1.0338869237175805,95.62163429484329,96.05928395176691
by_lap_number,learned_model,ppo_gamma0.999_rulebook_seed1,rulebook,1,,10,lap_time_s,79,95.83988604967514,1.302544757033326,95.56661200126585,96.1128264407546
by_lap_number,learned_model,ppo_gamma0.999_rulebook_seed1,rulebook,1,,11,lap_time_s,76,96.169517987295,1.2796939405597871,95.88782982727898,96.44844334424691
by_lap_number,learned_model,ppo_gamma0.999_rulebook_seed1,rulebook,1,,12,lap_time_s,75,96.4400375637333,1.182277144045434,96.17837955546398,96.70756798074349
by_lap_number,learned_model,ppo_gamma0.999_rulebook_seed1,rulebook,1,,13,lap_time_s,73,96.62422012293631,1.3008463893912208,96.32423782113909,96.91012046429317
by_lap_number,learned_model,ppo_gamma0.999_rulebook_seed1,rulebook,1,,14,lap_time_s,72,97.08837196358962,1.2067968110857807,96.82507638059253,97.36273879262477
by_lap_number,learned_model,ppo_gamma0.999_rulebook_seed1,rulebook,1,,15,lap_time_s,72,96.81795594514806,1.2698788659480609,96.53350782774389,97.13365506063748
by_lap_number,learned_model,ppo_gamma0.999_rulebook_seed1,rulebook,1,,16,lap_time_s,71,97.13045956091909,1.2434108768776584,96.83926211488244,97.41800864878142
by_lap_number,learned_model,ppo_gamma0.999_rulebook_seed1,rulebook,1,,17,lap_time_s,68,97.24979050625215,1.195679380856214,96.96405084645478,97.52771200887481
by_lap_number,learned_model,ppo_gamma0.999_rulebook_seed1,rulebook,1,,18,lap_time_s,68,97.52459321812265,1.2612964401599425,97.23564074714106,97.81826419833213
by_lap_number,learned_model,ppo_gamma0.999_rulebook_seed1,rulebook,1,,19,lap_time_s,67,97.94847744460328,1.1709902714836025,97.67418941362813,98.22752242890488
by_lap_number,learned_model,ppo_gamma0.999_rulebook_seed1,rulebook,1,,20,lap_time_s,64,97.96758134436865,1.1478812113583934,97.70268524217235,98.26239553534276
by_lap_number,learned_model,ppo_gamma0.999_rulebook_seed1,rulebook,1,,21,lap_time_s,63,98.06709313563219,1.116363149609861,97.80303038120881,98.35487176306135
by_lap_number,learned_model,ppo_gamma0.999_rulebook_seed1,rulebook,1,,22,lap_time_s,61,98.38562429274737,1.3322838944980535,98.05341994166314,98.69782106020514
by_lap_number,learned_model,ppo_gamma0.999_rulebook_seed1,rulebook,1,,23,lap_time_s,61,98.39106261739929,1.2720678389278512,98.08393017760989,98.70810808429181
by_lap_number,learned_model,ppo_gamma0.999_rulebook_seed1,rulebook,1,,24,lap_time_s,59,98.76362729855352,1.1907835293391122,98.44372723906454,99.07513438161615
by_lap_number,learned_model,ppo_gamma0.999_rulebook_seed1,rulebook,1,,25,lap_time_s,54,98.80827372904939,1.301173631345109,98.47630914517424,99.14487951769192
by_lap_number,learned_model,ppo_gamma0.999_rulebook_seed1,rulebook,1,,26,lap_time_s,50,98.93940568938474,1.127888104062911,98.64779487989018,99.24325306995512
by_lap_number,learned_model,ppo_gamma0.999_rulebook_seed1,rulebook,1,,27,lap_time_s,47,99.31311028936479,1.1559370577691568,98.99163289177156,99.63378678014085
by_lap_number,learned_model,ppo_gamma0.999_rulebook_seed1,rulebook,1,,28,lap_time_s,45,99.61084629074904,1.107031246984786,99.28974220839025,99.90750570136466
by_lap_number,learned_model,ppo_gamma0.999_rulebook_seed1,rulebook,1,,29,lap_time_s,43,99.73006421109932,1.25508098722246,99.36602778325867,100.0876856433175
by_lap_number,learned_model,ppo_gamma0.999_rulebook_seed1,rulebook,1,,30,lap_time_s,42,100.36869750971707,1.1777352399674055,100.02926819173837,100.71205544226193
by_lap_number,learned_model,ppo_gamma0.999_rulebook_seed1,rulebook,1,,31,lap_time_s,40,99.88256415311498,1.312254974141879,99.5051322427492,100.31114577018174
by_lap_number,learned_model,ppo_gamma0.999_rulebook_seed1,rulebook,1,,32,lap_time_s,37,100.02483584930157,1.0465553902037104,99.68203020834426,100.34632336127467
by_lap_number,learned_model,ppo_gamma0.999_rulebook_seed1,rulebook,1,,33,lap_time_s,32,100.43037598742998,1.0709119299600753,100.05830076409977,100.77770743429268
by_lap_number,learned_model,ppo_gamma0.999_rulebook_seed1,rulebook,1,,34,lap_time_s,32,100.31086685373529,1.0124131554492746,99.98292789256845,100.64694663484717
by_lap_number,learned_model,ppo_gamma0.999_rulebook_seed1,rulebook,1,,35,lap_time_s,30,100.12914999265112,1.4503364402072245,99.58059209737122,100.603719339125
by_lap_number,learned_model,ppo_gamma0.999_rulebook_seed1,rulebook,1,,36,lap_time_s,29,100.84484666953675,1.2269035346268171,100.39648394331795,101.26818747189678
by_lap_number,learned_model,ppo_gamma0.999_rulebook_seed1,rulebook,1,,37,lap_time_s,24,100.72411345665292,1.053850512726116,100.32143758436784,101.13270193066134
by_lap_number,learned_model,ppo_gamma0.999_rulebook_seed1,rulebook,1,,38,lap_time_s,23,100.98669574471636,1.1386577089846004,100.51315529094505,101.43111572891276
by_lap_number,learned_model,ppo_gamma0.999_rulebook_seed1,rulebook,1,,39,lap_time_s,23,101.09415738564661,1.2430379775817884,100.59937706598653,101.59586214580193
by_lap_number,learned_model,ppo_gamma0.999_rulebook_seed1,rulebook,1,,40,lap_time_s,22,100.66763534567113,1.283960575045557,100.17193695093336,101.23090532267815
by_lap_number,learned_model,ppo_gamma0.999_rulebook_seed1,rulebook,1,,41,lap_time_s,18,101.49597421277828,1.2629947393299148,100.93531267868454,102.03967232944841
by_lap_number,learned_model,ppo_gamma0.999_rulebook_seed1,rulebook,1,,42,lap_time_s,17,101.6037540299601,1.0954454934321147,101.12634446983458,102.11134813006372
by_lap_number,learned_model,ppo_gamma0.999_rulebook_seed1,rulebook,1,,43,lap_time_s,17,101.78218135042887,1.393468388152955,101.1310007990136,102.41703846967579
by_lap_number,learned_model,ppo_gamma0.999_rulebook_seed1,rulebook,1,,44,lap_time_s,16,101.78651706723855,1.041359559545887,101.28844787797689,102.25479890754563
by_lap_number,learned_model,ppo_gamma0.999_rulebook_seed1,rulebook,1,,45,lap_time_s,13,102.3781118256503,1.0294445803051737,101.79302628519368,102.91550510259931
by_lap_number,learned_model,ppo_gamma0.999_rulebook_seed1,rulebook,1,,46,lap_time_s,12,102.45076916942293,1.2353287271599347,101.73096706135642,103.11343951281235
by_lap_number,learned_model,ppo_gamma0.999_rulebook_seed1,rulebook,1,,47,lap_time_s,12,102.9785767764699,1.2483377560485758,102.29588465893167,103.6627449730929
by_lap_number,learned_model,ppo_gamma0.999_rulebook_seed1,rulebook,1,,48,lap_time_s,11,102.38467722034365,1.411833234552707,101.65526931077528,103.21558580839721
by_lap_number,learned_model,ppo_gamma0.999_rulebook_seed1,rulebook,1,,49,lap_time_s,9,102.18581419576341,1.1339272103911333,101.58781023782171,102.95041431946106
by_lap_number,learned_model,ppo_gamma0.999_rulebook_seed1,rulebook,1,,50,lap_time_s,8,102.91104948394235,1.5834837629609713,101.83340494856971,103.80443379151617
by_lap_number,learned_model,ppo_gamma0.999_rulebook_seed1,rulebook,1,,51,lap_time_s,8,103.11750650846446,1.1590444915430143,102.33965056929586,103.82650230114244
by_lap_number,learned_model,ppo_gamma0.999_rulebook_seed1,rulebook,1,,52,lap_time_s,7,102.31573887158372,1.0010073178048937,101.66617948219863,103.00831003278554
by_tyre_age,learned_model,ppo_gamma0.999_rulebook_seed1,rulebook,1,,0,lap_time_fuel_adj_s,98,91.98969949133033,1.1219250631831408,91.7792990097818,92.20474813633147
by_tyre_age,learned_model,ppo_gamma0.999_rulebook_seed1,rulebook,1,,1,lap_time_fuel_adj_s,94,91.8889128798207,1.3357298780596354,91.60870506918263,92.16425109521623
by_tyre_age,learned_model,ppo_gamma0.999_rulebook_seed1,rulebook,1,,2,lap_time_fuel_adj_s,92,92.04696879635371,1.281996818875914,91.77257689189867,92.2942184310839
by_tyre_age,learned_model,ppo_gamma0.999_rulebook_seed1,rulebook,1,,3,lap_time_fuel_adj_s,91,92.56947670140096,1.2122311131250125,92.32982031284858,92.8101230112836
by_tyre_age,learned_model,ppo_gamma0.999_rulebook_seed1,rulebook,1,,4,lap_time_fuel_adj_s,90,92.7062678649579,1.2306746509265514,92.45882210189276,92.96279992672936
by_tyre_age,learned_model,ppo_gamma0.999_rulebook_seed1,rulebook,1,,5,lap_time_fuel_adj_s,88,92.87347404022863,1.2510631271642643,92.62111756623965,93.12806071778228
by_tyre_age,learned_model,ppo_gamma0.999_rulebook_seed1,rulebook,1,,6,lap_time_fuel_adj_s,82,93.05132368685597,1.2017939324571216,92.80074604977501,93.32018610702738
by_tyre_age,learned_model,ppo_gamma0.999_rulebook_seed1,rulebook,1,,7,lap_time_fuel_adj_s,81,93.27376825274195,1.0711933569724021,93.0498757616458,93.50030399164696
by_tyre_age,learned_model,ppo_gamma0.999_rulebook_seed1,rulebook,1,,8,lap_time_fuel_adj_s,80,93.71906846727231,1.0338869237175805,93.49498308421613,93.939701913348
by_tyre_age,learned_model,ppo_gamma0.999_rulebook_seed1,rulebook,1,,9,lap_time_fuel_adj_s,79,93.77257835736742,1.302544757033326,93.50125050279698,94.08382988845767
by_tyre_age,learned_model,ppo_gamma0.999_rulebook_seed1,rulebook,1,,10,lap_time_fuel_adj_s,76,94.1502872180642,1.2796939405597871,93.87263506245075,94.43570483589261
by_tyre_age,learned_model,ppo_gamma0.999_rulebook_seed1,rulebook,1,,11,lap_time_fuel_adj_s,75,94.46888371757949,1.182277144045434,94.2065657198702,94.72321284964912
by_tyre_age,learned_model,ppo_gamma0.999_rulebook_seed1,rulebook,1,,12,lap_time_fuel_adj_s,73,94.7011431998594,1.3008463893912208,94.4014926994678,95.00278757083217
by_tyre_age,learned_model,ppo_gamma0.999_rulebook_seed1,rulebook,1,,13,lap_time_fuel_adj_s,72,95.21337196358962,1.2067968110857807,94.94699678576117,95.48785874694362
by_tyre_age,learned_model,ppo_gamma0.999_rulebook_seed1,rulebook,1,,14,lap_time_fuel_adj_s,72,94.99103286822498,1.2698788659480609,94.69736959843397,95.29493907324128
by_tyre_age,learned_model,ppo_gamma0.999_rulebook_seed1,rulebook,1,,15,lap_time_fuel_adj_s,71,95.35161340707295,1.2434108768776584,95.0647530048679,95.6514683819042
by_tyre_age,learned_model,ppo_gamma0.999_rulebook_seed1,rulebook,1,,16,lap_time_fuel_adj_s,68,95.51902127548293,1.195679380856214,95.23352488993503,95.80367777561683
by_tyre_age,learned_model,ppo_gamma0.999_rulebook_seed1,rulebook,1,,17,lap_time_fuel_adj_s,68,95.84190091043034,1.2612964401599425,95.54951798088594,96.1407958792053
by_tyre_age,learned_model,ppo_gamma0.999_rulebook_seed1,rulebook,1,,18,lap_time_fuel_adj_s,67,96.31386205998791,1.1709902714836022,96.04593494497487,96.5971282189685
by_tyre_age,learned_model,ppo_gamma0.999_rulebook_seed1,rulebook,1,,19,lap_time_fuel_adj_s,64,96.3810428828302,1.1478812113583934,96.10217997265381,96.66848048340074
by_tyre_age,learned_model,ppo_gamma0.999_rulebook_seed1,rulebook,1,,20,lap_time_fuel_adj_s,63,96.52863159717066,1.116363149609861,96.24441212557623,96.79221909482548
by_tyre_age,learned_model,ppo_gamma0.999_rulebook_seed1,rulebook,1,,21,lap_time_fuel_adj_s,61,96.89523967736275,1.3322838944980535,96.56983328032379,97.21792634029896
by_tyre_age,learned_model,ppo_gamma0.999_rulebook_seed1,rulebook,1,,22,lap_time_fuel_adj_s,61,96.94875492509159,1.2720678389278512,96.6462042499381,97.25870383959187
by_tyre_age,learned_model,ppo_gamma0.999_rulebook_seed1,rulebook,1,,23,lap_time_fuel_adj_s,59,97.36939652932274,1.1907835293391122,97.07303764502342,97.68888750153702
by_tyre_age,learned_model,ppo_gamma0.999_rulebook_seed1,rulebook,1,,24,lap_time_fuel_adj_s,54,97.46211988289555,1.301173631345109,97.12049742943525,97.8178480761109
by_tyre_age,learned_model,ppo_gamma0.999_rulebook_seed1,rulebook,1,,25,lap_time_fuel_adj_s,50,97.64132876630782,1.127888104062911,97.32235401389052,97.95192811064479
by_tyre_age,learned_model,ppo_gamma0.999_rulebook_seed1,rulebook,1,,26,lap_time_fuel_adj_s,47,98.06311028936479,1.1559370577691568,97.72437176022535,98.39911383130757
by_tyre_age,learned_model,ppo_gamma0.999_rulebook_seed1,rulebook,1,,27,lap_time_fuel_adj_s,45,98.40892321382594,1.107031246984786,98.0881373364171,98.73286930807407
by_tyre_age,learned_model,ppo_gamma0.999_rulebook_seed1,rulebook,1,,28,lap_time_fuel_adj_s,43,98.57621805725319,1.25508098722246,98.21964457624142,98.92256898654216
by_tyre_age,learned_model,ppo_gamma0.999_rulebook_seed1,rulebook,1,,29,lap_time_fuel_adj_s,42,99.26292827894784,1.1777352399674055,98.90366100518895,99.609828710671
by_tyre_age,learned_model,ppo_gamma0.999_rulebook_seed1,rulebook,1,,30,lap_time_fuel_adj_s,40,98.82487184542268,1.312254974141879,98.45167187795053,99.26704013912038
by_tyre_age,learned_model,ppo_gamma0.999_rulebook_seed1,rulebook,1,,31,lap_time_fuel_adj_s,37,99.0152204646862,1.0465553902037104,98.67562839134007,99.31910007189182
by_tyre_age,learned_model,ppo_gamma0.999_rulebook_seed1,rulebook,1,,32,lap_time_fuel_adj_s,32,99.46883752589153,1.0709119299600753,99.10265831525973,99.8220347787801
by_tyre_age,learned_model,ppo_gamma0.999_rulebook_seed1,rulebook,1,,33,lap_time_fuel_adj_s,32,99.39740531527374,1.0124131554492746,99.06956819198426,99.75793973549274
by_tyre_age,learned_model,ppo_gamma0.999_rulebook_seed1,rulebook,1,,34,lap_time_fuel_adj_s,30,99.2637653772665,1.4503364402072245,98.73492026468267,99.74614127740364
by_tyre_age,learned_model,ppo_gamma0.999_rulebook_seed1,rulebook,1,,35,lap_time_fuel_adj_s,29,100.02753897722906,1.2269035346268171,99.56549271763419,100.44010105993904
by_tyre_age,learned_model,ppo_gamma0.999_rulebook_seed1,rulebook,1,,36,lap_time_fuel_adj_s,24,99.95488268742214,1.053850512726116,99.54414632187515,100.36574509971287
by_tyre_age,learned_model,ppo_gamma0.999_rulebook_seed1,rulebook,1,,37,lap_time_fuel_adj_s,23,100.26554189856253,1.1386577089846004,99.79535167792207,100.7047587647872
by_tyre_age,learned_model,ppo_gamma0.999_rulebook_seed1,rulebook,1,,38,lap_time_fuel_adj_s,23,100.42108046256968,1.2430379775817884,99.92358055404306,100.92270523000863
by_tyre_age,learned_model,ppo_gamma0.999_rulebook_seed1,rulebook,1,,39,lap_time_fuel_adj_s,22,100.04263534567113,1.283960575045557,99.52858932745458,100.60557144463614
by_tyre_age,learned_model,ppo_gamma0.999_rulebook_seed1,rulebook,1,,40,lap_time_fuel_adj_s,18,100.9190511358552,1.2629947393299148,100.31754536418252,101.4880737874692
by_tyre_age,learned_model,ppo_gamma0.999_rulebook_seed1,rulebook,1,,41,lap_time_fuel_adj_s,17,101.07490787611395,1.0954454934321147,100.58275376844561,101.56301331466527
by_tyre_age,learned_model,ppo_gamma0.999_rulebook_seed1,rulebook,1,,42,lap_time_fuel_adj_s,17,101.30141211965963,1.393468388152955,100.6978992095191,101.95453173684352
by_tyre_age,learned_model,ppo_gamma0.999_rulebook_seed1,rulebook,1,,43,lap_time_fuel_adj_s,16,101.35382475954626,1.041359559545887,100.84159734860549,101.82712426704086
by_tyre_age,learned_model,ppo_gamma0.999_rulebook_seed1,rulebook,1,,44,lap_time_fuel_adj_s,13,101.99349644103494,1.029444580305174,101.4985638102326,102.52246946943183
by_tyre_age,learned_model,ppo_gamma0.999_rulebook_seed1,rulebook,1,,45,lap_time_fuel_adj_s,12,102.11423070788447,1.2353287271599347,101.43265920842234,102.74826198039301
by_tyre_age,learned_model,ppo_gamma0.999_rulebook_seed1,rulebook,1,,46,lap_time_fuel_adj_s,12,102.69011523800835,1.2483377560485758,102.02958332306302,103.33786372302787
by_tyre_age,learned_model,ppo_gamma0.999_rulebook_seed1,rulebook,1,,47,lap_time_fuel_adj_s,11,102.14429260495903,1.411833234552707,101.34007810839103,102.94248532533312
by_tyre_age,learned_model,ppo_gamma0.999_rulebook_seed1,rulebook,1,,48,lap_time_fuel_adj_s,9,101.99350650345572,1.1339272103911333,101.38341138824093,102.79157470418413
by_tyre_age,learned_model,ppo_gamma0.999_rulebook_seed1,rulebook,1,,49,lap_time_fuel_adj_s,8,102.76681871471158,1.5834837629609713,101.6591499912394,103.674511072607
by_tyre_age,learned_model,ppo_gamma0.999_rulebook_seed1,rulebook,1,,50,lap_time_fuel_adj_s,8,103.02135266231062,1.1590444915430143,102.2501356454774,103.7559761123439
by_tyre_age,learned_model,ppo_gamma0.999_rulebook_seed1,rulebook,1,,51,lap_time_fuel_adj_s,7,102.26766194850678,1.0010073178048935,101.63295771804131,102.97809084770321
by_tyre_age_medium_only,learned_model,ppo_gamma0.999_rulebook_seed1,rulebook,1,,0,lap_time_fuel_adj_s,98,91.98969949133033,1.1219250631831408,91.7737859413003,92.20445615607616
by_tyre_age_medium_only,learned_model,ppo_gamma0.999_rulebook_seed1,rulebook,1,,1,lap_time_fuel_adj_s,94,91.8889128798207,1.3357298780596354,91.61675752601955,92.16086495465143
by_tyre_age_medium_only,learned_model,ppo_gamma0.999_rulebook_seed1,rulebook,1,,2,lap_time_fuel_adj_s,92,92.04696879635371,1.281996818875914,91.79224281401655,92.30626230997747
by_tyre_age_medium_only,learned_model,ppo_gamma0.999_rulebook_seed1,rulebook,1,,3,lap_time_fuel_adj_s,91,92.56947670140096,1.2122311131250125,92.31692634950072,92.82542105255473
by_tyre_age_medium_only,learned_model,ppo_gamma0.999_rulebook_seed1,rulebook,1,,4,lap_time_fuel_adj_s,90,92.7062678649579,1.2306746509265514,92.45966737896748,92.96365201028378
by_tyre_age_medium_only,learned_model,ppo_gamma0.999_rulebook_seed1,rulebook,1,,5,lap_time_fuel_adj_s,88,92.87347404022863,1.2510631271642643,92.60676416658654,93.13065217093302
by_tyre_age_medium_only,learned_model,ppo_gamma0.999_rulebook_seed1,rulebook,1,,6,lap_time_fuel_adj_s,82,93.05132368685597,1.2017939324571216,92.79306442026687,93.3061947814007
by_tyre_age_medium_only,learned_model,ppo_gamma0.999_rulebook_seed1,rulebook,1,,7,lap_time_fuel_adj_s,81,93.27376825274195,1.0711933569724021,93.04399708003949,93.50081664669909
by_tyre_age_medium_only,learned_model,ppo_gamma0.999_rulebook_seed1,rulebook,1,,8,lap_time_fuel_adj_s,80,93.71906846727231,1.0338869237175805,93.50201671681141,93.94126625263837
by_tyre_age_medium_only,learned_model,ppo_gamma0.999_rulebook_seed1,rulebook,1,,9,lap_time_fuel_adj_s,79,93.77257835736742,1.302544757033326,93.50653618027079,94.05798667748836
by_tyre_age_medium_only,learned_model,ppo_gamma0.999_rulebook_seed1,rulebook,1,,10,lap_time_fuel_adj_s,76,94.1502872180642,1.2796939405597871,93.86473237548358,94.4337562756017
by_tyre_age_medium_only,learned_model,ppo_gamma0.999_rulebook_seed1,rulebook,1,,11,lap_time_fuel_adj_s,75,94.46888371757949,1.182277144045434,94.19793519035908,94.72950036621705
by_tyre_age_medium_only,learned_model,ppo_gamma0.999_rulebook_seed1,rulebook,1,,12,lap_time_fuel_adj_s,73,94.7011431998594,1.3008463893912208,94.40717316148938,95.00437486654425
by_tyre_age_medium_only,learned_model,ppo_gamma0.999_rulebook_seed1,rulebook,1,,13,lap_time_fuel_adj_s,72,95.21337196358962,1.2067968110857807,94.9355053482848,95.48286694829169
by_tyre_age_medium_only,learned_model,ppo_gamma0.999_rulebook_seed1,rulebook,1,,14,lap_time_fuel_adj_s,72,94.99103286822498,1.2698788659480609,94.71351788993316,95.28911068996587
by_tyre_age_medium_only,learned_model,ppo_gamma0.999_rulebook_seed1,rulebook,1,,15,lap_time_fuel_adj_s,71,95.35161340707295,1.2434108768776584,95.07448647126229,95.63882245038097
by_tyre_age_medium_only,learned_model,ppo_gamma0.999_rulebook_seed1,rulebook,1,,16,lap_time_fuel_adj_s,68,95.51902127548293,1.195679380856214,95.23986335068727,95.80504849909055
by_tyre_age_medium_only,learned_model,ppo_gamma0.999_rulebook_seed1,rulebook,1,,17,lap_time_fuel_adj_s,68,95.84190091043034,1.2612964401599425,95.54578969688394,96.13681103727076
by_tyre_age_medium_only,learned_model,ppo_gamma0.999_rulebook_seed1,rulebook,1,,18,lap_time_fuel_adj_s,67,96.31386205998791,1.1709902714836022,96.05022229634086,96.60220890667789
by_tyre_age_medium_only,learned_model,ppo_gamma0.999_rulebook_seed1,rulebook,1,,19,lap_time_fuel_adj_s,64,96.3810428828302,1.1478812113583934,96.1082852763717,96.66962422300782
by_tyre_age_medium_only,learned_model,ppo_gamma0.999_rulebook_seed1,rulebook,1,,20,lap_time_fuel_adj_s,63,96.52863159717066,1.116363149609861,96.25668882853394,96.7991022289711
by_tyre_age_medium_only,learned_model,ppo_gamma0.999_rulebook_seed1,rulebook,1,,21,lap_time_fuel_adj_s,61,96.89523967736275,1.3322838944980535,96.54988519114568,97.23339066860477
by_tyre_age_medium_only,learned_model,ppo_gamma0.999_rulebook_seed1,rulebook,1,,22,lap_time_fuel_adj_s,61,96.94875492509159,1.2720678389278512,96.62651550984252,97.26714036662626
by_tyre_age_medium_only,learned_model,ppo_gamma0.999_rulebook_seed1,rulebook,1,,23,lap_time_fuel_adj_s,59,97.36939652932274,1.1907835293391122,97.07805259668231,97.6601679068133
by_tyre_age_medium_only,learned_model,ppo_gamma0.999_rulebook_seed1,rulebook,1,,24,lap_time_fuel_adj_s,54,97.46211988289555,1.301173631345109,97.11128290983957,97.79765576417853
by_tyre_age_medium_only,learned_model,ppo_gamma0.999_rulebook_seed1,rulebook,1,,25,lap_time_fuel_adj_s,50,97.64132876630782,1.127888104062911,97.33626708879517,97.94967703748952
by_tyre_age_medium_only,learned_model,ppo_gamma0.999_rulebook_seed1,rulebook,1,,26,lap_time_fuel_adj_s,47,98.06311028936479,1.1559370577691568,97.74036186617646,98.38481131141421
by_tyre_age_medium_only,learned_model,ppo_gamma0.999_rulebook_seed1,rulebook,1,,27,lap_time_fuel_adj_s,45,98.40892321382594,1.107031246984786,98.08038282442828,98.72508481196203
by_tyre_age_medium_only,learned_model,ppo_gamma0.999_rulebook_seed1,rulebook,1,,28,lap_time_fuel_adj_s,43,98.57621805725319,1.25508098722246,98.19880173246575,98.95254818390146
by_tyre_age_medium_only,learned_model,ppo_gamma0.999_rulebook_seed1,rulebook,1,,29,lap_time_fuel_adj_s,42,99.26292827894784,1.1777352399674055,98.92843046647141,99.63030294568668
by_tyre_age_medium_only,learned_model,ppo_gamma0.999_rulebook_seed1,rulebook,1,,30,lap_time_fuel_adj_s,40,98.82487184542268,1.312254974141879,98.45476303823027,99.23087927289221
by_tyre_age_medium_only,learned_model,ppo_gamma0.999_rulebook_seed1,rulebook,1,,31,lap_time_fuel_adj_s,37,99.0152204646862,1.0465553902037104,98.67269960987004,99.33957880011855
by_tyre_age_medium_only,learned_model,ppo_gamma0.999_rulebook_seed1,rulebook,1,,32,lap_time_fuel_adj_s,32,99.46883752589153,1.0709119299600753,99.10952871827995,99.8169858785813
by_tyre_age_medium_only,learned_model,ppo_gamma0.999_rulebook_seed1,rulebook,1,,33,lap_time_fuel_adj_s,32,99.39740531527374,1.0124131554492746,99.05291070950697,99.74626112677807
by_tyre_age_medium_only,learned_model,ppo_gamma0.999_rulebook_seed1,rulebook,1,,34,lap_time_fuel_adj_s,30,99.2637653772665,1.4503364402072245,98.7464070986823,99.77459163119974
by_tyre_age_medium_only,learned_model,ppo_gamma0.999_rulebook_seed1,rulebook,1,,35,lap_time_fuel_adj_s,29,100.02753897722906,1.2269035346268171,99.56497526386967,100.46208665732122
by_tyre_age_medium_only,learned_model,ppo_gamma0.999_rulebook_seed1,rulebook,1,,36,lap_time_fuel_adj_s,24,99.95488268742214,1.053850512726116,99.55550119630142,100.37497793060446
by_tyre_age_medium_only,learned_model,ppo_gamma0.999_rulebook_seed1,rulebook,1,,37,lap_time_fuel_adj_s,23,100.26554189856253,1.1386577089846004,99.80255988971525,100.70000777128891
by_tyre_age_medium_only,learned_model,ppo_gamma0.999_rulebook_seed1,rulebook,1,,38,lap_time_fuel_adj_s,23,100.42108046256968,1.2430379775817884,99.91673827850695,100.906325408668
by_tyre_age_medium_only,learned_model,ppo_gamma0.999_rulebook_seed1,rulebook,1,,39,lap_time_fuel_adj_s,22,100.04263534567113,1.283960575045557,99.54604813644083,100.55432234519769
by_tyre_age_medium_only,learned_model,ppo_gamma0.999_rulebook_seed1,rulebook,1,,40,lap_time_fuel_adj_s,18,100.9190511358552,1.2629947393299148,100.3413450739264,101.47567679222458
by_tyre_age_medium_only,learned_model,ppo_gamma0.999_rulebook_seed1,rulebook,1,,41,lap_time_fuel_adj_s,17,101.07490787611395,1.0954454934321147,100.61556177098225,101.5980108729875
by_tyre_age_medium_only,learned_model,ppo_gamma0.999_rulebook_seed1,rulebook,1,,42,lap_time_fuel_adj_s,17,101.30141211965963,1.393468388152955,100.66974148046604,101.9162342811662
by_tyre_age_medium_only,learned_model,ppo_gamma0.999_rulebook_seed1,rulebook,1,,43,lap_time_fuel_adj_s,16,101.35382475954626,1.041359559545887,100.85801759803307,101.84130948931775
by_tyre_age_medium_only,learned_model,ppo_gamma0.999_rulebook_seed1,rulebook,1,,44,lap_time_fuel_adj_s,13,101.99349644103494,1.029444580305174,101.44824208751945,102.52617160632789
by_tyre_age_medium_only,learned_model,ppo_gamma0.999_rulebook_seed1,rulebook,1,,45,lap_time_fuel_adj_s,12,102.11423070788447,1.2353287271599347,101.41442636704441,102.77598349928849
by_tyre_age_medium_only,learned_model,ppo_gamma0.999_rulebook_seed1,rulebook,1,,46,lap_time_fuel_adj_s,12,102.69011523800835,1.2483377560485758,102.0131547895211,103.35714480290706
by_tyre_age_medium_only,learned_model,ppo_gamma0.999_rulebook_seed1,rulebook,1,,47,lap_time_fuel_adj_s,11,102.14429260495903,1.411833234552707,101.40584642434992,102.98796510648289
by_tyre_age_medium_only,learned_model,ppo_gamma0.999_rulebook_seed1,rulebook,1,,48,lap_time_fuel_adj_s,9,101.99350650345572,1.1339272103911333,101.38555089835744,102.74498908357266
by_tyre_age_medium_only,learned_model,ppo_gamma0.999_rulebook_seed1,rulebook,1,,49,lap_time_fuel_adj_s,8,102.76681871471158,1.5834837629609713,101.61832044788378,103.66185606039987
by_tyre_age_medium_only,learned_model,ppo_gamma0.999_rulebook_seed1,rulebook,1,,50,lap_time_fuel_adj_s,8,103.02135266231062,1.1590444915430143,102.24833488958353,103.69885681748295
by_tyre_age_medium_only,learned_model,ppo_gamma0.999_rulebook_seed1,rulebook,1,,51,lap_time_fuel_adj_s,7,102.26766194850678,1.0010073178048935,101.61219755218922,102.97362742288946
race_outcome_conditional_finishers,learned_model,ppo_gamma0.999_rulebook_seed1,rulebook,1,,finishers_all,race_time_s,7,5442.148578724358,7.479536584836322,5437.42158214795,5447.818232117121
race_outcome_conditional_finishers,learned_model,ppo_gamma0.999_rulebook_seed1,rulebook,1,,finishers_all,segment_sum_time_s,7,5142.148578724361,7.479536584832117,5137.539280990831,5147.530803947155
race_outcome_conditional_finishers,learned_model,ppo_gamma0.999_rulebook_seed1,rulebook,1,,finishers_zero_pit,race_time_s,7,5442.148578724358,7.479536584836322,5437.512947124961,5447.486989318786
race_outcome_conditional_finishers,learned_model,ppo_gamma0.999_rulebook_seed1,rulebook,1,,finishers_with_pit,race_time_s,0,,,,
all_episode_progress,learned_model,ppo_gamma0.999_rulebook_seed1,rulebook,1,,all_episodes,completed_laps,100,25.46,15.501332624368564,22.56,28.490499999999997
attrition,learned_model,ppo_gamma0.999_rulebook_seed1,rulebook,1,,all_episodes,crash_rate,100,0.93,0.2564323999762428,0.88,0.98
attrition,learned_model,ppo_gamma0.999_rulebook_seed1,rulebook,1,,all_episodes,catastrophic_rate,100,0.14,0.34873508801977704,0.08,0.21
attrition,learned_model,ppo_gamma0.999_rulebook_seed1,rulebook,1,,all_episodes,finish_rate,100,0.07,0.2564323999762428,0.03,0.12
matched_window_laps5_15_zeropit,learned_model,ppo_gamma0.999_rulebook_seed2,rulebook,2,,laps5-15,lap_time_s,27,96.14414406714987,1.3901774253533141,95.64066164837695,96.68753548491489
matched_window_laps5_15_zeropit,learned_model,ppo_gamma0.999_rulebook_seed2,rulebook,2,,laps5-15,lap_time_fuel_adj_s,27,93.91123808424389,1.3955969596033269,93.4107169248058,94.41146395579858
matched_window_laps5_15_zeropit,learned_model,ppo_gamma0.999_rulebook_seed2,rulebook,2,,laps5-15,tyre_age_entry,27,5.555555555555555,1.5021352323976216,5.037037037037037,6.111111111111111
matched_window_laps5_15_zeropit,learned_model,ppo_gamma0.999_rulebook_seed2,rulebook,2,,laps5-15,mean_risk_in_lap,27,-0.07916318089413789,0.027499761943447658,-0.08973439254820989,-0.06985367111020449
matched_window_laps5_15_zeropit,learned_model,ppo_gamma0.999_rulebook_seed2,rulebook,2,,laps5-15,is_medium_compound,27,1.0,0.0,1.0,1.0
matched_window_laps5_15_nonpitlaps,learned_model,ppo_gamma0.999_rulebook_seed2,rulebook,2,,laps5-15,lap_time_s,831,95.22816120805896,1.956690659843938,95.09222369501869,95.36441294530809
by_lap_number,learned_model,ppo_gamma0.999_rulebook_seed2,rulebook,2,,1,lap_time_s,100,95.38001773061396,1.077100408793079,95.15785097248256,95.58530024431914
by_lap_number,learned_model,ppo_gamma0.999_rulebook_seed2,rulebook,2,,2,lap_time_s,96,95.39372977052858,1.2739864313322036,95.15195826382687,95.6339195010433
by_lap_number,learned_model,ppo_gamma0.999_rulebook_seed2,rulebook,2,,3,lap_time_s,95,95.4653382891972,1.2781045926500716,95.19820382121827,95.71709425976026
by_lap_number,learned_model,ppo_gamma0.999_rulebook_seed2,rulebook,2,,4,lap_time_s,93,95.77248052738629,1.2220573126055305,95.5286372534889,96.02586465422324
by_lap_number,learned_model,ppo_gamma0.999_rulebook_seed2,rulebook,2,,5,lap_time_s,89,95.70909437851566,1.2446738118865888,95.45491028833443,95.96752680602634
by_lap_number,learned_model,ppo_gamma0.999_rulebook_seed2,rulebook,2,,6,lap_time_s,89,95.89965933309783,1.2426590460526492,95.63654171186072,96.14600609864866
by_lap_number,learned_model,ppo_gamma0.999_rulebook_seed2,rulebook,2,,7,lap_time_s,85,96.02062351885122,1.1676399785848466,95.77166758078265,96.26446190716501
by_lap_number,learned_model,ppo_gamma0.999_rulebook_seed2,rulebook,2,,8,lap_time_s,84,96.32026933637519,1.1659350655648224,96.06753297730378,96.56466758932834
by_lap_number,learned_model,ppo_gamma0.999_rulebook_seed2,rulebook,2,,9,lap_time_s,84,96.71596760502709,1.20207719343382,96.46773930285006,96.96497131280233
by_lap_number,learned_model,ppo_gamma0.999_rulebook_seed2,rulebook,2,,10,lap_time_s,74,96.56680492524036,1.1807427884585329,96.29569647785402,96.85359992192467
by_lap_number,learned_model,ppo_gamma0.999_rulebook_seed2,rulebook,2,,11,lap_time_s,57,96.23975406445958,1.6738117077714023,95.79665020201237,96.66278770402391
by_lap_number,learned_model,ppo_gamma0.999_rulebook_seed2,rulebook,2,,12,lap_time_s,48,94.1623139273592,2.1635987626526165,93.57405326934474,94.7362812466941
by_lap_number,learned_model,ppo_gamma0.999_rulebook_seed2,rulebook,2,,13,lap_time_s,67,93.1641568597429,1.28816633247988,92.87038239202342,93.46509457162607
by_lap_number,learned_model,ppo_gamma0.999_rulebook_seed2,rulebook,2,,14,lap_time_s,76,92.94528110818544,1.2746326220445559,92.67588826515495,93.23444651641682
by_lap_number,learned_model,ppo_gamma0.999_rulebook_seed2,rulebook,2,,15,lap_time_s,78,92.91519862696367,1.1606908620305283,92.6556818729173,93.18001399864413
by_lap_number,learned_model,ppo_gamma0.999_rulebook_seed2,rulebook,2,,16,lap_time_s,75,92.74766936470778,1.3752256788023445,92.43604727920504,93.07263635061425
by_lap_number,learned_model,ppo_gamma0.999_rulebook_seed2,rulebook,2,,17,lap_time_s,71,93.0624701143888,1.1336620891897224,92.79985677994695,93.32735378680859
by_lap_number,learned_model,ppo_gamma0.999_rulebook_seed2,rulebook,2,,18,lap_time_s,68,92.9605551702531,1.1039624811827093,92.70721683792898,93.21318637326932
by_lap_number,learned_model,ppo_gamma0.999_rulebook_seed2,rulebook,2,,19,lap_time_s,65,92.95304566735793,1.2147233829400204,92.66670841646459,93.25834746065064
by_lap_number,learned_model,ppo_gamma0.999_rulebook_seed2,rulebook,2,,20,lap_time_s,64,93.08564384638848,1.4227913896093458,92.73822519335248,93.43673997784235
by_lap_number,learned_model,ppo_gamma0.999_rulebook_seed2,rulebook,2,,21,lap_time_s,63,92.8854185991328,1.2465084898016998,92.57822223843445,93.17714881524601
by_lap_number,learned_model,ppo_gamma0.999_rulebook_seed2,rulebook,2,,22,lap_time_s,62,93.01483323769318,1.009680434538285,92.76370446887164,93.26314135499409
by_lap_number,learned_model,ppo_gamma0.999_rulebook_seed2,rulebook,2,,23,lap_time_s,61,92.85394083563642,1.3207687114903244,92.53736106228831,93.19089543604144
by_lap_number,learned_model,ppo_gamma0.999_rulebook_seed2,rulebook,2,,24,lap_time_s,56,93.00294309683386,1.1884040346072426,92.69106581403302,93.30537623554218
by_lap_number,learned_model,ppo_gamma0.999_rulebook_seed2,rulebook,2,,25,lap_time_s,53,93.40392566611563,1.4568979778104254,93.01092262426525,93.78086465388988
by_lap_number,learned_model,ppo_gamma0.999_rulebook_seed2,rulebook,2,,26,lap_time_s,51,92.67143583860928,1.2315048794824706,92.34611524771093,92.99043736674602
by_lap_number,learned_model,ppo_gamma0.999_rulebook_seed2,rulebook,2,,27,lap_time_s,47,92.77083232476038,1.216614989955611,92.4443583570758,93.13271116549862
by_lap_number,learned_model,ppo_gamma0.999_rulebook_seed2,rulebook,2,,28,lap_time_s,46,92.64453949642439,0.9986213070944704,92.34696720950267,92.93216727991398
by_lap_number,learned_model,ppo_gamma0.999_rulebook_seed2,rulebook,2,,29,lap_time_s,42,92.85196346869168,1.2153608976851662,92.51096309451043,93.22112955782033
by_lap_number,learned_model,ppo_gamma0.999_rulebook_seed2,rulebook,2,,30,lap_time_s,39,93.03024108444656,0.9983486334201177,92.71727577245284,93.33692432368885
by_lap_number,learned_model,ppo_gamma0.999_rulebook_seed2,rulebook,2,,31,lap_time_s,38,93.24748255137847,1.0956890697475086,92.91025083723873,93.60721348084351
by_lap_number,learned_model,ppo_gamma0.999_rulebook_seed2,rulebook,2,,32,lap_time_s,36,92.81561476516373,0.9981502029385738,92.50326182212478,93.15496243241122
by_lap_number,learned_model,ppo_gamma0.999_rulebook_seed2,rulebook,2,,33,lap_time_s,34,92.92314179388735,1.2806347466422363,92.48522931564138,93.3278030792941
by_lap_number,learned_model,ppo_gamma0.999_rulebook_seed2,rulebook,2,,34,lap_time_s,32,92.82244702834734,0.8602933722627574,92.53998854266725,93.11700336982732
by_lap_number,learned_model,ppo_gamma0.999_rulebook_seed2,rulebook,2,,35,lap_time_s,29,93.18869528493673,1.3227723000443417,92.74122405271476,93.69157509963792
by_lap_number,learned_model,ppo_gamma0.999_rulebook_seed2,rulebook,2,,36,lap_time_s,28,93.11228716442115,1.0922194864702506,92.69453411748003,93.49455010573791
by_lap_number,learned_model,ppo_gamma0.999_rulebook_seed2,rulebook,2,,37,lap_time_s,26,92.94204493055432,1.2527692343300239,92.45483247199897,93.43093278911805
by_lap_number,learned_model,ppo_gamma0.999_rulebook_seed2,rulebook,2,,38,lap_time_s,24,92.94718411916892,1.3509622495993905,92.45128330144948,93.47112744874423
by_lap_number,learned_model,ppo_gamma0.999_rulebook_seed2,rulebook,2,,39,lap_time_s,22,92.66110325788902,1.2491396252799936,92.1612374509083,93.19244630862578
by_lap_number,learned_model,ppo_gamma0.999_rulebook_seed2,rulebook,2,,40,lap_time_s,20,93.01967882691643,1.5539103291871041,92.37306327266722,93.77850030364904
by_lap_number,learned_model,ppo_gamma0.999_rulebook_seed2,rulebook,2,,41,lap_time_s,18,92.64819050879103,1.0722030671539617,92.2043119778264,93.15104875279607
by_lap_number,learned_model,ppo_gamma0.999_rulebook_seed2,rulebook,2,,42,lap_time_s,18,92.72146364132068,1.172256289425351,92.19476870824278,93.23523886628936
by_lap_number,learned_model,ppo_gamma0.999_rulebook_seed2,rulebook,2,,43,lap_time_s,15,93.00749247613349,1.2000333712162043,92.42023895318543,93.58050859509044
by_lap_number,learned_model,ppo_gamma0.999_rulebook_seed2,rulebook,2,,44,lap_time_s,14,92.7619098806595,1.6162245662964063,91.92426214518369,93.54017477281857
by_lap_number,learned_model,ppo_gamma0.999_rulebook_seed2,rulebook,2,,45,lap_time_s,15,92.26735048875263,1.1524346328413866,91.7229491206325,92.84838798246145
by_lap_number,learned_model,ppo_gamma0.999_rulebook_seed2,rulebook,2,,46,lap_time_s,13,92.23471231913649,1.5251029300980048,91.43497692745139,93.05614412268982
by_lap_number,learned_model,ppo_gamma0.999_rulebook_seed2,rulebook,2,,47,lap_time_s,13,92.357222907053,1.4853352352135958,91.6151538209416,93.1276665218197
by_lap_number,learned_model,ppo_gamma0.999_rulebook_seed2,rulebook,2,,48,lap_time_s,12,92.92528373778016,1.4287034230618985,92.0956307170813,93.62981199212147
by_lap_number,learned_model,ppo_gamma0.999_rulebook_seed2,rulebook,2,,49,lap_time_s,12,91.9756921971129,1.6719268121697295,91.06780018416447,92.87143272937038
by_lap_number,learned_model,ppo_gamma0.999_rulebook_seed2,rulebook,2,,50,lap_time_s,11,92.66181584652121,1.0239231474701544,92.14204565363993,93.24970621199857
by_lap_number,learned_model,ppo_gamma0.999_rulebook_seed2,rulebook,2,,51,lap_time_s,10,93.3147955173902,1.7535501554551802,92.26767426872817,94.34901789161665
by_lap_number,learned_model,ppo_gamma0.999_rulebook_seed2,rulebook,2,,52,lap_time_s,6,93.31626858081462,1.5869061058746554,92.1933996480523,94.46615016315053
by_tyre_age,learned_model,ppo_gamma0.999_rulebook_seed2,rulebook,2,,0,lap_time_fuel_adj_s,182,92.09158447533939,1.430658361195122,91.87841820732201,92.28524822559645
by_tyre_age,learned_model,ppo_gamma0.999_rulebook_seed2,rulebook,2,,1,lap_time_fuel_adj_s,175,92.04789577316892,1.5711872864559004,91.82319107570123,92.28445813513586
by_tyre_age,learned_model,ppo_gamma0.999_rulebook_seed2,rulebook,2,,2,lap_time_fuel_adj_s,174,92.1199600351362,1.6156694465208519,91.8744094706094,92.35886187039493
by_tyre_age,learned_model,ppo_gamma0.999_rulebook_seed2,rulebook,2,,3,lap_time_fuel_adj_s,170,92.26535555496805,1.7843709805415637,92.01292446034046,92.52245956461033
by_tyre_age,learned_model,ppo_gamma0.999_rulebook_seed2,rulebook,2,,4,lap_time_fuel_adj_s,162,92.51301569651959,1.5582014046119967,92.27142748677582,92.74915530269371
by_tyre_age,learned_model,ppo_gamma0.999_rulebook_seed2,rulebook,2,,5,lap_time_fuel_adj_s,160,92.58749283408068,1.6696087377541555,92.31986784142735,92.84174806079594
by_tyre_age,learned_model,ppo_gamma0.999_rulebook_seed2,rulebook,2,,6,lap_time_fuel_adj_s,154,92.62393838881083,1.7413498641502805,92.342111520581,92.90188601158631
by_tyre_age,learned_model,ppo_gamma0.999_rulebook_seed2,rulebook,2,,7,lap_time_fuel_adj_s,151,92.86090337084498,1.8865639009975683,92.55290897415591,93.16049967176761
by_tyre_age,learned_model,ppo_gamma0.999_rulebook_seed2,rulebook,2,,8,lap_time_fuel_adj_s,148,93.24261329827442,2.0214640552866627,92.9221920535025,93.56292037877787
by_tyre_age,learned_model,ppo_gamma0.999_rulebook_seed2,rulebook,2,,9,lap_time_fuel_adj_s,137,93.23013448579691,1.7845811325432275,92.92999623185817,93.53804642168451
by_tyre_age,learned_model,ppo_gamma0.999_rulebook_seed2,rulebook,2,,10,lap_time_fuel_adj_s,110,93.01345392673163,1.9293274146950885,92.65523152703642,93.37155615327725
by_tyre_age,learned_model,ppo_gamma0.999_rulebook_seed2,rulebook,2,,11,lap_time_fuel_adj_s,76,92.27303468597707,1.8177665997923407,91.86486485977332,92.70288633653497
by_tyre_age,learned_model,ppo_gamma0.999_rulebook_seed2,rulebook,2,,12,lap_time_fuel_adj_s,57,91.66299386365519,1.3661950789091042,91.30627497366098,92.01045880293121
by_tyre_age,learned_model,ppo_gamma0.999_rulebook_seed2,rulebook,2,,13,lap_time_fuel_adj_s,53,91.73372248486503,1.3791343079440745,91.36245724883346,92.10553532291736
by_tyre_age,learned_model,ppo_gamma0.999_rulebook_seed2,rulebook,2,,14,lap_time_fuel_adj_s,48,91.58190407493305,1.309497755124437,91.20274501411757,91.94409366559913
by_tyre_age,learned_model,ppo_gamma0.999_rulebook_seed2,rulebook,2,,15,lap_time_fuel_adj_s,45,91.26381561228621,1.316675894640896,90.87266787551653,91.64685144633438
by_tyre_age,learned_model,ppo_gamma0.999_rulebook_seed2,rulebook,2,,16,lap_time_fuel_adj_s,42,91.69626821685786,1.0309375077841116,91.3810038242451,91.99523870372298
by_tyre_age,learned_model,ppo_gamma0.999_rulebook_seed2,rulebook,2,,17,lap_time_fuel_adj_s,39,91.69463609286021,0.9830125295349942,91.38464570922832,92.00830966796877
by_tyre_age,learned_model,ppo_gamma0.999_rulebook_seed2,rulebook,2,,18,lap_time_fuel_adj_s,38,92.13591187120971,1.1737855246791402,91.78441633437133,92.48411935232723
by_tyre_age,learned_model,ppo_gamma0.999_rulebook_seed2,rulebook,2,,19,lap_time_fuel_adj_s,38,92.0383499189249,0.9161574447434268,91.75340062535817,92.33060136508111
by_tyre_age,learned_model,ppo_gamma0.999_rulebook_seed2,rulebook,2,,20,lap_time_fuel_adj_s,35,91.86612606934615,0.9204972641434904,91.57589308468808,92.16928124273358
by_tyre_age,learned_model,ppo_gamma0.999_rulebook_seed2,rulebook,2,,21,lap_time_fuel_adj_s,31,91.88370113367992,1.3198782143402952,91.41182380659907,92.32171227173042
by_tyre_age,learned_model,ppo_gamma0.999_rulebook_seed2,rulebook,2,,22,lap_time_fuel_adj_s,31,92.11960341683552,1.3719452955599634,91.6361356132903,92.57420958383179
by_tyre_age,learned_model,ppo_gamma0.999_rulebook_seed2,rulebook,2,,23,lap_time_fuel_adj_s,29,92.47232156904543,1.0518299617943832,92.06673854308589,92.83284356079396
by_tyre_age,learned_model,ppo_gamma0.999_rulebook_seed2,rulebook,2,,24,lap_time_fuel_adj_s,26,92.07841564904129,1.3705577908428033,91.59677774774532,92.61322618895748
by_tyre_age,learned_model,ppo_gamma0.999_rulebook_seed2,rulebook,2,,25,lap_time_fuel_adj_s,25,91.94377597344992,1.020428252562213,91.55267439659711,92.32279872806832
by_tyre_age,learned_model,ppo_gamma0.999_rulebook_seed2,rulebook,2,,26,lap_time_fuel_adj_s,23,92.02283632644568,1.3560238276130132,91.50548593777378,92.57022330992201
by_tyre_age,learned_model,ppo_gamma0.999_rulebook_seed2,rulebook,2,,27,lap_time_fuel_adj_s,19,92.60372862710344,1.1043793727422153,92.16027379074055,93.11267586481341
by_tyre_age,learned_model,ppo_gamma0.999_rulebook_seed2,rulebook,2,,28,lap_time_fuel_adj_s,19,92.25056333400198,1.4470414467630548,91.63933980291775,92.91042017989561
by_tyre_age,learned_model,ppo_gamma0.999_rulebook_seed2,rulebook,2,,29,lap_time_fuel_adj_s,16,92.37592499217423,0.9361752803552446,91.93769280996968,92.7893441260441
by_tyre_age,learned_model,ppo_gamma0.999_rulebook_seed2,rulebook,2,,30,lap_time_fuel_adj_s,15,92.84322699687475,1.102921247361374,92.35166957475282,93.41035531756796
by_tyre_age,learned_model,ppo_gamma0.999_rulebook_seed2,rulebook,2,,31,lap_time_fuel_adj_s,14,92.21570796569088,1.2222551077578285,91.61359702011241,92.83863578080464
by_tyre_age,learned_model,ppo_gamma0.999_rulebook_seed2,rulebook,2,,32,lap_time_fuel_adj_s,13,92.18917614194599,1.540616768156601,91.36569138652048,92.95548102660621
by_tyre_age,learned_model,ppo_gamma0.999_rulebook_seed2,rulebook,2,,33,lap_time_fuel_adj_s,12,92.2318877280777,0.9833715072425185,91.70452647777883,92.77930951335904
by_tyre_age,learned_model,ppo_gamma0.999_rulebook_seed2,rulebook,2,,34,lap_time_fuel_adj_s,11,92.19561486348942,1.6306724576055691,91.30192603875693,93.10031005116073
by_tyre_age,learned_model,ppo_gamma0.999_rulebook_seed2,rulebook,2,,35,lap_time_fuel_adj_s,11,92.3985082714946,1.4243843550772135,91.55835490070038,93.17160810278715
by_tyre_age,learned_model,ppo_gamma0.999_rulebook_seed2,rulebook,2,,36,lap_time_fuel_adj_s,11,92.32339762602116,0.9261388476384762,91.80086999212335,92.85611406631767
by_tyre_age,learned_model,ppo_gamma0.999_rulebook_seed2,rulebook,2,,37,lap_time_fuel_adj_s,9,93.06303353480183,1.2406661125056873,92.33222947073259,93.8167792085502
by_tyre_age,learned_model,ppo_gamma0.999_rulebook_seed2,rulebook,2,,38,lap_time_fuel_adj_s,7,93.04314309854075,1.1136048825453013,92.28580448308489,93.8135410056755
by_tyre_age,learned_model,ppo_gamma0.999_rulebook_seed2,rulebook,2,,39,lap_time_fuel_adj_s,6,93.78037764077897,1.7245734679646463,92.57334153052346,95.03072747522023
by_tyre_age_medium_only,learned_model,ppo_gamma0.999_rulebook_seed2,rulebook,2,,0,lap_time_fuel_adj_s,100,92.88001773061396,1.077100408793079,92.67518704929307,93.08893609444884
by_tyre_age_medium_only,learned_model,ppo_gamma0.999_rulebook_seed2,rulebook,2,,1,lap_time_fuel_adj_s,96,92.94180669360553,1.2739864313322036,92.68563422477723,93.19976502676428
by_tyre_age_medium_only,learned_model,ppo_gamma0.999_rulebook_seed2,rulebook,2,,2,lap_time_fuel_adj_s,95,93.06149213535107,1.278104592650072,92.81248224605999,93.30688949495612
by_tyre_age_medium_only,learned_model,ppo_gamma0.999_rulebook_seed2,rulebook,2,,3,lap_time_fuel_adj_s,93,93.41671129661708,1.2220573126055305,93.184633110257,93.65405360460046
by_tyre_age_medium_only,learned_model,ppo_gamma0.999_rulebook_seed2,rulebook,2,,4,lap_time_fuel_adj_s,89,93.40140207082335,1.2446738118865888,93.13698664588127,93.65682686271059
by_tyre_age_medium_only,learned_model,ppo_gamma0.999_rulebook_seed2,rulebook,2,,5,lap_time_fuel_adj_s,89,93.64004394848247,1.2426590460526492,93.36444132549488,93.88938485389028
by_tyre_age_medium_only,learned_model,ppo_gamma0.999_rulebook_seed2,rulebook,2,,6,lap_time_fuel_adj_s,85,93.80908505731274,1.1676399785848466,93.55267236697333,94.06227890363766
by_tyre_age_medium_only,learned_model,ppo_gamma0.999_rulebook_seed2,rulebook,2,,7,lap_time_fuel_adj_s,84,94.15680779791367,1.1659350655648226,93.90534770335697,94.39884986736888
by_tyre_age_medium_only,learned_model,ppo_gamma0.999_rulebook_seed2,rulebook,2,,8,lap_time_fuel_adj_s,84,94.60058298964246,1.20207719343382,94.35046401364886,94.87190715289451
by_tyre_age_medium_only,learned_model,ppo_gamma0.999_rulebook_seed2,rulebook,2,,9,lap_time_fuel_adj_s,74,94.49949723293267,1.1807427884585329,94.2266499364531,94.7574275552228
by_tyre_age_medium_only,learned_model,ppo_gamma0.999_rulebook_seed2,rulebook,2,,10,lap_time_fuel_adj_s,49,94.71659883905515,1.1506496001095665,94.39947780828506,95.03705831684051
by_tyre_age_medium_only,learned_model,ppo_gamma0.999_rulebook_seed2,rulebook,2,,11,lap_time_fuel_adj_s,16,94.81840383447295,1.0716053098938472,94.32504675313956,95.30872550212686
by_tyre_age_medium_only,learned_model,ppo_gamma0.999_rulebook_seed2,rulebook,2,,12,lap_time_fuel_adj_s,3,94.6976586897938,0.9976973986930661,93.80335540513984,95.77375096974231
race_outcome_conditional_finishers,learned_model,ppo_gamma0.999_rulebook_seed2,rulebook,2,,finishers_all,race_time_s,9,4898.644720736052,15.815714854259161,4889.484019535729,4908.8946514177
race_outcome_conditional_finishers,learned_model,ppo_gamma0.999_rulebook_seed2,rulebook,2,,finishers_all,segment_sum_time_s,9,4898.644720736052,15.815714854256786,4889.243538704721,4907.977197690495
race_outcome_conditional_finishers,learned_model,ppo_gamma0.999_rulebook_seed2,rulebook,2,,finishers_zero_pit,race_time_s,0,,,,
race_outcome_conditional_finishers,learned_model,ppo_gamma0.999_rulebook_seed2,rulebook,2,,finishers_with_pit,race_time_s,9,4898.644720736052,15.815714854259161,4889.159870143877,4908.312280730483
all_episode_progress,learned_model,ppo_gamma0.999_rulebook_seed2,rulebook,2,,all_episodes,completed_laps,100,26.11,15.098929656358981,23.149749999999997,29.080249999999996
attrition,learned_model,ppo_gamma0.999_rulebook_seed2,rulebook,2,,all_episodes,crash_rate,100,0.91,0.2876234912646614,0.85,0.96
attrition,learned_model,ppo_gamma0.999_rulebook_seed2,rulebook,2,,all_episodes,catastrophic_rate,100,0.06,0.23868325657594205,0.02,0.11
attrition,learned_model,ppo_gamma0.999_rulebook_seed2,rulebook,2,,all_episodes,finish_rate,100,0.09,0.2876234912646614,0.04,0.15
matched_window_laps5_15_zeropit,learned_model,ppo_gamma0.999_safe_seed0,safe,0,,laps5-15,lap_time_s,372,96.85808650293562,1.385477097853926,96.72122000457979,96.99536669439334
matched_window_laps5_15_zeropit,learned_model,ppo_gamma0.999_safe_seed0,safe,0,,laps5-15,lap_time_fuel_adj_s,372,94.76919589085955,1.4567939023991763,94.62699298748568,94.91688391702858
matched_window_laps5_15_zeropit,learned_model,ppo_gamma0.999_safe_seed0,safe,0,,laps5-15,tyre_age_entry,372,8.551075268817204,3.166549207119919,8.239180107526881,8.879032258064516
matched_window_laps5_15_zeropit,learned_model,ppo_gamma0.999_safe_seed0,safe,0,,laps5-15,mean_risk_in_lap,372,-0.3852176188125209,0.08682183540896285,-0.39420624426454787,-0.3760985396343161
matched_window_laps5_15_zeropit,learned_model,ppo_gamma0.999_safe_seed0,safe,0,,laps5-15,is_medium_compound,372,1.0,0.0,1.0,1.0
matched_window_laps5_15_nonpitlaps,learned_model,ppo_gamma0.999_safe_seed0,safe,0,,laps5-15,lap_time_s,867,96.87465018572318,1.3932560620979189,96.78234473979533,96.96498837883084
by_lap_number,learned_model,ppo_gamma0.999_safe_seed0,safe,0,,1,lap_time_s,100,95.39016357350428,1.0846291172389846,95.17664808778136,95.60834921381912
by_lap_number,learned_model,ppo_gamma0.999_safe_seed0,safe,0,,2,lap_time_s,96,95.44630951003626,1.3166360882548374,95.19552579876697,95.69177709975766
by_lap_number,learned_model,ppo_gamma0.999_safe_seed0,safe,0,,3,lap_time_s,94,95.52555769404374,1.275305611520424,95.26230347135585,95.76828631651308
by_lap_number,learned_model,ppo_gamma0.999_safe_seed0,safe,0,,4,lap_time_s,92,95.85252058483552,1.1524331308911733,95.62483403912248,96.07300143363713
by_lap_number,learned_model,ppo_gamma0.999_safe_seed0,safe,0,,5,lap_time_s,87,95.85813636396742,1.2675337266664342,95.57688850843167,96.1212245540651
by_lap_number,learned_model,ppo_gamma0.999_safe_seed0,safe,0,,6,lap_time_s,87,96.05173988607949,1.2317543266322257,95.7983942234958,96.30481213630381
by_lap_number,learned_model,ppo_gamma0.999_safe_seed0,safe,0,,7,lap_time_s,82,96.31917386925774,1.169075608445473,96.06878682207017,96.56565850699431
by_lap_number,learned_model,ppo_gamma0.999_safe_seed0,safe,0,,8,lap_time_s,81,96.4771075582814,1.1626091807117676,96.21868935828952,96.7219057743237
by_lap_number,learned_model,ppo_gamma0.999_safe_seed0,safe,0,,9,lap_time_s,81,97.03579405336386,1.2212383525689394,96.77005875197574,97.32047984852842
by_lap_number,learned_model,ppo_gamma0.999_safe_seed0,safe,0,,10,lap_time_s,78,96.88423560774075,1.3057693999385531,96.59658639143188,97.18701934833291
by_lap_number,learned_model,ppo_gamma0.999_safe_seed0,safe,0,,11,lap_time_s,76,97.06089834105522,1.206223952457937,96.79434776670499,97.34143098039398
by_lap_number,learned_model,ppo_gamma0.999_safe_seed0,safe,0,,12,lap_time_s,75,97.22961058756006,1.1774251872293127,96.9556639093561,97.47743743964571
by_lap_number,learned_model,ppo_gamma0.999_safe_seed0,safe,0,,13,lap_time_s,74,97.57000621593079,1.3832549565415484,97.27026145718312,97.88926767443053
by_lap_number,learned_model,ppo_gamma0.999_safe_seed0,safe,0,,14,lap_time_s,73,97.75188591169263,1.178925782878433,97.48836732703158,98.02934376822118
by_lap_number,learned_model,ppo_gamma0.999_safe_seed0,safe,0,,15,lap_time_s,73,97.8021590756451,1.3724810863557704,97.49291138201345,98.12007264241154
by_lap_number,learned_model,ppo_gamma0.999_safe_seed0,safe,0,,16,lap_time_s,71,97.79937986713925,1.2292807137541375,97.51100088667056,98.07432931819143
by_lap_number,learned_model,ppo_gamma0.999_safe_seed0,safe,0,,17,lap_time_s,69,98.1881336963272,1.2186702986053193,97.90577617572315,98.47533422578323
by_lap_number,learned_model,ppo_gamma0.999_safe_seed0,safe,0,,18,lap_time_s,67,98.423569539104,1.1466320842023145,98.14437797845113,98.68774632113175
by_lap_number,learned_model,ppo_gamma0.999_safe_seed0,safe,0,,19,lap_time_s,66,98.40222775322874,1.2054992279207635,98.11683204619312,98.68042467668485
by_lap_number,learned_model,ppo_gamma0.999_safe_seed0,safe,0,,20,lap_time_s,63,98.72905666036205,1.197555207822765,98.43699970438091,99.01892658202125
by_lap_number,learned_model,ppo_gamma0.999_safe_seed0,safe,0,,21,lap_time_s,62,98.69606733844746,1.2210524186605054,98.3962768267151,98.98670637283838
by_lap_number,learned_model,ppo_gamma0.999_safe_seed0,safe,0,,22,lap_time_s,60,99.08565883057659,1.1622100655038912,98.8035337575615,99.36936723647594
by_lap_number,learned_model,ppo_gamma0.999_safe_seed0,safe,0,,23,lap_time_s,58,98.93675464499839,1.3020333666014439,98.6028489708481,99.24658656884378
by_lap_number,learned_model,ppo_gamma0.999_safe_seed0,safe,0,,24,lap_time_s,58,98.9381592096544,1.3969793720673978,98.5770329053359,99.27177164662427
by_lap_number,learned_model,ppo_gamma0.999_safe_seed0,safe,0,,25,lap_time_s,54,99.27855313289079,1.294674528541259,98.94906574007138,99.6208360822242
by_lap_number,learned_model,ppo_gamma0.999_safe_seed0,safe,0,,26,lap_time_s,51,99.20113639517949,1.3407957843272698,98.81347797070923,99.55674904998754
by_lap_number,learned_model,ppo_gamma0.999_safe_seed0,safe,0,,27,lap_time_s,35,99.68906851015679,1.909406325971898,99.01705522373135,100.21574836975456
by_lap_number,learned_model,ppo_gamma0.999_safe_seed0,safe,0,,28,lap_time_s,32,96.64465138997156,3.289636221841319,95.48675359304949,97.70743622446615
by_lap_number,learned_model,ppo_gamma0.999_safe_seed0,safe,0,,29,lap_time_s,39,95.56588906660572,3.1700989294040256,94.62485759555445,96.5319093591378
by_lap_number,learned_model,ppo_gamma0.999_safe_seed0,safe,0,,30,lap_time_s,34,94.51985284901795,1.4281929146636065,94.06309742268381,94.9926818376095
by_lap_number,learned_model,ppo_gamma0.999_safe_seed0,safe,0,,31,lap_time_s,44,94.32960191207245,1.3181798580663089,93.94220456781106,94.70544633214509
by_lap_number,learned_model,ppo_gamma0.999_safe_seed0,safe,0,,32,lap_time_s,43,94.63059729404478,1.301896322228292,94.2421494043136,95.0187120783963
by_lap_number,learned_model,ppo_gamma0.999_safe_seed0,safe,0,,33,lap_time_s,43,94.713719916046,1.0058696098285533,94.40627182957057,95.0164340555425
by_lap_number,learned_model,ppo_gamma0.999_safe_seed0,safe,0,,34,lap_time_s,43,94.96431941553398,1.2748796697853682,94.5897960023471,95.32613474359884
by_lap_number,learned_model,ppo_gamma0.999_safe_seed0,safe,0,,35,lap_time_s,43,94.922920460784,1.3383404472865297,94.54970891647761,95.32708216966365
by_lap_number,learned_model,ppo_gamma0.999_safe_seed0,safe,0,,36,lap_time_s,43,95.49720754090882,1.163814187741459,95.15431247687876,95.84228811660043
by_lap_number,learned_model,ppo_gamma0.999_safe_seed0,safe,0,,37,lap_time_s,42,95.1664894773394,1.3402819583681203,94.75174015930216,95.55403781625022
by_lap_number,learned_model,ppo_gamma0.999_safe_seed0,safe,0,,38,lap_time_s,42,95.50756637727575,1.1203062645239936,95.17018413126866,95.86037381286938
by_lap_number,learned_model,ppo_gamma0.999_safe_seed0,safe,0,,39,lap_time_s,40,95.73713767030044,1.347884525497456,95.35223673729516,96.1637980207498
by_lap_number,learned_model,ppo_gamma0.999_safe_seed0,safe,0,,40,lap_time_s,40,95.88148254245861,1.4328176312356846,95.47802897522256,96.30970672140816
by_lap_number,learned_model,ppo_gamma0.999_safe_seed0,safe,0,,41,lap_time_s,40,95.71489074898884,1.341556640879358,95.30719062421315,96.12680137399549
by_lap_number,learned_model,ppo_gamma0.999_safe_seed0,safe,0,,42,lap_time_s,40,95.83337648694658,1.1488170019678072,95.46017102654537,96.19465185428156
by_lap_number,learned_model,ppo_gamma0.999_safe_seed0,safe,0,,43,lap_time_s,39,96.60893475700556,1.291435190523415,96.20149545300966,96.98792487606761
by_lap_number,learned_model,ppo_gamma0.999_safe_seed0,safe,0,,44,lap_time_s,39,96.58895622687591,1.0654372469045195,96.2607422121639,96.90309508358878
by_lap_number,learned_model,ppo_gamma0.999_safe_seed0,safe,0,,45,lap_time_s,35,96.56373908444299,1.255685988899812,96.16993718457756,96.98905758644574
by_lap_number,learned_model,ppo_gamma0.999_safe_seed0,safe,0,,46,lap_time_s,29,96.77058309315981,1.1285270365368503,96.37439771271188,97.1806398879736
by_lap_number,learned_model,ppo_gamma0.999_safe_seed0,safe,0,,47,lap_time_s,26,96.07969544795232,2.03447582146212,95.29547975643516,96.84053897561454
by_lap_number,learned_model,ppo_gamma0.999_safe_seed0,safe,0,,48,lap_time_s,23,95.31357178352052,2.043353139333539,94.44144013882473,96.11320003789943
by_lap_number,learned_model,ppo_gamma0.999_safe_seed0,safe,0,,49,lap_time_s,25,94.61031186600991,2.0716193879041835,93.8237800764813,95.42231363926773
by_lap_number,learned_model,ppo_gamma0.999_safe_seed0,safe,0,,50,lap_time_s,26,93.64907422482369,1.8708580815531226,92.99554580823833,94.35583632134308
by_lap_number,learned_model,ppo_gamma0.999_safe_seed0,safe,0,,51,lap_time_s,25,93.7993399059122,1.1275213739090448,93.37964363189444,94.25139969311343
by_lap_number,learned_model,ppo_gamma0.999_safe_seed0,safe,0,,52,lap_time_s,29,93.94830010336422,1.6090438360104027,93.3185446603752,94.4867753772398
by_tyre_age,learned_model,ppo_gamma0.999_safe_seed0,safe,0,,0,lap_time_fuel_adj_s,175,92.8538942066025,1.273547146022483,92.6654410716096,93.0379881168171
by_tyre_age,learned_model,ppo_gamma0.999_safe_seed0,safe,0,,1,lap_time_fuel_adj_s,165,92.9458414444866,1.2609409457712897,92.75156771916438,93.1370511431077
by_tyre_age,learned_model,ppo_gamma0.999_safe_seed0,safe,0,,2,lap_time_fuel_adj_s,159,93.23480654622573,1.2616413422532728,93.04505724899386,93.42453367956213
by_tyre_age,learned_model,ppo_gamma0.999_safe_seed0,safe,0,,3,lap_time_fuel_adj_s,152,93.64457959067549,1.1901212023828245,93.45152474246981,93.82363531635617
by_tyre_age,learned_model,ppo_gamma0.999_safe_seed0,safe,0,,4,lap_time_fuel_adj_s,140,93.6806234318507,1.2052764713563044,93.47722225178343,93.86081364065866
by_tyre_age,learned_model,ppo_gamma0.999_safe_seed0,safe,0,,5,lap_time_fuel_adj_s,135,93.85889605189848,1.2108280133725058,93.65729766862474,94.05184277538996
by_tyre_age,learned_model,ppo_gamma0.999_safe_seed0,safe,0,,6,lap_time_fuel_adj_s,127,94.14732118716576,1.1781960367762818,93.94101332644371,94.34970553737556
by_tyre_age,learned_model,ppo_gamma0.999_safe_seed0,safe,0,,7,lap_time_fuel_adj_s,124,94.45771133231302,1.261804444934675,94.23730433354538,94.67254491321815
by_tyre_age,learned_model,ppo_gamma0.999_safe_seed0,safe,0,,8,lap_time_fuel_adj_s,123,94.76800021691311,1.2611033382552415,94.54303675826183,94.9805658559163
by_tyre_age,learned_model,ppo_gamma0.999_safe_seed0,safe,0,,9,lap_time_fuel_adj_s,120,94.7291084511316,1.2279603501481047,94.50386603481931,94.94881119272584
by_tyre_age,learned_model,ppo_gamma0.999_safe_seed0,safe,0,,10,lap_time_fuel_adj_s,118,94.99449157717282,1.2316391703654097,94.77680199106962,95.22112110293212
by_tyre_age,learned_model,ppo_gamma0.999_safe_seed0,safe,0,,11,lap_time_fuel_adj_s,116,95.27284293646305,1.1804293237775634,95.0580603049307,95.4845127540459
by_tyre_age,learned_model,ppo_gamma0.999_safe_seed0,safe,0,,12,lap_time_fuel_adj_s,114,95.55989938880383,1.4105074979000725,95.29094916229245,95.82577465495338
by_tyre_age,learned_model,ppo_gamma0.999_safe_seed0,safe,0,,13,lap_time_fuel_adj_s,113,95.79772454712635,1.1977856868896863,95.58051917244407,96.02175170923866
by_tyre_age,learned_model,ppo_gamma0.999_safe_seed0,safe,0,,14,lap_time_fuel_adj_s,112,95.95558256403807,1.3173777391979615,95.70552498062222,96.21025480279579
by_tyre_age,learned_model,ppo_gamma0.999_safe_seed0,safe,0,,15,lap_time_fuel_adj_s,107,96.09683200938736,1.1576261092727649,95.87447172700992,96.3167765625133
by_tyre_age,learned_model,ppo_gamma0.999_safe_seed0,safe,0,,16,lap_time_fuel_adj_s,104,96.39409275150693,1.1531524549155916,96.18002535229661,96.60638720959382
by_tyre_age,learned_model,ppo_gamma0.999_safe_seed0,safe,0,,17,lap_time_fuel_adj_s,98,96.70506735925707,1.1184535413340508,96.49173002570019,96.92571276468476
by_tyre_age,learned_model,ppo_gamma0.999_safe_seed0,safe,0,,18,lap_time_fuel_adj_s,91,96.72272365027115,1.1655973710006724,96.49923547722125,96.96310134755603
by_tyre_age,learned_model,ppo_gamma0.999_safe_seed0,safe,0,,19,lap_time_fuel_adj_s,75,97.10478504793025,1.1565936200781683,96.83246918639455,97.36800134708058
by_tyre_age,learned_model,ppo_gamma0.999_safe_seed0,safe,0,,20,lap_time_fuel_adj_s,62,97.15760579998592,1.2210524186605056,96.87708957126343,97.45733401419551
by_tyre_age,learned_model,ppo_gamma0.999_safe_seed0,safe,0,,21,lap_time_fuel_adj_s,60,97.59527421519196,1.1622100655038914,97.30541940600588,97.88879342332716
by_tyre_age,learned_model,ppo_gamma0.999_safe_seed0,safe,0,,22,lap_time_fuel_adj_s,58,97.49444695269071,1.302033366601444,97.1620525903084,97.81422535589161
by_tyre_age,learned_model,ppo_gamma0.999_safe_seed0,safe,0,,23,lap_time_fuel_adj_s,57,97.64769173653092,1.1622278144364642,97.34233510187563,97.9647958094513
by_tyre_age,learned_model,ppo_gamma0.999_safe_seed0,safe,0,,24,lap_time_fuel_adj_s,53,98.00657719335436,1.185569431420398,97.69132178225325,98.3319605332706
by_tyre_age,learned_model,ppo_gamma0.999_safe_seed0,safe,0,,25,lap_time_fuel_adj_s,50,98.02879858626974,1.0058029429574915,97.76220013372566,98.32630420121589
by_tyre_age,learned_model,ppo_gamma0.999_safe_seed0,safe,0,,26,lap_time_fuel_adj_s,33,98.82255155275891,1.0824387723861613,98.45130129890174,99.16165833992378
by_tyre_age,learned_model,ppo_gamma0.999_safe_seed0,safe,0,,27,lap_time_fuel_adj_s,16,98.50802442456784,0.9801977088698375,98.07153332885262,98.99064717488079
by_tyre_age,learned_model,ppo_gamma0.999_safe_seed0,safe,0,,28,lap_time_fuel_adj_s,10,99.45856047291899,0.8493561627420757,98.91753388586221,99.90443895050878
by_tyre_age_medium_only,learned_model,ppo_gamma0.999_safe_seed0,safe,0,,0,lap_time_fuel_adj_s,175,92.8538942066025,1.273547146022483,92.66276426795613,93.03538382549965
by_tyre_age_medium_only,learned_model,ppo_gamma0.999_safe_seed0,safe,0,,1,lap_time_fuel_adj_s,165,92.9458414444866,1.2609409457712897,92.74838585190854,93.13318384563658
by_tyre_age_medium_only,learned_model,ppo_gamma0.999_safe_seed0,safe,0,,2,lap_time_fuel_adj_s,159,93.23480654622573,1.2616413422532728,93.04502461103581,93.42296719666427
by_tyre_age_medium_only,learned_model,ppo_gamma0.999_safe_seed0,safe,0,,3,lap_time_fuel_adj_s,152,93.64457959067549,1.1901212023828245,93.46653139161155,93.82686029266648
by_tyre_age_medium_only,learned_model,ppo_gamma0.999_safe_seed0,safe,0,,4,lap_time_fuel_adj_s,140,93.6806234318507,1.2052764713563044,93.47646701116108,93.88678282006632
by_tyre_age_medium_only,learned_model,ppo_gamma0.999_safe_seed0,safe,0,,5,lap_time_fuel_adj_s,135,93.85889605189848,1.2108280133725058,93.6548814416654,94.054523432967
by_tyre_age_medium_only,learned_model,ppo_gamma0.999_safe_seed0,safe,0,,6,lap_time_fuel_adj_s,127,94.14732118716576,1.1781960367762818,93.949699516976,94.3633409618064
by_tyre_age_medium_only,learned_model,ppo_gamma0.999_safe_seed0,safe,0,,7,lap_time_fuel_adj_s,124,94.45771133231302,1.261804444934675,94.23492939547104,94.68035122219166
by_tyre_age_medium_only,learned_model,ppo_gamma0.999_safe_seed0,safe,0,,8,lap_time_fuel_adj_s,123,94.76800021691311,1.2611033382552415,94.53890352656249,94.98427648166195
by_tyre_age_medium_only,learned_model,ppo_gamma0.999_safe_seed0,safe,0,,9,lap_time_fuel_adj_s,120,94.7291084511316,1.2279603501481047,94.51422607202574,94.95571467295206
by_tyre_age_medium_only,learned_model,ppo_gamma0.999_safe_seed0,safe,0,,10,lap_time_fuel_adj_s,118,94.99449157717282,1.2316391703654097,94.77773111791979,95.21220443676341
by_tyre_age_medium_only,learned_model,ppo_gamma0.999_safe_seed0,safe,0,,11,lap_time_fuel_adj_s,116,95.27284293646305,1.1804293237775634,95.06722408508153,95.49180538759005
by_tyre_age_medium_only,learned_model,ppo_gamma0.999_safe_seed0,safe,0,,12,lap_time_fuel_adj_s,114,95.55989938880383,1.4105074979000725,95.29255785610064,95.81491933333929
by_tyre_age_medium_only,learned_model,ppo_gamma0.999_safe_seed0,safe,0,,13,lap_time_fuel_adj_s,113,95.79772454712635,1.1977856868896863,95.57882150444483,96.01028585111747
by_tyre_age_medium_only,learned_model,ppo_gamma0.999_safe_seed0,safe,0,,14,lap_time_fuel_adj_s,112,95.95558256403807,1.3173777391979615,95.72681910293413,96.193974761107
by_tyre_age_medium_only,learned_model,ppo_gamma0.999_safe_seed0,safe,0,,15,lap_time_fuel_adj_s,107,96.09683200938736,1.1576261092727649,95.8844736940624,96.3093126924279
by_tyre_age_medium_only,learned_model,ppo_gamma0.999_safe_seed0,safe,0,,16,lap_time_fuel_adj_s,104,96.39409275150693,1.1531524549155916,96.164185713874,96.60757965995701
by_tyre_age_medium_only,learned_model,ppo_gamma0.999_safe_seed0,safe,0,,17,lap_time_fuel_adj_s,98,96.70506735925707,1.1184535413340508,96.48576416471157,96.91848290054774
by_tyre_age_medium_only,learned_model,ppo_gamma0.999_safe_seed0,safe,0,,18,lap_time_fuel_adj_s,91,96.72272365027115,1.1655973710006724,96.48380115744551,96.96697085021839
by_tyre_age_medium_only,learned_model,ppo_gamma0.999_safe_seed0,safe,0,,19,lap_time_fuel_adj_s,75,97.10478504793025,1.1565936200781683,96.84433141038969,97.35756601623034
by_tyre_age_medium_only,learned_model,ppo_gamma0.999_safe_seed0,safe,0,,20,lap_time_fuel_adj_s,62,97.15760579998592,1.2210524186605056,96.8748038544375,97.46400287814171
by_tyre_age_medium_only,learned_model,ppo_gamma0.999_safe_seed0,safe,0,,21,lap_time_fuel_adj_s,60,97.59527421519196,1.1622100655038914,97.30548684497246,97.8961268809951
by_tyre_age_medium_only,learned_model,ppo_gamma0.999_safe_seed0,safe,0,,22,lap_time_fuel_adj_s,58,97.49444695269071,1.302033366601444,97.1710671524581,97.81531810287242
by_tyre_age_medium_only,learned_model,ppo_gamma0.999_safe_seed0,safe,0,,23,lap_time_fuel_adj_s,57,97.64769173653092,1.1622278144364642,97.34380690723455,97.94653027751731
by_tyre_age_medium_only,learned_model,ppo_gamma0.999_safe_seed0,safe,0,,24,lap_time_fuel_adj_s,53,98.00657719335436,1.185569431420398,97.69213505836854,98.32235819124756
by_tyre_age_medium_only,learned_model,ppo_gamma0.999_safe_seed0,safe,0,,25,lap_time_fuel_adj_s,50,98.02879858626974,1.0058029429574915,97.77161254547872,98.31197681145551
by_tyre_age_medium_only,learned_model,ppo_gamma0.999_safe_seed0,safe,0,,26,lap_time_fuel_adj_s,33,98.82255155275891,1.0824387723861613,98.45131568071842,99.16541233405373
by_tyre_age_medium_only,learned_model,ppo_gamma0.999_safe_seed0,safe,0,,27,lap_time_fuel_adj_s,16,98.50802442456784,0.9801977088698375,98.0721232002471,99.00685040674453
by_tyre_age_medium_only,learned_model,ppo_gamma0.999_safe_seed0,safe,0,,28,lap_time_fuel_adj_s,10,99.45856047291899,0.8493561627420757,98.92954311262508,99.90923379706864
race_outcome_conditional_finishers,learned_model,ppo_gamma0.999_safe_seed0,safe,0,,finishers_all,race_time_s,29,5063.805585376604,10.727693520479262,5060.238846838034,5067.718898846626
race_outcome_conditional_finishers,learned_model,ppo_gamma0.999_safe_seed0,safe,0,,finishers_all,segment_sum_time_s,29,5063.805585376604,10.72769352048167,5060.013301101756,5067.552045194256
race_outcome_conditional_finishers,learned_model,ppo_gamma0.999_safe_seed0,safe,0,,finishers_zero_pit,race_time_s,0,,,,
race_outcome_conditional_finishers,learned_model,ppo_gamma0.999_safe_seed0,safe,0,,finishers_with_pit,race_time_s,29,5063.805585376604,10.727693520479262,5060.101541539159,5067.589116813221
all_episode_progress,learned_model,ppo_gamma0.999_safe_seed0,safe,0,,all_episodes,completed_laps,100,29.42,18.90496167035458,25.81975,33.03
attrition,learned_model,ppo_gamma0.999_safe_seed0,safe,0,,all_episodes,crash_rate,100,0.71,0.4560480215720686,0.62,0.8
attrition,learned_model,ppo_gamma0.999_safe_seed0,safe,0,,all_episodes,catastrophic_rate,100,0.03,0.1714466079977653,0.0,0.07
attrition,learned_model,ppo_gamma0.999_safe_seed0,safe,0,,all_episodes,finish_rate,100,0.29,0.4560480215720686,0.2,0.38
matched_window_laps5_15_zeropit,learned_model,ppo_gamma0.999_safe_seed1,safe,1,,laps5-15,lap_time_s,959,97.18340049537979,1.3139172379959965,97.10119080276691,97.26562273803579
matched_window_laps5_15_zeropit,learned_model,ppo_gamma0.999_safe_seed1,safe,1,,laps5-15,lap_time_fuel_adj_s,959,95.11153075927648,1.3704842084991216,95.02230809455651,95.19489198145543
matched_window_laps5_15_zeropit,learned_model,ppo_gamma0.999_safe_seed1,safe,1,,laps5-15,tyre_age_entry,959,8.905109489051094,3.1679443759983,8.69856621480709,9.106386861313869
matched_window_laps5_15_zeropit,learned_model,ppo_gamma0.999_safe_seed1,safe,1,,laps5-15,mean_risk_in_lap,959,-0.7555264746993625,0.17618473454606046,-0.7665385862250219,-0.7442268701128653
matched_window_laps5_15_zeropit,learned_model,ppo_gamma0.999_safe_seed1,safe,1,,laps5-15,is_medium_compound,959,1.0,0.0,1.0,1.0
matched_window_laps5_15_nonpitlaps,learned_model,ppo_gamma0.999_safe_seed1,safe,1,,laps5-15,lap_time_s,959,97.18340049537979,1.3139172379959965,97.09315028486198,97.26366855676444
by_lap_number,learned_model,ppo_gamma0.999_safe_seed1,safe,1,,1,lap_time_s,100,96.16128358351617,1.156950286559432,95.93337586447177,96.38481714463332
by_lap_number,learned_model,ppo_gamma0.999_safe_seed1,safe,1,,2,lap_time_s,97,96.16673560467936,1.29022179993577,95.90699314206135,96.41692844017074
by_lap_number,learned_model,ppo_gamma0.999_safe_seed1,safe,1,,3,lap_time_s,95,96.16234680162106,1.287893258643706,95.9153456817586,96.40620442333336
by_lap_number,learned_model,ppo_gamma0.999_safe_seed1,safe,1,,4,lap_time_s,94,96.56314446476448,1.1951443737765746,96.32762789383236,96.8145359686367
by_lap_number,learned_model,ppo_gamma0.999_safe_seed1,safe,1,,5,lap_time_s,92,96.68946871722902,1.2517844490109078,96.43402717259337,96.94453134977744
by_lap_number,learned_model,ppo_gamma0.999_safe_seed1,safe,1,,6,lap_time_s,91,96.59600526205006,1.261625114816205,96.32250661786921,96.85315909569184
by_lap_number,learned_model,ppo_gamma0.999_safe_seed1,safe,1,,7,lap_time_s,89,96.70860844128337,1.1247892255223892,96.48450125116095,96.93970120753097
by_lap_number,learned_model,ppo_gamma0.999_safe_seed1,safe,1,,8,lap_time_s,88,96.74329591478632,1.2422301395251696,96.48506054815897,97.00029357438657
by_lap_number,learned_model,ppo_gamma0.999_safe_seed1,safe,1,,9,lap_time_s,88,97.31650852927756,1.187085676916945,97.07432128716921,97.55846406387477
by_lap_number,learned_model,ppo_gamma0.999_safe_seed1,safe,1,,10,lap_time_s,88,97.15813703120249,1.3170816256604527,96.870487488347,97.41987103197889
by_lap_number,learned_model,ppo_gamma0.999_safe_seed1,safe,1,,11,lap_time_s,86,97.19764392094537,1.2384017851313325,96.93124418369567,97.44645123283826
by_lap_number,learned_model,ppo_gamma0.999_safe_seed1,safe,1,,12,lap_time_s,85,97.42853301666156,1.119191401670887,97.19586428848675,97.66582137145663
by_lap_number,learned_model,ppo_gamma0.999_safe_seed1,safe,1,,13,lap_time_s,84,97.68921291011432,1.3503763699985056,97.41012895919437,97.9752343946378
by_lap_number,learned_model,ppo_gamma0.999_safe_seed1,safe,1,,14,lap_time_s,84,97.79433088469739,1.197153657043112,97.54861709092324,98.0497616830258
by_lap_number,learned_model,ppo_gamma0.999_safe_seed1,safe,1,,15,lap_time_s,84,97.83247750902649,1.3758444602990565,97.54342734000173,98.1281898313349
by_lap_number,learned_model,ppo_gamma0.999_safe_seed1,safe,1,,16,lap_time_s,83,97.75412266156607,1.2553491857121841,97.49165454535621,98.0236793079186
by_lap_number,learned_model,ppo_gamma0.999_safe_seed1,safe,1,,17,lap_time_s,81,97.97300899526203,1.1680424451737599,97.7216873589671,98.20367759075977
by_lap_number,learned_model,ppo_gamma0.999_safe_seed1,safe,1,,18,lap_time_s,79,98.08410679201567,1.1553492875202065,97.81385284455071,98.3291068603429
by_lap_number,learned_model,ppo_gamma0.999_safe_seed1,safe,1,,19,lap_time_s,78,98.19094813422535,1.361609797023913,97.9050418714991,98.5028211270907
by_lap_number,learned_model,ppo_gamma0.999_safe_seed1,safe,1,,20,lap_time_s,76,98.31689580731752,1.1922999244213146,98.05574055747863,98.56918588125238
by_lap_number,learned_model,ppo_gamma0.999_safe_seed1,safe,1,,21,lap_time_s,75,98.2120675784565,1.2648107549599021,97.95256387457647,98.49641572543388
by_lap_number,learned_model,ppo_gamma0.999_safe_seed1,safe,1,,22,lap_time_s,73,98.611891909709,1.2202307404048707,98.32923296142022,98.88930736732132
by_lap_number,learned_model,ppo_gamma0.999_safe_seed1,safe,1,,23,lap_time_s,71,98.31468597302414,1.4375545826510483,97.99723719119191,98.62560390523626
by_lap_number,learned_model,ppo_gamma0.999_safe_seed1,safe,1,,24,lap_time_s,70,98.64630425493768,1.1180829986457077,98.38022534980844,98.90235188051356
by_lap_number,learned_model,ppo_gamma0.999_safe_seed1,safe,1,,25,lap_time_s,64,98.74835981773171,1.1348387543896743,98.46840169587973,99.02623147436577
by_lap_number,learned_model,ppo_gamma0.999_safe_seed1,safe,1,,26,lap_time_s,60,98.62361048824191,1.3402729539451366,98.29841204201155,98.9679224295863
by_lap_number,learned_model,ppo_gamma0.999_safe_seed1,safe,1,,27,lap_time_s,51,99.1677073047061,1.1935446260415996,98.82975586685735,99.49031993158856
by_lap_number,learned_model,ppo_gamma0.999_safe_seed1,safe,1,,28,lap_time_s,48,99.15153814779073,1.007112388159717,98.87661306793474,99.44056810751616
by_lap_number,learned_model,ppo_gamma0.999_safe_seed1,safe,1,,29,lap_time_s,45,99.12360185856596,1.3546200133610735,98.71810842544419,99.51072635078759
by_lap_number,learned_model,ppo_gamma0.999_safe_seed1,safe,1,,30,lap_time_s,43,99.27887792969548,1.3452928026174846,98.88255834786051,99.67272012314986
by_lap_number,learned_model,ppo_gamma0.999_safe_seed1,safe,1,,31,lap_time_s,41,99.1081858687645,1.2725255724066276,98.74289410910332,99.49462394548054
by_lap_number,learned_model,ppo_gamma0.999_safe_seed1,safe,1,,32,lap_time_s,39,99.4221149849846,0.9999639883114055,99.10898998220267,99.72665653143852
by_lap_number,learned_model,ppo_gamma0.999_safe_seed1,safe,1,,33,lap_time_s,37,99.36890482786843,1.294025550042202,98.94142265137559,99.76269781540084
by_lap_number,learned_model,ppo_gamma0.999_safe_seed1,safe,1,,34,lap_time_s,35,99.34944907163865,1.068392292404897,99.02228668745333,99.68885774710705
by_lap_number,learned_model,ppo_gamma0.999_safe_seed1,safe,1,,35,lap_time_s,34,99.23392482953489,1.1410201276766385,98.85545514248588,99.60731581197024
by_lap_number,learned_model,ppo_gamma0.999_safe_seed1,safe,1,,36,lap_time_s,32,99.76547283783123,1.348611766689914,99.27650393628822,100.22171748496217
by_lap_number,learned_model,ppo_gamma0.999_safe_seed1,safe,1,,37,lap_time_s,30,99.7590495061608,1.1278055445894968,99.36031013137887,100.16053527964381
by_lap_number,learned_model,ppo_gamma0.999_safe_seed1,safe,1,,38,lap_time_s,30,99.95594396340465,1.1187634731333262,99.55974602780059,100.34661034828208
by_lap_number,learned_model,ppo_gamma0.999_safe_seed1,safe,1,,39,lap_time_s,29,100.42670939525807,1.1218894384295117,100.04178753205565,100.82548050263506
by_lap_number,learned_model,ppo_gamma0.999_safe_seed1,safe,1,,40,lap_time_s,29,99.81399660704392,1.2747769826701139,99.35953677904548,100.26634667784003
by_lap_number,learned_model,ppo_gamma0.999_safe_seed1,safe,1,,41,lap_time_s,26,100.17663509799078,0.925055237905134,99.83500904854327,100.54037147422534
by_lap_number,learned_model,ppo_gamma0.999_safe_seed1,safe,1,,42,lap_time_s,25,100.71023775039386,1.3140532958555624,100.19895421888012,101.22151695125262
by_lap_number,learned_model,ppo_gamma0.999_safe_seed1,safe,1,,43,lap_time_s,24,100.80776629843312,1.1256469925595334,100.35002314064664,101.22335301479484
by_lap_number,learned_model,ppo_gamma0.999_safe_seed1,safe,1,,44,lap_time_s,24,100.9156258490234,0.953015295497285,100.54164443356184,101.29580737272127
by_lap_number,learned_model,ppo_gamma0.999_safe_seed1,safe,1,,45,lap_time_s,21,100.81568533607883,1.3744943793377074,100.27473953178766,101.39278961129946
by_lap_number,learned_model,ppo_gamma0.999_safe_seed1,safe,1,,46,lap_time_s,17,101.31896941528156,1.2338284263701969,100.75633920408552,101.83508559222537
by_lap_number,learned_model,ppo_gamma0.999_safe_seed1,safe,1,,47,lap_time_s,17,101.1852786883965,1.0253708431397153,100.70697618987863,101.65549395567062
by_lap_number,learned_model,ppo_gamma0.999_safe_seed1,safe,1,,48,lap_time_s,14,101.77627510518835,1.1472676262412929,101.22514703152757,102.36501398296427
by_lap_number,learned_model,ppo_gamma0.999_safe_seed1,safe,1,,49,lap_time_s,12,101.14110080806672,1.2245590095545642,100.50245903982204,101.86633390742992
by_lap_number,learned_model,ppo_gamma0.999_safe_seed1,safe,1,,50,lap_time_s,12,101.57925859449989,1.1658645707326667,100.98920702533175,102.18976859070436
by_lap_number,learned_model,ppo_gamma0.999_safe_seed1,safe,1,,51,lap_time_s,12,101.69525630454747,1.081320904306788,101.17030309126311,102.35203959405762
by_lap_number,learned_model,ppo_gamma0.999_safe_seed1,safe,1,,52,lap_time_s,12,101.31899972661735,1.4789387854471483,100.54700036182122,102.10781505024454
by_tyre_age,learned_model,ppo_gamma0.999_safe_seed1,safe,1,,0,lap_time_fuel_adj_s,100,93.66128358351617,1.156950286559432,93.43584139483333,93.88701626931461
by_tyre_age,learned_model,ppo_gamma0.999_safe_seed1,safe,1,,1,lap_time_fuel_adj_s,97,93.71481252775625,1.29022179993577,93.46282882326918,93.97725316442815
by_tyre_age,learned_model,ppo_gamma0.999_safe_seed1,safe,1,,2,lap_time_fuel_adj_s,95,93.75850064777491,1.287893258643706,93.5057142968311,94.02578381442348
by_tyre_age,learned_model,ppo_gamma0.999_safe_seed1,safe,1,,3,lap_time_fuel_adj_s,94,94.20737523399525,1.1951443737765746,93.96364834484662,94.4530249802734
by_tyre_age,learned_model,ppo_gamma0.999_safe_seed1,safe,1,,4,lap_time_fuel_adj_s,92,94.38177640953673,1.2517844490109076,94.12895691556355,94.63267759283232
by_tyre_age,learned_model,ppo_gamma0.999_safe_seed1,safe,1,,5,lap_time_fuel_adj_s,91,94.33638987743464,1.261625114816205,94.08027095259783,94.60298594997225
by_tyre_age,learned_model,ppo_gamma0.999_safe_seed1,safe,1,,6,lap_time_fuel_adj_s,89,94.49706997974494,1.124789225522389,94.25073091529676,94.72974109726155
by_tyre_age,learned_model,ppo_gamma0.999_safe_seed1,safe,1,,7,lap_time_fuel_adj_s,88,94.57983437632475,1.2422301395251696,94.32660529766306,94.84075779157294
by_tyre_age,learned_model,ppo_gamma0.999_safe_seed1,safe,1,,8,lap_time_fuel_adj_s,88,95.20112391389293,1.187085676916945,94.96014865701937,95.4423472325349
by_tyre_age,learned_model,ppo_gamma0.999_safe_seed1,safe,1,,9,lap_time_fuel_adj_s,88,95.09082933889478,1.3170816256604527,94.81335787983154,95.36285349662676
by_tyre_age,learned_model,ppo_gamma0.999_safe_seed1,safe,1,,10,lap_time_fuel_adj_s,86,95.17841315171458,1.2384017851313325,94.91113446439373,95.43234843945905
by_tyre_age,learned_model,ppo_gamma0.999_safe_seed1,safe,1,,11,lap_time_fuel_adj_s,85,95.45737917050772,1.119191401670887,95.21792598844229,95.70174643734913
by_tyre_age,learned_model,ppo_gamma0.999_safe_seed1,safe,1,,12,lap_time_fuel_adj_s,84,95.7661359870374,1.3503763699985056,95.47842468561628,96.03428254643893
by_tyre_age,learned_model,ppo_gamma0.999_safe_seed1,safe,1,,13,lap_time_fuel_adj_s,84,95.9193308846974,1.197153657043112,95.67554385616886,96.17639618320419
by_tyre_age,learned_model,ppo_gamma0.999_safe_seed1,safe,1,,14,lap_time_fuel_adj_s,84,96.00555443210338,1.3758444602990563,95.70681266734077,96.31233608155209
by_tyre_age,learned_model,ppo_gamma0.999_safe_seed1,safe,1,,15,lap_time_fuel_adj_s,83,95.97527650771991,1.2553491857121841,95.70174476300701,96.23132300102323
by_tyre_age,learned_model,ppo_gamma0.999_safe_seed1,safe,1,,16,lap_time_fuel_adj_s,81,96.2422397644928,1.1680424451737597,95.99456237027805,96.5161865998299
by_tyre_age,learned_model,ppo_gamma0.999_safe_seed1,safe,1,,17,lap_time_fuel_adj_s,79,96.40141448432338,1.1553492875202065,96.15202001442479,96.64704001899027
by_tyre_age,learned_model,ppo_gamma0.999_safe_seed1,safe,1,,18,lap_time_fuel_adj_s,78,96.55633274960996,1.361609797023913,96.26361153162007,96.8654716005139
by_tyre_age,learned_model,ppo_gamma0.999_safe_seed1,safe,1,,19,lap_time_fuel_adj_s,76,96.73035734577905,1.1922999244213144,96.45369226532438,96.99478414912653
by_tyre_age,learned_model,ppo_gamma0.999_safe_seed1,safe,1,,20,lap_time_fuel_adj_s,75,96.67360603999495,1.2648107549599024,96.39470242107028,96.9531165809209
by_tyre_age,learned_model,ppo_gamma0.999_safe_seed1,safe,1,,21,lap_time_fuel_adj_s,73,97.12150729432439,1.2202307404048707,96.8442959072876,97.39088642025526
by_tyre_age,learned_model,ppo_gamma0.999_safe_seed1,safe,1,,22,lap_time_fuel_adj_s,71,96.87237828071645,1.4375545826510483,96.57016929362696,97.21939851390844
by_tyre_age,learned_model,ppo_gamma0.999_safe_seed1,safe,1,,23,lap_time_fuel_adj_s,70,97.25207348570692,1.1180829986457077,96.99336368413903,97.50988930326466
by_tyre_age,learned_model,ppo_gamma0.999_safe_seed1,safe,1,,24,lap_time_fuel_adj_s,64,97.40220597157787,1.1348387543896743,97.12213579544107,97.66820948155701
by_tyre_age,learned_model,ppo_gamma0.999_safe_seed1,safe,1,,25,lap_time_fuel_adj_s,60,97.32553356516497,1.3402729539451366,96.99459988233689,97.65579731242069
by_tyre_age,learned_model,ppo_gamma0.999_safe_seed1,safe,1,,26,lap_time_fuel_adj_s,51,97.9177073047061,1.1935446260415996,97.58380046163407,98.23637148576157
by_tyre_age,learned_model,ppo_gamma0.999_safe_seed1,safe,1,,27,lap_time_fuel_adj_s,48,97.94961507086765,1.007112388159717,97.6559548287821,98.23505002740065
by_tyre_age,learned_model,ppo_gamma0.999_safe_seed1,safe,1,,28,lap_time_fuel_adj_s,45,97.96975570471983,1.3546200133610735,97.54859002259616,98.36890368104852
by_tyre_age,learned_model,ppo_gamma0.999_safe_seed1,safe,1,,29,lap_time_fuel_adj_s,43,98.17310869892627,1.3452928026174846,97.75978786281156,98.54394791908425
by_tyre_age,learned_model,ppo_gamma0.999_safe_seed1,safe,1,,30,lap_time_fuel_adj_s,41,98.05049356107219,1.2725255724066276,97.65391187509351,98.43389608311374
by_tyre_age,learned_model,ppo_gamma0.999_safe_seed1,safe,1,,31,lap_time_fuel_adj_s,39,98.4124996003692,0.9999639883114055,98.09213318265846,98.75196022722507
by_tyre_age,learned_model,ppo_gamma0.999_safe_seed1,safe,1,,32,lap_time_fuel_adj_s,37,98.40736636632997,1.294025550042202,97.98859078337249,98.81847610123229
by_tyre_age,learned_model,ppo_gamma0.999_safe_seed1,safe,1,,33,lap_time_fuel_adj_s,35,98.4359875331771,1.068392292404897,98.10251280015586,98.77264582218645
by_tyre_age,learned_model,ppo_gamma0.999_safe_seed1,safe,1,,34,lap_time_fuel_adj_s,34,98.36854021415029,1.1410201276766385,97.97805809754486,98.73031888931682
by_tyre_age,learned_model,ppo_gamma0.999_safe_seed1,safe,1,,35,lap_time_fuel_adj_s,32,98.94816514552352,1.348611766689914,98.47738012527114,99.39726262509217
by_tyre_age,learned_model,ppo_gamma0.999_safe_seed1,safe,1,,36,lap_time_fuel_adj_s,30,98.98981873693002,1.1278055445894968,98.59615281312558,99.39896630594794
by_tyre_age,learned_model,ppo_gamma0.999_safe_seed1,safe,1,,37,lap_time_fuel_adj_s,30,99.23479011725081,1.1187634731333262,98.81746572576547,99.61263804846969
by_tyre_age,learned_model,ppo_gamma0.999_safe_seed1,safe,1,,38,lap_time_fuel_adj_s,29,99.75363247218114,1.1218894384295117,99.36491993058216,100.1760511998586
by_tyre_age,learned_model,ppo_gamma0.999_safe_seed1,safe,1,,39,lap_time_fuel_adj_s,29,99.18899660704392,1.2747769826701139,98.75192789859311,99.62946959659725
by_tyre_age,learned_model,ppo_gamma0.999_safe_seed1,safe,1,,40,lap_time_fuel_adj_s,26,99.5997120210677,0.925055237905134,99.23524692451957,99.96176466143058
by_tyre_age,learned_model,ppo_gamma0.999_safe_seed1,safe,1,,41,lap_time_fuel_adj_s,25,100.18139159654771,1.3140532958555624,99.62739529778061,100.67780810717683
by_tyre_age,learned_model,ppo_gamma0.999_safe_seed1,safe,1,,42,lap_time_fuel_adj_s,24,100.32699706766391,1.1256469925595334,99.87008338848523,100.73463382649358
by_tyre_age,learned_model,ppo_gamma0.999_safe_seed1,safe,1,,43,lap_time_fuel_adj_s,24,100.48293354133108,0.953015295497285,100.10465332308623,100.85578926790124
by_tyre_age,learned_model,ppo_gamma0.999_safe_seed1,safe,1,,44,lap_time_fuel_adj_s,21,100.43106995146346,1.3744943793377071,99.83049082675389,100.98244877137415
by_tyre_age,learned_model,ppo_gamma0.999_safe_seed1,safe,1,,45,lap_time_fuel_adj_s,17,100.98243095374312,1.2338284263701969,100.4149385469619,101.5348413068768
by_tyre_age,learned_model,ppo_gamma0.999_safe_seed1,safe,1,,46,lap_time_fuel_adj_s,17,100.89681714993495,1.0253708431397155,100.41041635906535,101.34736751689977
by_tyre_age,learned_model,ppo_gamma0.999_safe_seed1,safe,1,,47,lap_time_fuel_adj_s,14,101.53589048980372,1.1472676262412929,100.96062986702465,102.13397736427132
by_tyre_age,learned_model,ppo_gamma0.999_safe_seed1,safe,1,,48,lap_time_fuel_adj_s,12,100.94879311575902,1.2245590095545642,100.32933598739152,101.62332506001061
by_tyre_age,learned_model,ppo_gamma0.999_safe_seed1,safe,1,,49,lap_time_fuel_adj_s,12,101.43502782526912,1.1658645707326667,100.80511465231169,102.07378034475174
by_tyre_age,learned_model,ppo_gamma0.999_safe_seed1,safe,1,,50,lap_time_fuel_adj_s,12,101.5991024583936,1.0813209043067877,101.06696694851115,102.24731242968117
by_tyre_age,learned_model,ppo_gamma0.999_safe_seed1,safe,1,,51,lap_time_fuel_adj_s,12,101.27092280354044,1.4789387854471483,100.46762889784208,102.04840474283162
by_tyre_age_medium_only,learned_model,ppo_gamma0.999_safe_seed1,safe,1,,0,lap_time_fuel_adj_s,100,93.66128358351617,1.156950286559432,93.43592681013365,93.88479791129134
by_tyre_age_medium_only,learned_model,ppo_gamma0.999_safe_seed1,safe,1,,1,lap_time_fuel_adj_s,97,93.71481252775625,1.29022179993577,93.4622972417803,93.9754665469978
by_tyre_age_medium_only,learned_model,ppo_gamma0.999_safe_seed1,safe,1,,2,lap_time_fuel_adj_s,95,93.75850064777491,1.287893258643706,93.49436455615667,94.00797015192134
by_tyre_age_medium_only,learned_model,ppo_gamma0.999_safe_seed1,safe,1,,3,lap_time_fuel_adj_s,94,94.20737523399525,1.1951443737765746,93.97830653597228,94.44461984431412
by_tyre_age_medium_only,learned_model,ppo_gamma0.999_safe_seed1,safe,1,,4,lap_time_fuel_adj_s,92,94.38177640953673,1.2517844490109076,94.13066385756888,94.64986811732001
by_tyre_age_medium_only,learned_model,ppo_gamma0.999_safe_seed1,safe,1,,5,lap_time_fuel_adj_s,91,94.33638987743464,1.261625114816205,94.09122182665516,94.59146050936981
by_tyre_age_medium_only,learned_model,ppo_gamma0.999_safe_seed1,safe,1,,6,lap_time_fuel_adj_s,89,94.49706997974494,1.124789225522389,94.25599923789545,94.72741447984292
by_tyre_age_medium_only,learned_model,ppo_gamma0.999_safe_seed1,safe,1,,7,lap_time_fuel_adj_s,88,94.57983437632475,1.2422301395251696,94.3165238932603,94.83220378252378
by_tyre_age_medium_only,learned_model,ppo_gamma0.999_safe_seed1,safe,1,,8,lap_time_fuel_adj_s,88,95.20112391389293,1.187085676916945,94.96605768639976,95.44604817958418
by_tyre_age_medium_only,learned_model,ppo_gamma0.999_safe_seed1,safe,1,,9,lap_time_fuel_adj_s,88,95.09082933889478,1.3170816256604527,94.82375924373159,95.3666675328791
by_tyre_age_medium_only,learned_model,ppo_gamma0.999_safe_seed1,safe,1,,10,lap_time_fuel_adj_s,86,95.17841315171458,1.2384017851313325,94.92155853365777,95.43128971115334
by_tyre_age_medium_only,learned_model,ppo_gamma0.999_safe_seed1,safe,1,,11,lap_time_fuel_adj_s,85,95.45737917050772,1.119191401670887,95.21890679318328,95.68903577114868
by_tyre_age_medium_only,learned_model,ppo_gamma0.999_safe_seed1,safe,1,,12,lap_time_fuel_adj_s,84,95.7661359870374,1.3503763699985056,95.47937318486672,96.05058303208446
by_tyre_age_medium_only,learned_model,ppo_gamma0.999_safe_seed1,safe,1,,13,lap_time_fuel_adj_s,84,95.9193308846974,1.197153657043112,95.67162571218537,96.18516796066945
by_tyre_age_medium_only,learned_model,ppo_gamma0.999_safe_seed1,safe,1,,14,lap_time_fuel_adj_s,84,96.00555443210338,1.3758444602990563,95.71066271074339,96.30221685332542
by_tyre_age_medium_only,learned_model,ppo_gamma0.999_safe_seed1,safe,1,,15,lap_time_fuel_adj_s,83,95.97527650771991,1.2553491857121841,95.7015693089451,96.2357598237433
by_tyre_age_medium_only,learned_model,ppo_gamma0.999_safe_seed1,safe,1,,16,lap_time_fuel_adj_s,81,96.2422397644928,1.1680424451737597,96.00150858969452,96.49183629473423
by_tyre_age_medium_only,learned_model,ppo_gamma0.999_safe_seed1,safe,1,,17,lap_time_fuel_adj_s,79,96.40141448432338,1.1553492875202065,96.14752522426085,96.65189558116569
by_tyre_age_medium_only,learned_model,ppo_gamma0.999_safe_seed1,safe,1,,18,lap_time_fuel_adj_s,78,96.55633274960996,1.361609797023913,96.23998951596796,96.8616264331488
by_tyre_age_medium_only,learned_model,ppo_gamma0.999_safe_seed1,safe,1,,19,lap_time_fuel_adj_s,76,96.73035734577905,1.1922999244213144,96.46646129453958,97.00069924794435
by_tyre_age_medium_only,learned_model,ppo_gamma0.999_safe_seed1,safe,1,,20,lap_time_fuel_adj_s,75,96.67360603999495,1.2648107549599024,96.3829045658353,96.95733854751975
by_tyre_age_medium_only,learned_model,ppo_gamma0.999_safe_seed1,safe,1,,21,lap_time_fuel_adj_s,73,97.12150729432439,1.2202307404048707,96.82921203416964,97.39846600799537
by_tyre_age_medium_only,learned_model,ppo_gamma0.999_safe_seed1,safe,1,,22,lap_time_fuel_adj_s,71,96.87237828071645,1.4375545826510483,96.53612050760333,97.21253339506457
by_tyre_age_medium_only,learned_model,ppo_gamma0.999_safe_seed1,safe,1,,23,lap_time_fuel_adj_s,70,97.25207348570692,1.1180829986457077,96.98572512936107,97.50528366428915
by_tyre_age_medium_only,learned_model,ppo_gamma0.999_safe_seed1,safe,1,,24,lap_time_fuel_adj_s,64,97.40220597157787,1.1348387543896743,97.11741240729815,97.67949427332795
by_tyre_age_medium_only,learned_model,ppo_gamma0.999_safe_seed1,safe,1,,25,lap_time_fuel_adj_s,60,97.32553356516497,1.3402729539451366,97.0002394678979,97.68227618805854
by_tyre_age_medium_only,learned_model,ppo_gamma0.999_safe_seed1,safe,1,,26,lap_time_fuel_adj_s,51,97.9177073047061,1.1935446260415996,97.58715217012934,98.25343875688252
by_tyre_age_medium_only,learned_model,ppo_gamma0.999_safe_seed1,safe,1,,27,lap_time_fuel_adj_s,48,97.94961507086765,1.007112388159717,97.67554992653163,98.2277466727637
by_tyre_age_medium_only,learned_model,ppo_gamma0.999_safe_seed1,safe,1,,28,lap_time_fuel_adj_s,45,97.96975570471983,1.3546200133610735,97.5548135622033,98.36260905291805
by_tyre_age_medium_only,learned_model,ppo_gamma0.999_safe_seed1,safe,1,,29,lap_time_fuel_adj_s,43,98.17310869892627,1.3452928026174846,97.76442163814804,98.61062567389686
by_tyre_age_medium_only,learned_model,ppo_gamma0.999_safe_seed1,safe,1,,30,lap_time_fuel_adj_s,41,98.05049356107219,1.2725255724066276,97.68482654429286,98.4349645088109
by_tyre_age_medium_only,learned_model,ppo_gamma0.999_safe_seed1,safe,1,,31,lap_time_fuel_adj_s,39,98.4124996003692,0.9999639883114055,98.10967790020993,98.72099363511381
by_tyre_age_medium_only,learned_model,ppo_gamma0.999_safe_seed1,safe,1,,32,lap_time_fuel_adj_s,37,98.40736636632997,1.294025550042202,98.00516007269965,98.79841664619708
by_tyre_age_medium_only,learned_model,ppo_gamma0.999_safe_seed1,safe,1,,33,lap_time_fuel_adj_s,35,98.4359875331771,1.068392292404897,98.10113687872628,98.77139721539068
by_tyre_age_medium_only,learned_model,ppo_gamma0.999_safe_seed1,safe,1,,34,lap_time_fuel_adj_s,34,98.36854021415029,1.1410201276766385,98.01132416534486,98.74911387468431
by_tyre_age_medium_only,learned_model,ppo_gamma0.999_safe_seed1,safe,1,,35,lap_time_fuel_adj_s,32,98.94816514552352,1.348611766689914,98.49142840297017,99.38293083143027
by_tyre_age_medium_only,learned_model,ppo_gamma0.999_safe_seed1,safe,1,,36,lap_time_fuel_adj_s,30,98.98981873693002,1.1278055445894968,98.60602382769423,99.38506755731186
by_tyre_age_medium_only,learned_model,ppo_gamma0.999_safe_seed1,safe,1,,37,lap_time_fuel_adj_s,30,99.23479011725081,1.1187634731333262,98.85438569208219,99.63116457036953
by_tyre_age_medium_only,learned_model,ppo_gamma0.999_safe_seed1,safe,1,,38,lap_time_fuel_adj_s,29,99.75363247218114,1.1218894384295117,99.38241304522268,100.16125936391292
by_tyre_age_medium_only,learned_model,ppo_gamma0.999_safe_seed1,safe,1,,39,lap_time_fuel_adj_s,29,99.18899660704392,1.2747769826701139,98.73813037994768,99.622691260044
by_tyre_age_medium_only,learned_model,ppo_gamma0.999_safe_seed1,safe,1,,40,lap_time_fuel_adj_s,26,99.5997120210677,0.925055237905134,99.2514280653852,99.95762207676265
by_tyre_age_medium_only,learned_model,ppo_gamma0.999_safe_seed1,safe,1,,41,lap_time_fuel_adj_s,25,100.18139159654771,1.3140532958555624,99.68986127731681,100.68701336154513
by_tyre_age_medium_only,learned_model,ppo_gamma0.999_safe_seed1,safe,1,,42,lap_time_fuel_adj_s,24,100.32699706766391,1.1256469925595334,99.87773627895918,100.74616722645017
by_tyre_age_medium_only,learned_model,ppo_gamma0.999_safe_seed1,safe,1,,43,lap_time_fuel_adj_s,24,100.48293354133108,0.953015295497285,100.1113147004853,100.86435453747363
by_tyre_age_medium_only,learned_model,ppo_gamma0.999_safe_seed1,safe,1,,44,lap_time_fuel_adj_s,21,100.43106995146346,1.3744943793377071,99.86683987616907,100.9768748992376
by_tyre_age_medium_only,learned_model,ppo_gamma0.999_safe_seed1,safe,1,,45,lap_time_fuel_adj_s,17,100.98243095374312,1.2338284263701969,100.41257467675435,101.5737270770532
by_tyre_age_medium_only,learned_model,ppo_gamma0.999_safe_seed1,safe,1,,46,lap_time_fuel_adj_s,17,100.89681714993495,1.0253708431397155,100.42103424552032,101.35754696601096
by_tyre_age_medium_only,learned_model,ppo_gamma0.999_safe_seed1,safe,1,,47,lap_time_fuel_adj_s,14,101.53589048980372,1.1472676262412929,100.95579440847399,102.10692425480688
by_tyre_age_medium_only,learned_model,ppo_gamma0.999_safe_seed1,safe,1,,48,lap_time_fuel_adj_s,12,100.94879311575902,1.2245590095545642,100.30645631103246,101.647619153008
by_tyre_age_medium_only,learned_model,ppo_gamma0.999_safe_seed1,safe,1,,49,lap_time_fuel_adj_s,12,101.43502782526912,1.1658645707326667,100.80898765503854,102.08151935044108
by_tyre_age_medium_only,learned_model,ppo_gamma0.999_safe_seed1,safe,1,,50,lap_time_fuel_adj_s,12,101.5991024583936,1.0813209043067877,101.04637981406935,102.22551983941692
by_tyre_age_medium_only,learned_model,ppo_gamma0.999_safe_seed1,safe,1,,51,lap_time_fuel_adj_s,12,101.27092280354044,1.4789387854471483,100.44024940495082,102.05618236497672
race_outcome_conditional_finishers,learned_model,ppo_gamma0.999_safe_seed1,safe,1,,finishers_all,race_time_s,12,5143.252096249604,10.940201212971532,5137.977317331104,5149.656159734326
race_outcome_conditional_finishers,learned_model,ppo_gamma0.999_safe_seed1,safe,1,,finishers_all,segment_sum_time_s,12,5143.252096249601,10.940201212969697,5138.048782488212,5149.811671539691
race_outcome_conditional_finishers,learned_model,ppo_gamma0.999_safe_seed1,safe,1,,finishers_zero_pit,race_time_s,12,5143.252096249604,10.940201212971532,5138.244254628383,5149.769889248214
race_outcome_conditional_finishers,learned_model,ppo_gamma0.999_safe_seed1,safe,1,,finishers_with_pit,race_time_s,0,,,,
all_episode_progress,learned_model,ppo_gamma0.999_safe_seed1,safe,1,,all_episodes,completed_laps,100,28.94,14.817966163145371,26.05,31.950249999999997
attrition,learned_model,ppo_gamma0.999_safe_seed1,safe,1,,all_episodes,crash_rate,100,0.88,0.32659863237109044,0.81,0.94
attrition,learned_model,ppo_gamma0.999_safe_seed1,safe,1,,all_episodes,catastrophic_rate,100,0.24,0.42923469599092784,0.16,0.33
attrition,learned_model,ppo_gamma0.999_safe_seed1,safe,1,,all_episodes,finish_rate,100,0.12,0.32659863237109044,0.06,0.19
matched_window_laps5_15_zeropit,learned_model,ppo_gamma0.999_safe_seed2,safe,2,,laps5-15,lap_time_s,882,96.89245985585848,1.3916252452541424,96.79798918469511,96.98338740266442
matched_window_laps5_15_zeropit,learned_model,ppo_gamma0.999_safe_seed2,safe,2,,laps5-15,lap_time_fuel_adj_s,882,94.81681228913948,1.4691503885614021,94.72205917515008,94.91325263881416
matched_window_laps5_15_zeropit,learned_model,ppo_gamma0.999_safe_seed2,safe,2,,laps5-15,tyre_age_entry,882,8.826530612244898,3.1752553471324405,8.621315192743765,9.037443310657597
matched_window_laps5_15_zeropit,learned_model,ppo_gamma0.999_safe_seed2,safe,2,,laps5-15,mean_risk_in_lap,882,-0.41580665875987693,0.1121671787495651,-0.4231480567730874,-0.40875238002497655
matched_window_laps5_15_zeropit,learned_model,ppo_gamma0.999_safe_seed2,safe,2,,laps5-15,is_medium_compound,882,1.0,0.0,1.0,1.0
matched_window_laps5_15_nonpitlaps,learned_model,ppo_gamma0.999_safe_seed2,safe,2,,laps5-15,lap_time_s,882,96.89245985585848,1.3916252452541424,96.80042327142131,96.98063646668717
by_lap_number,learned_model,ppo_gamma0.999_safe_seed2,safe,2,,1,lap_time_s,100,95.37411315169179,1.0779080677984632,95.17086419364232,95.57814096499499
by_lap_number,learned_model,ppo_gamma0.999_safe_seed2,safe,2,,2,lap_time_s,96,95.4069136251187,1.2714331741376603,95.15298356519168,95.65642726733505
by_lap_number,learned_model,ppo_gamma0.999_safe_seed2,safe,2,,3,lap_time_s,95,95.51246775261026,1.2796866884659415,95.24432413810472,95.76266550977248
by_lap_number,learned_model,ppo_gamma0.999_safe_seed2,safe,2,,4,lap_time_s,93,95.83013936911873,1.156496637674403,95.60092422367326,96.07950240312191
by_lap_number,learned_model,ppo_gamma0.999_safe_seed2,safe,2,,5,lap_time_s,88,95.81016376700276,1.2545988497047165,95.56362059295056,96.07960962136386
by_lap_number,learned_model,ppo_gamma0.999_safe_seed2,safe,2,,6,lap_time_s,88,96.0346311674526,1.2309294588908273,95.77917815743301,96.2829302519374
by_lap_number,learned_model,ppo_gamma0.999_safe_seed2,safe,2,,7,lap_time_s,83,96.31390744982389,1.1556320858369822,96.07068545409268,96.56506168658916
by_lap_number,learned_model,ppo_gamma0.999_safe_seed2,safe,2,,8,lap_time_s,82,96.48285882579206,1.1490990880948595,96.22986278689157,96.72581140201534
by_lap_number,learned_model,ppo_gamma0.999_safe_seed2,safe,2,,9,lap_time_s,82,97.09395563498352,1.192981926307569,96.83708725977563,97.34941173831595
by_lap_number,learned_model,ppo_gamma0.999_safe_seed2,safe,2,,10,lap_time_s,79,96.89300556398825,1.303487870765763,96.60146570649924,97.17481126749017
by_lap_number,learned_model,ppo_gamma0.999_safe_seed2,safe,2,,11,lap_time_s,77,97.1338970080329,1.2025722842283362,96.8592576937965,97.39822916504855
by_lap_number,learned_model,ppo_gamma0.999_safe_seed2,safe,2,,12,lap_time_s,77,97.27150919952504,1.1710991013885899,97.01318672095778,97.52277216524205
by_lap_number,learned_model,ppo_gamma0.999_safe_seed2,safe,2,,13,lap_time_s,76,97.56988920322969,1.3333348785150665,97.27223712377243,97.8625485858183
by_lap_number,learned_model,ppo_gamma0.999_safe_seed2,safe,2,,14,lap_time_s,75,97.80328344709558,1.149074565500386,97.54787933259182,98.06347423125858
by_lap_number,learned_model,ppo_gamma0.999_safe_seed2,safe,2,,15,lap_time_s,75,97.80177305335292,1.3783005539264024,97.4963022158716,98.1320155223622
by_lap_number,learned_model,ppo_gamma0.999_safe_seed2,safe,2,,16,lap_time_s,74,97.78608085661695,1.2219258253924958,97.50301128341427,98.07033827858066
by_lap_number,learned_model,ppo_gamma0.999_safe_seed2,safe,2,,17,lap_time_s,72,98.31612869400783,1.244356543192344,98.03190283790357,98.59942943237797
by_lap_number,learned_model,ppo_gamma0.999_safe_seed2,safe,2,,18,lap_time_s,70,98.4509209714857,1.1646111016749128,98.18952451361022,98.72661716039406
by_lap_number,learned_model,ppo_gamma0.999_safe_seed2,safe,2,,19,lap_time_s,69,98.48788584696209,1.2357722934425739,98.21038377902525,98.77889311119594
by_lap_number,learned_model,ppo_gamma0.999_safe_seed2,safe,2,,20,lap_time_s,66,98.7483828085268,1.2250965338269724,98.44538380872035,99.05814859858671
by_lap_number,learned_model,ppo_gamma0.999_safe_seed2,safe,2,,21,lap_time_s,64,98.75009434462724,1.2389527592357965,98.44896191258117,99.05037877488118
by_lap_number,learned_model,ppo_gamma0.999_safe_seed2,safe,2,,22,lap_time_s,62,99.19459551670137,1.1395794371961325,98.90255311748149,99.47615823377734
by_lap_number,learned_model,ppo_gamma0.999_safe_seed2,safe,2,,23,lap_time_s,61,99.05329018086013,1.2541736912872876,98.73554769914199,99.35891860720115
by_lap_number,learned_model,ppo_gamma0.999_safe_seed2,safe,2,,24,lap_time_s,60,99.07773716750809,1.150057374763062,98.79306642712433,99.35835304366358
by_lap_number,learned_model,ppo_gamma0.999_safe_seed2,safe,2,,25,lap_time_s,57,99.33395255913858,1.2112481228070717,99.02909167486477,99.64465811716818
by_lap_number,learned_model,ppo_gamma0.999_safe_seed2,safe,2,,26,lap_time_s,56,99.44161102389829,1.1915518074053288,99.12134406438369,99.75215873603284
by_lap_number,learned_model,ppo_gamma0.999_safe_seed2,safe,2,,27,lap_time_s,51,100.09923401617802,1.0762347245647945,99.81331659677258,100.3935196199606
by_lap_number,learned_model,ppo_gamma0.999_safe_seed2,safe,2,,28,lap_time_s,45,99.89119703109311,0.9625714661675407,99.62714311796599,100.1734796957534
by_lap_number,learned_model,ppo_gamma0.999_safe_seed2,safe,2,,29,lap_time_s,44,100.23239879785973,1.2095343243970111,99.86442257211839,100.5854188572684
by_lap_number,learned_model,ppo_gamma0.999_safe_seed2,safe,2,,30,lap_time_s,42,100.47215357894915,1.1607613766231426,100.1156422721595,100.81553075634889
by_lap_number,learned_model,ppo_gamma0.999_safe_seed2,safe,2,,31,lap_time_s,38,100.43164138459781,1.1365279708268243,100.07751355030175,100.78108996439136
by_lap_number,learned_model,ppo_gamma0.999_safe_seed2,safe,2,,32,lap_time_s,36,100.56214900521911,1.0314421649470524,100.21908504060995,100.89048365617518
by_lap_number,learned_model,ppo_gamma0.999_safe_seed2,safe,2,,33,lap_time_s,33,100.74511496107812,1.0418432942992542,100.39276383130368,101.09205692434038
by_lap_number,learned_model,ppo_gamma0.999_safe_seed2,safe,2,,34,lap_time_s,31,100.72837545308403,0.9938531035795758,100.38886051479363,101.07018338217998
by_lap_number,learned_model,ppo_gamma0.999_safe_seed2,safe,2,,35,lap_time_s,29,100.83847091967267,1.1601297584208896,100.43188621729736,101.25706161916109
by_lap_number,learned_model,ppo_gamma0.999_safe_seed2,safe,2,,36,lap_time_s,28,101.39295553267247,1.365696285056815,100.92168110730928,101.87239171211952
by_lap_number,learned_model,ppo_gamma0.999_safe_seed2,safe,2,,37,lap_time_s,24,101.00001340925569,1.0831236447792587,100.56114106508986,101.42578964666185
by_lap_number,learned_model,ppo_gamma0.999_safe_seed2,safe,2,,38,lap_time_s,24,101.54915247533138,1.122388279590639,101.07104607243886,101.95978532945578
by_lap_number,learned_model,ppo_gamma0.999_safe_seed2,safe,2,,39,lap_time_s,23,101.41001960971391,1.4019902296156446,100.85396828528704,101.98621394640367
by_lap_number,learned_model,ppo_gamma0.999_safe_seed2,safe,2,,40,lap_time_s,21,100.94109167370118,0.8790200090256176,100.57210086431293,101.30146433232596
by_lap_number,learned_model,ppo_gamma0.999_safe_seed2,safe,2,,41,lap_time_s,20,101.81154702868488,1.0915341720441447,101.33960982642425,102.26749327131364
by_lap_number,learned_model,ppo_gamma0.999_safe_seed2,safe,2,,42,lap_time_s,20,101.95397230408409,1.1412934233746257,101.48231089288117,102.43617457532157
by_lap_number,learned_model,ppo_gamma0.999_safe_seed2,safe,2,,43,lap_time_s,20,102.19790583782213,1.3409148971750373,101.63155761597866,102.74049778838813
by_lap_number,learned_model,ppo_gamma0.999_safe_seed2,safe,2,,44,lap_time_s,16,102.47430922075517,1.0215213187955625,101.98050113529472,102.95953832150582
by_lap_number,learned_model,ppo_gamma0.999_safe_seed2,safe,2,,45,lap_time_s,15,102.76537569019507,1.0764429118584886,102.2648845142934,103.30238728780103
by_lap_number,learned_model,ppo_gamma0.999_safe_seed2,safe,2,,46,lap_time_s,14,103.52105992584721,1.1380214741626637,102.93418174882933,104.06556619186647
by_lap_number,learned_model,ppo_gamma0.999_safe_seed2,safe,2,,47,lap_time_s,13,102.36560598568697,1.2165428849085436,101.72570526048057,102.98249521925058
by_lap_number,learned_model,ppo_gamma0.999_safe_seed2,safe,2,,48,lap_time_s,11,103.45542480247558,1.3342859679318195,102.71664936635139,104.19453137995798
by_lap_number,learned_model,ppo_gamma0.999_safe_seed2,safe,2,,49,lap_time_s,11,103.12126640452766,1.7866083631975898,102.20412703054737,104.08684979885304
by_lap_number,learned_model,ppo_gamma0.999_safe_seed2,safe,2,,50,lap_time_s,11,103.28724880241928,1.3329068567847944,102.57045027277896,104.05129970881949
by_lap_number,learned_model,ppo_gamma0.999_safe_seed2,safe,2,,51,lap_time_s,11,103.60200989889921,0.5653606808879094,103.24945496098701,103.89344665562734
by_lap_number,learned_model,ppo_gamma0.999_safe_seed2,safe,2,,52,lap_time_s,10,102.91228548202207,0.9059147609396349,102.40841443224257,103.4596527240485
by_tyre_age,learned_model,ppo_gamma0.999_safe_seed2,safe,2,,0,lap_time_fuel_adj_s,100,92.87411315169179,1.0779080677984632,92.67491791690577,93.06974194942025
by_tyre_age,learned_model,ppo_gamma0.999_safe_seed2,safe,2,,1,lap_time_fuel_adj_s,96,92.95499054819561,1.2714331741376603,92.7056288453742,93.2085282083645
by_tyre_age,learned_model,ppo_gamma0.999_safe_seed2,safe,2,,2,lap_time_fuel_adj_s,95,93.10862159876413,1.2796866884659415,92.86068445644794,93.35509055404437
by_tyre_age,learned_model,ppo_gamma0.999_safe_seed2,safe,2,,3,lap_time_fuel_adj_s,93,93.47437013834953,1.1564966376744028,93.23918695124067,93.70603609628641
by_tyre_age,learned_model,ppo_gamma0.999_safe_seed2,safe,2,,4,lap_time_fuel_adj_s,88,93.50247145931044,1.2545988497047165,93.23120962114592,93.77055934409954
by_tyre_age,learned_model,ppo_gamma0.999_safe_seed2,safe,2,,5,lap_time_fuel_adj_s,88,93.77501578283722,1.2309294588908273,93.51656629968684,94.0254842949937
by_tyre_age,learned_model,ppo_gamma0.999_safe_seed2,safe,2,,6,lap_time_fuel_adj_s,83,94.10236898828543,1.155632085836982,93.86142602003017,94.35284544180588
by_tyre_age,learned_model,ppo_gamma0.999_safe_seed2,safe,2,,7,lap_time_fuel_adj_s,82,94.31939728733053,1.1490990880948595,94.07381904166351,94.56933228153765
by_tyre_age,learned_model,ppo_gamma0.999_safe_seed2,safe,2,,8,lap_time_fuel_adj_s,82,94.97857101959889,1.192981926307569,94.72493795233353,95.23522215955661
by_tyre_age,learned_model,ppo_gamma0.999_safe_seed2,safe,2,,9,lap_time_fuel_adj_s,79,94.82569787168056,1.303487870765763,94.54321414977177,95.11472508389663
by_tyre_age,learned_model,ppo_gamma0.999_safe_seed2,safe,2,,10,lap_time_fuel_adj_s,77,95.11466623880214,1.2025722842283362,94.84846699170406,95.38011280497898
by_tyre_age,learned_model,ppo_gamma0.999_safe_seed2,safe,2,,11,lap_time_fuel_adj_s,77,95.30035535337117,1.1710991013885899,95.01697797281072,95.55381968736683
by_tyre_age,learned_model,ppo_gamma0.999_safe_seed2,safe,2,,12,lap_time_fuel_adj_s,76,95.64681228015276,1.3333348785150667,95.34634727789991,95.93144913578261
by_tyre_age,learned_model,ppo_gamma0.999_safe_seed2,safe,2,,13,lap_time_fuel_adj_s,75,95.92828344709558,1.149074565500386,95.67199292329863,96.17256345569083
by_tyre_age,learned_model,ppo_gamma0.999_safe_seed2,safe,2,,14,lap_time_fuel_adj_s,75,95.97484997642984,1.3783005539264024,95.67237623965221,96.28939356870367
by_tyre_age,learned_model,ppo_gamma0.999_safe_seed2,safe,2,,15,lap_time_fuel_adj_s,74,96.0072347027708,1.2219258253924958,95.73751339276379,96.28565382652707
by_tyre_age,learned_model,ppo_gamma0.999_safe_seed2,safe,2,,16,lap_time_fuel_adj_s,72,96.5853594632386,1.244356543192344,96.30651581434398,96.8752105208278
by_tyre_age,learned_model,ppo_gamma0.999_safe_seed2,safe,2,,17,lap_time_fuel_adj_s,70,96.76822866379341,1.164611101674913,96.50480813167135,97.03453360373622
by_tyre_age,learned_model,ppo_gamma0.999_safe_seed2,safe,2,,18,lap_time_fuel_adj_s,69,96.8532704623467,1.2357722934425739,96.5725969352647,97.13841398053347
by_tyre_age,learned_model,ppo_gamma0.999_safe_seed2,safe,2,,19,lap_time_fuel_adj_s,66,97.16184434698835,1.2250965338269724,96.8887510403577,97.45761927576733
by_tyre_age,learned_model,ppo_gamma0.999_safe_seed2,safe,2,,20,lap_time_fuel_adj_s,64,97.21163280616571,1.2389527592357965,96.91828216984943,97.50032811282308
by_tyre_age,learned_model,ppo_gamma0.999_safe_seed2,safe,2,,21,lap_time_fuel_adj_s,62,97.70421090131677,1.1395794371961325,97.4198190711289,97.97763407451163
by_tyre_age,learned_model,ppo_gamma0.999_safe_seed2,safe,2,,22,lap_time_fuel_adj_s,61,97.61098248855244,1.2541736912872876,97.29142133666312,97.91982730001132
by_tyre_age,learned_model,ppo_gamma0.999_safe_seed2,safe,2,,23,lap_time_fuel_adj_s,60,97.68350639827732,1.150057374763062,97.40284686076124,97.96529582096893
by_tyre_age,learned_model,ppo_gamma0.999_safe_seed2,safe,2,,24,lap_time_fuel_adj_s,57,97.98779871298476,1.2112481228070717,97.68632361576127,98.29874177729378
by_tyre_age,learned_model,ppo_gamma0.999_safe_seed2,safe,2,,25,lap_time_fuel_adj_s,56,98.14353410082137,1.1915518074053288,97.81743249853947,98.44044424683968
by_tyre_age,learned_model,ppo_gamma0.999_safe_seed2,safe,2,,26,lap_time_fuel_adj_s,51,98.84923401617802,1.0762347245647945,98.5472352293128,99.13821477552042
by_tyre_age,learned_model,ppo_gamma0.999_safe_seed2,safe,2,,27,lap_time_fuel_adj_s,45,98.68927395417005,0.9625714661675407,98.41386045980227,98.9757065802608
by_tyre_age,learned_model,ppo_gamma0.999_safe_seed2,safe,2,,28,lap_time_fuel_adj_s,44,99.07855264401358,1.2095343243970111,98.72283500389169,99.41518174428253
by_tyre_age,learned_model,ppo_gamma0.999_safe_seed2,safe,2,,29,lap_time_fuel_adj_s,42,99.36638434817993,1.1607613766231426,99.01331728599025,99.69409945403189
by_tyre_age,learned_model,ppo_gamma0.999_safe_seed2,safe,2,,30,lap_time_fuel_adj_s,38,99.3739490769055,1.1365279708268243,99.01147173983257,99.73634822297088
by_tyre_age,learned_model,ppo_gamma0.999_safe_seed2,safe,2,,31,lap_time_fuel_adj_s,36,99.55253362060373,1.0314421649470524,99.20461412023306,99.88699891887558
by_tyre_age,learned_model,ppo_gamma0.999_safe_seed2,safe,2,,32,lap_time_fuel_adj_s,33,99.78357649953966,1.0418432942992542,99.425815367823,100.12808722587727
by_tyre_age,learned_model,ppo_gamma0.999_safe_seed2,safe,2,,33,lap_time_fuel_adj_s,31,99.8149139146225,0.9938531035795758,99.47148429713802,100.1551649217842
by_tyre_age,learned_model,ppo_gamma0.999_safe_seed2,safe,2,,34,lap_time_fuel_adj_s,29,99.97308630428806,1.1601297584208896,99.57031649444716,100.40366420569426
by_tyre_age,learned_model,ppo_gamma0.999_safe_seed2,safe,2,,35,lap_time_fuel_adj_s,28,100.5756478403648,1.365696285056815,100.07900194391155,101.05510940932574
by_tyre_age,learned_model,ppo_gamma0.999_safe_seed2,safe,2,,36,lap_time_fuel_adj_s,24,100.23078264002488,1.083123644779259,99.81432179310875,100.62565514395645
by_tyre_age,learned_model,ppo_gamma0.999_safe_seed2,safe,2,,37,lap_time_fuel_adj_s,24,100.82799862917754,1.122388279590639,100.36941181126328,101.25188153207873
by_tyre_age,learned_model,ppo_gamma0.999_safe_seed2,safe,2,,38,lap_time_fuel_adj_s,23,100.73694268663701,1.4019902296156446,100.1964315439495,101.28427264278275
by_tyre_age,learned_model,ppo_gamma0.999_safe_seed2,safe,2,,39,lap_time_fuel_adj_s,21,100.31609167370118,0.8790200090256176,99.95179530233396,100.67260225378669
by_tyre_age,learned_model,ppo_gamma0.999_safe_seed2,safe,2,,40,lap_time_fuel_adj_s,20,101.23462395176179,1.0915341720441445,100.78634804030806,101.70227057923536
by_tyre_age,learned_model,ppo_gamma0.999_safe_seed2,safe,2,,41,lap_time_fuel_adj_s,20,101.42512615023794,1.1412934233746257,100.95006009514687,101.88499424545597
by_tyre_age,learned_model,ppo_gamma0.999_safe_seed2,safe,2,,42,lap_time_fuel_adj_s,20,101.71713660705291,1.3409148971750373,101.13845934517424,102.29454952155275
by_tyre_age,learned_model,ppo_gamma0.999_safe_seed2,safe,2,,43,lap_time_fuel_adj_s,16,102.04161691306288,1.0215213187955625,101.55526258095512,102.51935972131841
by_tyre_age,learned_model,ppo_gamma0.999_safe_seed2,safe,2,,44,lap_time_fuel_adj_s,15,102.38076030557968,1.0764429118584886,101.86902319025613,102.94543893304844
by_tyre_age,learned_model,ppo_gamma0.999_safe_seed2,safe,2,,45,lap_time_fuel_adj_s,14,103.18452146430879,1.1380214741626635,102.60607392123985,103.72623547575787
by_tyre_age,learned_model,ppo_gamma0.999_safe_seed2,safe,2,,46,lap_time_fuel_adj_s,13,102.07714444722544,1.2165428849085436,101.44725940512717,102.69991599130228
by_tyre_age,learned_model,ppo_gamma0.999_safe_seed2,safe,2,,47,lap_time_fuel_adj_s,11,103.21504018709093,1.334285967931819,102.45665743767152,103.96937472569923
by_tyre_age,learned_model,ppo_gamma0.999_safe_seed2,safe,2,,48,lap_time_fuel_adj_s,11,102.92895871221998,1.78660836319759,101.97744484036967,103.98323721987542
by_tyre_age,learned_model,ppo_gamma0.999_safe_seed2,safe,2,,49,lap_time_fuel_adj_s,11,103.1430180331885,1.3329068567847944,102.44146764533056,103.88404293320585
by_tyre_age,learned_model,ppo_gamma0.999_safe_seed2,safe,2,,50,lap_time_fuel_adj_s,11,103.50585605274536,0.5653606808879094,103.14076396140776,103.79052598026645
by_tyre_age,learned_model,ppo_gamma0.999_safe_seed2,safe,2,,51,lap_time_fuel_adj_s,10,102.86420855894514,0.9059147609396349,102.37559565890442,103.42923963785131
by_tyre_age_medium_only,learned_model,ppo_gamma0.999_safe_seed2,safe,2,,0,lap_time_fuel_adj_s,100,92.87411315169179,1.0779080677984632,92.66399535370361,93.07208738899394
by_tyre_age_medium_only,learned_model,ppo_gamma0.999_safe_seed2,safe,2,,1,lap_time_fuel_adj_s,96,92.95499054819561,1.2714331741376603,92.70531159480132,93.2066762324788
by_tyre_age_medium_only,learned_model,ppo_gamma0.999_safe_seed2,safe,2,,2,lap_time_fuel_adj_s,95,93.10862159876413,1.2796866884659415,92.85153638124451,93.36946608259564
by_tyre_age_medium_only,learned_model,ppo_gamma0.999_safe_seed2,safe,2,,3,lap_time_fuel_adj_s,93,93.47437013834953,1.1564966376744028,93.24235945488488,93.71392650137591
by_tyre_age_medium_only,learned_model,ppo_gamma0.999_safe_seed2,safe,2,,4,lap_time_fuel_adj_s,88,93.50247145931044,1.2545988497047165,93.22630336937357,93.75513757741739
by_tyre_age_medium_only,learned_model,ppo_gamma0.999_safe_seed2,safe,2,,5,lap_time_fuel_adj_s,88,93.77501578283722,1.2309294588908273,93.51691404226023,94.04534349474608
by_tyre_age_medium_only,learned_model,ppo_gamma0.999_safe_seed2,safe,2,,6,lap_time_fuel_adj_s,83,94.10236898828543,1.155632085836982,93.85045303957877,94.33941580976928
by_tyre_age_medium_only,learned_model,ppo_gamma0.999_safe_seed2,safe,2,,7,lap_time_fuel_adj_s,82,94.31939728733053,1.1490990880948595,94.06731005311988,94.57213704219564
by_tyre_age_medium_only,learned_model,ppo_gamma0.999_safe_seed2,safe,2,,8,lap_time_fuel_adj_s,82,94.97857101959889,1.192981926307569,94.72540378092069,95.2392205931328
by_tyre_age_medium_only,learned_model,ppo_gamma0.999_safe_seed2,safe,2,,9,lap_time_fuel_adj_s,79,94.82569787168056,1.303487870765763,94.53941705939268,95.11354698941642
by_tyre_age_medium_only,learned_model,ppo_gamma0.999_safe_seed2,safe,2,,10,lap_time_fuel_adj_s,77,95.11466623880214,1.2025722842283362,94.8598106001897,95.38725068992044
by_tyre_age_medium_only,learned_model,ppo_gamma0.999_safe_seed2,safe,2,,11,lap_time_fuel_adj_s,77,95.30035535337117,1.1710991013885899,95.04870476508741,95.54388883690295
by_tyre_age_medium_only,learned_model,ppo_gamma0.999_safe_seed2,safe,2,,12,lap_time_fuel_adj_s,76,95.64681228015276,1.3333348785150667,95.35505832717969,95.95323019835472
by_tyre_age_medium_only,learned_model,ppo_gamma0.999_safe_seed2,safe,2,,13,lap_time_fuel_adj_s,75,95.92828344709558,1.149074565500386,95.6672258325923,96.19349998888289
by_tyre_age_medium_only,learned_model,ppo_gamma0.999_safe_seed2,safe,2,,14,lap_time_fuel_adj_s,75,95.97484997642984,1.3783005539264024,95.67049480948278,96.28987328153814
by_tyre_age_medium_only,learned_model,ppo_gamma0.999_safe_seed2,safe,2,,15,lap_time_fuel_adj_s,74,96.0072347027708,1.2219258253924958,95.73252772844269,96.28801207420011
by_tyre_age_medium_only,learned_model,ppo_gamma0.999_safe_seed2,safe,2,,16,lap_time_fuel_adj_s,72,96.5853594632386,1.244356543192344,96.29847988866392,96.8760067268423
by_tyre_age_medium_only,learned_model,ppo_gamma0.999_safe_seed2,safe,2,,17,lap_time_fuel_adj_s,70,96.76822866379341,1.164611101674913,96.50546502037037,97.04598273408853
by_tyre_age_medium_only,learned_model,ppo_gamma0.999_safe_seed2,safe,2,,18,lap_time_fuel_adj_s,69,96.8532704623467,1.2357722934425739,96.55220893454835,97.14196822899945
by_tyre_age_medium_only,learned_model,ppo_gamma0.999_safe_seed2,safe,2,,19,lap_time_fuel_adj_s,66,97.16184434698835,1.2250965338269724,96.86995421457739,97.47432394142271
by_tyre_age_medium_only,learned_model,ppo_gamma0.999_safe_seed2,safe,2,,20,lap_time_fuel_adj_s,64,97.21163280616571,1.2389527592357965,96.91676013305948,97.50528377882121
by_tyre_age_medium_only,learned_model,ppo_gamma0.999_safe_seed2,safe,2,,21,lap_time_fuel_adj_s,62,97.70421090131677,1.1395794371961325,97.42334618675285,97.97971719929154
by_tyre_age_medium_only,learned_model,ppo_gamma0.999_safe_seed2,safe,2,,22,lap_time_fuel_adj_s,61,97.61098248855244,1.2541736912872876,97.29156183407964,97.93032908299203
by_tyre_age_medium_only,learned_model,ppo_gamma0.999_safe_seed2,safe,2,,23,lap_time_fuel_adj_s,60,97.68350639827732,1.150057374763062,97.40232667987227,97.96443220334436
by_tyre_age_medium_only,learned_model,ppo_gamma0.999_safe_seed2,safe,2,,24,lap_time_fuel_adj_s,57,97.98779871298476,1.2112481228070717,97.6797824458462,98.29804546952278
by_tyre_age_medium_only,learned_model,ppo_gamma0.999_safe_seed2,safe,2,,25,lap_time_fuel_adj_s,56,98.14353410082137,1.1915518074053288,97.84068805255394,98.46719668006989
by_tyre_age_medium_only,learned_model,ppo_gamma0.999_safe_seed2,safe,2,,26,lap_time_fuel_adj_s,51,98.84923401617802,1.0762347245647945,98.54634051673693,99.1423856408771
by_tyre_age_medium_only,learned_model,ppo_gamma0.999_safe_seed2,safe,2,,27,lap_time_fuel_adj_s,45,98.68927395417005,0.9625714661675407,98.43159988852094,98.97959933981834
by_tyre_age_medium_only,learned_model,ppo_gamma0.999_safe_seed2,safe,2,,28,lap_time_fuel_adj_s,44,99.07855264401358,1.2095343243970111,98.7137026541095,99.42335305882082
by_tyre_age_medium_only,learned_model,ppo_gamma0.999_safe_seed2,safe,2,,29,lap_time_fuel_adj_s,42,99.36638434817993,1.1607613766231426,98.9972709871069,99.7123226936392
by_tyre_age_medium_only,learned_model,ppo_gamma0.999_safe_seed2,safe,2,,30,lap_time_fuel_adj_s,38,99.3739490769055,1.1365279708268243,99.0393014112009,99.73076586815677
by_tyre_age_medium_only,learned_model,ppo_gamma0.999_safe_seed2,safe,2,,31,lap_time_fuel_adj_s,36,99.55253362060373,1.0314421649470524,99.2185846087759,99.89454155363288
by_tyre_age_medium_only,learned_model,ppo_gamma0.999_safe_seed2,safe,2,,32,lap_time_fuel_adj_s,33,99.78357649953966,1.0418432942992542,99.44407751731876,100.1449822670677
by_tyre_age_medium_only,learned_model,ppo_gamma0.999_safe_seed2,safe,2,,33,lap_time_fuel_adj_s,31,99.8149139146225,0.9938531035795758,99.4717258524374,100.16207632169744
by_tyre_age_medium_only,learned_model,ppo_gamma0.999_safe_seed2,safe,2,,34,lap_time_fuel_adj_s,29,99.97308630428806,1.1601297584208896,99.56587178890567,100.40642405014525
by_tyre_age_medium_only,learned_model,ppo_gamma0.999_safe_seed2,safe,2,,35,lap_time_fuel_adj_s,28,100.5756478403648,1.365696285056815,100.09558923108865,101.06841203347493
by_tyre_age_medium_only,learned_model,ppo_gamma0.999_safe_seed2,safe,2,,36,lap_time_fuel_adj_s,24,100.23078264002488,1.083123644779259,99.77732069636724,100.64185408891811
by_tyre_age_medium_only,learned_model,ppo_gamma0.999_safe_seed2,safe,2,,37,lap_time_fuel_adj_s,24,100.82799862917754,1.122388279590639,100.3766130125151,101.25915776503163
by_tyre_age_medium_only,learned_model,ppo_gamma0.999_safe_seed2,safe,2,,38,lap_time_fuel_adj_s,23,100.73694268663701,1.4019902296156446,100.1809125812894,101.30512257603527
by_tyre_age_medium_only,learned_model,ppo_gamma0.999_safe_seed2,safe,2,,39,lap_time_fuel_adj_s,21,100.31609167370118,0.8790200090256176,99.93665160698538,100.67363775438947
by_tyre_age_medium_only,learned_model,ppo_gamma0.999_safe_seed2,safe,2,,40,lap_time_fuel_adj_s,20,101.23462395176179,1.0915341720441445,100.76768770808675,101.7015339041235
by_tyre_age_medium_only,learned_model,ppo_gamma0.999_safe_seed2,safe,2,,41,lap_time_fuel_adj_s,20,101.42512615023794,1.1412934233746257,100.9347913443124,101.92183089390869
by_tyre_age_medium_only,learned_model,ppo_gamma0.999_safe_seed2,safe,2,,42,lap_time_fuel_adj_s,20,101.71713660705291,1.3409148971750373,101.11469241694068,102.33068640609105
by_tyre_age_medium_only,learned_model,ppo_gamma0.999_safe_seed2,safe,2,,43,lap_time_fuel_adj_s,16,102.04161691306288,1.0215213187955625,101.54221545751305,102.50876462193679
by_tyre_age_medium_only,learned_model,ppo_gamma0.999_safe_seed2,safe,2,,44,lap_time_fuel_adj_s,15,102.38076030557968,1.0764429118584886,101.88570952009565,102.9273214249054
by_tyre_age_medium_only,learned_model,ppo_gamma0.999_safe_seed2,safe,2,,45,lap_time_fuel_adj_s,14,103.18452146430879,1.1380214741626635,102.60900217692956,103.72703593563897
by_tyre_age_medium_only,learned_model,ppo_gamma0.999_safe_seed2,safe,2,,46,lap_time_fuel_adj_s,13,102.07714444722544,1.2165428849085436,101.42355832268632,102.71426716403549
by_tyre_age_medium_only,learned_model,ppo_gamma0.999_safe_seed2,safe,2,,47,lap_time_fuel_adj_s,11,103.21504018709093,1.334285967931819,102.46218738964124,103.97969989770391
by_tyre_age_medium_only,learned_model,ppo_gamma0.999_safe_seed2,safe,2,,48,lap_time_fuel_adj_s,11,102.92895871221998,1.78660836319759,102.00063280539761,103.99376540245389
by_tyre_age_medium_only,learned_model,ppo_gamma0.999_safe_seed2,safe,2,,49,lap_time_fuel_adj_s,11,103.1430180331885,1.3329068567847944,102.39645971283282,103.88332976746801
by_tyre_age_medium_only,learned_model,ppo_gamma0.999_safe_seed2,safe,2,,50,lap_time_fuel_adj_s,11,103.50585605274536,0.5653606808879094,103.17100869474238,103.79825505569289
by_tyre_age_medium_only,learned_model,ppo_gamma0.999_safe_seed2,safe,2,,51,lap_time_fuel_adj_s,10,102.86420855894514,0.9059147609396349,102.34711632999837,103.38653740332016
race_outcome_conditional_finishers,learned_model,ppo_gamma0.999_safe_seed2,safe,2,,finishers_all,race_time_s,10,5175.217630067072,6.554485429844472,5171.2473665177295,5178.9375095535
race_outcome_conditional_finishers,learned_model,ppo_gamma0.999_safe_seed2,safe,2,,finishers_all,segment_sum_time_s,10,5175.217630067073,6.55448542984558,5171.247696113179,5178.884110682967
race_outcome_conditional_finishers,learned_model,ppo_gamma0.999_safe_seed2,safe,2,,finishers_zero_pit,race_time_s,10,5175.217630067072,6.554485429844472,5171.232162239623,5178.764866152919
race_outcome_conditional_finishers,learned_model,ppo_gamma0.999_safe_seed2,safe,2,,finishers_with_pit,race_time_s,0,,,,
all_episode_progress,learned_model,ppo_gamma0.999_safe_seed2,safe,2,,all_episodes,completed_laps,100,26.18,15.45693267361826,23.06975,29.140999999999995
attrition,learned_model,ppo_gamma0.999_safe_seed2,safe,2,,all_episodes,crash_rate,100,0.9,0.30151134457776363,0.83,0.96
attrition,learned_model,ppo_gamma0.999_safe_seed2,safe,2,,all_episodes,catastrophic_rate,100,0.12,0.3265986323710904,0.06,0.18
attrition,learned_model,ppo_gamma0.999_safe_seed2,safe,2,,all_episodes,finish_rate,100,0.1,0.30151134457776363,0.05,0.16
matched_window_laps5_15_zeropit,learned_model,ppo_gamma0.999_unconstrained_seed0,unconstrained,0,,laps5-15,lap_time_s,779,95.5460053750663,1.3488660604006628,95.45273286825275,95.64372098702015
matched_window_laps5_15_zeropit,learned_model,ppo_gamma0.999_unconstrained_seed0,unconstrained,0,,laps5-15,lap_time_fuel_adj_s,779,93.45962737565877,1.4249216458841647,93.36077812029359,93.56317704212448
matched_window_laps5_15_zeropit,learned_model,ppo_gamma0.999_unconstrained_seed0,unconstrained,0,,laps5-15,tyre_age_entry,779,8.603337612323491,3.1550407137074505,8.379942233632864,8.812580231065468
matched_window_laps5_15_zeropit,learned_model,ppo_gamma0.999_unconstrained_seed0,unconstrained,0,,laps5-15,mean_risk_in_lap,779,0.5332721830925525,0.04507290787343473,0.5300810625067032,0.5364403499829666
matched_window_laps5_15_zeropit,learned_model,ppo_gamma0.999_unconstrained_seed0,unconstrained,0,,laps5-15,is_medium_compound,779,1.0,0.0,1.0,1.0
matched_window_laps5_15_nonpitlaps,learned_model,ppo_gamma0.999_unconstrained_seed0,unconstrained,0,,laps5-15,lap_time_s,779,95.5460053750663,1.3488660604006628,95.44942647364114,95.64291219772382
by_lap_number,learned_model,ppo_gamma0.999_unconstrained_seed0,unconstrained,0,,1,lap_time_s,99,94.20234550854553,1.1189839837553441,93.97672814088047,94.41401191303719
by_lap_number,learned_model,ppo_gamma0.999_unconstrained_seed0,unconstrained,0,,2,lap_time_s,96,94.10924369817884,1.3045954461670897,93.83888091542778,94.37512511733074
by_lap_number,learned_model,ppo_gamma0.999_unconstrained_seed0,unconstrained,0,,3,lap_time_s,95,94.1930742896319,1.2896366713151812,93.91825363349002,94.44905054647467
by_lap_number,learned_model,ppo_gamma0.999_unconstrained_seed0,unconstrained,0,,4,lap_time_s,92,94.65974791850967,1.1681500254942871,94.41405217303951,94.89050541694041
by_lap_number,learned_model,ppo_gamma0.999_unconstrained_seed0,unconstrained,0,,5,lap_time_s,86,94.6740722373846,1.2741365224984749,94.41498397471354,94.9415616718203
by_lap_number,learned_model,ppo_gamma0.999_unconstrained_seed0,unconstrained,0,,6,lap_time_s,85,94.88010088555559,1.203240311517327,94.62659398951853,95.13458634588235
by_lap_number,learned_model,ppo_gamma0.999_unconstrained_seed0,unconstrained,0,,7,lap_time_s,76,94.92203787709201,1.2414790035990948,94.63225542391802,95.19751327831965
by_lap_number,learned_model,ppo_gamma0.999_unconstrained_seed0,unconstrained,0,,8,lap_time_s,75,95.2380529285419,1.0440219451763082,95.00755107841974,95.47362511974556
by_lap_number,learned_model,ppo_gamma0.999_unconstrained_seed0,unconstrained,0,,9,lap_time_s,74,95.47004433102481,1.1502403521899611,95.2153044289077,95.74222058792643
by_lap_number,learned_model,ppo_gamma0.999_unconstrained_seed0,unconstrained,0,,10,lap_time_s,71,95.56174470984855,1.2654400715066372,95.27257323751365,95.85562456250253
by_lap_number,learned_model,ppo_gamma0.999_unconstrained_seed0,unconstrained,0,,11,lap_time_s,67,95.81632719402907,1.217792107943187,95.52083914163596,96.1139954833319
by_lap_number,learned_model,ppo_gamma0.999_unconstrained_seed0,unconstrained,0,,12,lap_time_s,66,96.02823033671936,1.1720382620970762,95.75741155664345,96.32598910293335
by_lap_number,learned_model,ppo_gamma0.999_unconstrained_seed0,unconstrained,0,,13,lap_time_s,61,96.12713765853661,1.2598633480667063,95.80885084691927,96.448174489489
by_lap_number,learned_model,ppo_gamma0.999_unconstrained_seed0,unconstrained,0,,14,lap_time_s,59,96.71327840794646,1.196531282738843,96.41173876952894,97.02627576670113
by_lap_number,learned_model,ppo_gamma0.999_unconstrained_seed0,unconstrained,0,,15,lap_time_s,59,96.43334659036643,1.1569710931659285,96.13566945094713,96.72139737935905
by_lap_number,learned_model,ppo_gamma0.999_unconstrained_seed0,unconstrained,0,,16,lap_time_s,59,96.69141211679612,1.2017903051564527,96.39548865883634,97.00074121121007
by_lap_number,learned_model,ppo_gamma0.999_unconstrained_seed0,unconstrained,0,,17,lap_time_s,55,96.80325517720804,1.2439541030711319,96.4811897551549,97.11995478571684
by_lap_number,learned_model,ppo_gamma0.999_unconstrained_seed0,unconstrained,0,,18,lap_time_s,54,97.01070540436045,1.383806909871491,96.63411202811672,97.37133727536012
by_lap_number,learned_model,ppo_gamma0.999_unconstrained_seed0,unconstrained,0,,19,lap_time_s,54,97.65313839454323,1.2085664599341264,97.33795696566769,97.98277354041156
by_lap_number,learned_model,ppo_gamma0.999_unconstrained_seed0,unconstrained,0,,20,lap_time_s,52,97.58521111263684,1.196578361122946,97.26324370440445,97.91164596958943
by_lap_number,learned_model,ppo_gamma0.999_unconstrained_seed0,unconstrained,0,,21,lap_time_s,49,97.56066362068258,1.038532486700494,97.27250047192994,97.85744736330948
by_lap_number,learned_model,ppo_gamma0.999_unconstrained_seed0,unconstrained,0,,22,lap_time_s,48,98.0496996484231,1.2191358570745727,97.73755710693283,98.39125190793435
by_lap_number,learned_model,ppo_gamma0.999_unconstrained_seed0,unconstrained,0,,23,lap_time_s,47,97.7154467226222,1.2159785315694582,97.38860701148191,98.03301933055225
by_lap_number,learned_model,ppo_gamma0.999_unconstrained_seed0,unconstrained,0,,24,lap_time_s,44,98.50440732754788,1.2884031208398463,98.13164499739001,98.89066928051885
by_lap_number,learned_model,ppo_gamma0.999_unconstrained_seed0,unconstrained,0,,25,lap_time_s,39,98.51481009345076,1.2403045078265997,98.14502588911246,98.91087115109202
by_lap_number,learned_model,ppo_gamma0.999_unconstrained_seed0,unconstrained,0,,26,lap_time_s,36,98.37548353323028,1.4057700583013828,97.94547696001283,98.84200535512625
by_lap_number,learned_model,ppo_gamma0.999_unconstrained_seed0,unconstrained,0,,27,lap_time_s,32,99.13100394247606,1.0124849115524692,98.7939564864272,99.48415396626649
by_lap_number,learned_model,ppo_gamma0.999_unconstrained_seed0,unconstrained,0,,28,lap_time_s,29,99.32893329745399,1.0436858435003369,98.93817402809304,99.72335978699768
by_lap_number,learned_model,ppo_gamma0.999_unconstrained_seed0,unconstrained,0,,29,lap_time_s,28,99.2791222127872,1.3375083960404976,98.78657030029753,99.76670307318783
by_lap_number,learned_model,ppo_gamma0.999_unconstrained_seed0,unconstrained,0,,30,lap_time_s,28,99.80036050886501,1.140621767129994,99.39236946551094,100.21754754735478
by_lap_number,learned_model,ppo_gamma0.999_unconstrained_seed0,unconstrained,0,,31,lap_time_s,27,99.48733391173471,1.2099084391010355,99.05059780604495,99.95784444052278
by_lap_number,learned_model,ppo_gamma0.999_unconstrained_seed0,unconstrained,0,,32,lap_time_s,26,99.73225112743248,1.1090357935120865,99.33016255269912,100.13509350210198
by_lap_number,learned_model,ppo_gamma0.999_unconstrained_seed0,unconstrained,0,,33,lap_time_s,25,100.08522478029205,1.1684756438669568,99.63702682753548,100.52137652790135
by_lap_number,learned_model,ppo_gamma0.999_unconstrained_seed0,unconstrained,0,,34,lap_time_s,24,100.12743701073627,0.9129790532696348,99.7822623695812,100.49254709762076
by_lap_number,learned_model,ppo_gamma0.999_unconstrained_seed0,unconstrained,0,,35,lap_time_s,22,100.18613765024469,1.24916760933384,99.67003506395707,100.68296807097704
by_lap_number,learned_model,ppo_gamma0.999_unconstrained_seed0,unconstrained,0,,36,lap_time_s,20,100.86075002756368,1.3781455082043406,100.25494677139277,101.40164840013497
by_lap_number,learned_model,ppo_gamma0.999_unconstrained_seed0,unconstrained,0,,37,lap_time_s,17,100.58211446061293,1.273169842828694,99.98446327217914,101.16694600405324
by_lap_number,learned_model,ppo_gamma0.999_unconstrained_seed0,unconstrained,0,,38,lap_time_s,16,101.20513566550983,1.0363290242233518,100.7105157852973,101.694075562076
by_lap_number,learned_model,ppo_gamma0.999_unconstrained_seed0,unconstrained,0,,39,lap_time_s,16,101.47095237318075,1.0773586026276916,100.94849806094061,101.9670170633011
by_lap_number,learned_model,ppo_gamma0.999_unconstrained_seed0,unconstrained,0,,40,lap_time_s,15,100.53921022370737,1.4395306278035647,99.89227896110677,101.25614869845703
by_lap_number,learned_model,ppo_gamma0.999_unconstrained_seed0,unconstrained,0,,41,lap_time_s,13,101.19013558979834,1.162852311535755,100.5720855857801,101.82782058396197
by_lap_number,learned_model,ppo_gamma0.999_unconstrained_seed0,unconstrained,0,,42,lap_time_s,12,101.44511869872254,1.1845839160856249,100.82155491865079,102.15075539368121
by_lap_number,learned_model,ppo_gamma0.999_unconstrained_seed0,unconstrained,0,,43,lap_time_s,12,101.55997912923118,1.1550174315401665,100.89411370224207,102.14552732982109
by_lap_number,learned_model,ppo_gamma0.999_unconstrained_seed0,unconstrained,0,,44,lap_time_s,10,101.8927830597935,0.7784819161589173,101.44932166388679,102.33448409272391
by_lap_number,learned_model,ppo_gamma0.999_unconstrained_seed0,unconstrained,0,,45,lap_time_s,7,101.98529614743761,1.1754310448844663,101.23822638441935,102.79019367644686
by_lap_number,learned_model,ppo_gamma0.999_unconstrained_seed0,unconstrained,0,,46,lap_time_s,6,102.04225416042773,1.1746990478348502,101.21800142490352,102.89387607355712
by_lap_number,learned_model,ppo_gamma0.999_unconstrained_seed0,unconstrained,0,,47,lap_time_s,6,102.93493478928242,0.8204486974273671,102.35570127331512,103.55359124257625
by_lap_number,learned_model,ppo_gamma0.999_unconstrained_seed0,unconstrained,0,,48,lap_time_s,5,101.58136578975822,0.7639303892521365,100.9863125993019,102.17641898021454
by_lap_number,learned_model,ppo_gamma0.999_unconstrained_seed0,unconstrained,0,,49,lap_time_s,3,102.94468755144071,1.602199415794145,101.63049701006575,104.72948862759854
by_lap_number,learned_model,ppo_gamma0.999_unconstrained_seed0,unconstrained,0,,50,lap_time_s,3,103.09869828981876,0.9439108559596474,102.0839852351191,103.95063538316884
by_lap_number,learned_model,ppo_gamma0.999_unconstrained_seed0,unconstrained,0,,51,lap_time_s,3,102.94396565901373,1.0352255226425104,102.26648638659863,104.1356169315098
by_lap_number,learned_model,ppo_gamma0.999_unconstrained_seed0,unconstrained,0,,52,lap_time_s,3,102.6714677642492,1.6237991778687322,100.83646982011636,103.92259928691335
by_tyre_age,learned_model,ppo_gamma0.999_unconstrained_seed0,unconstrained,0,,0,lap_time_fuel_adj_s,99,91.70234550854553,1.1189839837553441,91.48314103600231,91.92110467603845
by_tyre_age,learned_model,ppo_gamma0.999_unconstrained_seed0,unconstrained,0,,1,lap_time_fuel_adj_s,96,91.65732062125578,1.3045954461670897,91.39747848016508,91.92690637050332
by_tyre_age,learned_model,ppo_gamma0.999_unconstrained_seed0,unconstrained,0,,2,lap_time_fuel_adj_s,95,91.78922813578576,1.2896366713151812,91.52534862945708,92.0559740566365
by_tyre_age,learned_model,ppo_gamma0.999_unconstrained_seed0,unconstrained,0,,3,lap_time_fuel_adj_s,92,92.30397868774044,1.1681500254942871,92.06437916403162,92.53418012993697
by_tyre_age,learned_model,ppo_gamma0.999_unconstrained_seed0,unconstrained,0,,4,lap_time_fuel_adj_s,86,92.36637992969233,1.2741365224984749,92.10528204532537,92.62682679916033
by_tyre_age,learned_model,ppo_gamma0.999_unconstrained_seed0,unconstrained,0,,5,lap_time_fuel_adj_s,85,92.62048550094022,1.203240311517327,92.36130845964774,92.86682797046247
by_tyre_age,learned_model,ppo_gamma0.999_unconstrained_seed0,unconstrained,0,,6,lap_time_fuel_adj_s,76,92.71049941555356,1.2414790035990946,92.44891321797597,92.9926047008293
by_tyre_age,learned_model,ppo_gamma0.999_unconstrained_seed0,unconstrained,0,,7,lap_time_fuel_adj_s,75,93.07459139008036,1.044021945176308,92.84697744002077,93.30481615129791
by_tyre_age,learned_model,ppo_gamma0.999_unconstrained_seed0,unconstrained,0,,8,lap_time_fuel_adj_s,74,93.35465971564022,1.1502403521899611,93.10514905135302,93.60277150630955
by_tyre_age,learned_model,ppo_gamma0.999_unconstrained_seed0,unconstrained,0,,9,lap_time_fuel_adj_s,71,93.49443701754085,1.2654400715066374,93.1980140785306,93.79521161431177
by_tyre_age,learned_model,ppo_gamma0.999_unconstrained_seed0,unconstrained,0,,10,lap_time_fuel_adj_s,67,93.79709642479831,1.217792107943187,93.52748773116402,94.08816867864127
by_tyre_age,learned_model,ppo_gamma0.999_unconstrained_seed0,unconstrained,0,,11,lap_time_fuel_adj_s,66,94.0570764905655,1.1720382620970764,93.77558053347312,94.3480061920477
by_tyre_age,learned_model,ppo_gamma0.999_unconstrained_seed0,unconstrained,0,,12,lap_time_fuel_adj_s,61,94.20406073545972,1.2598633480667063,93.88977870406852,94.5085142817406
by_tyre_age,learned_model,ppo_gamma0.999_unconstrained_seed0,unconstrained,0,,13,lap_time_fuel_adj_s,59,94.83827840794646,1.196531282738843,94.53405233749642,95.14175215537784
by_tyre_age,learned_model,ppo_gamma0.999_unconstrained_seed0,unconstrained,0,,14,lap_time_fuel_adj_s,59,94.60642351344337,1.1569710931659287,94.33047888112323,94.90847016166286
by_tyre_age,learned_model,ppo_gamma0.999_unconstrained_seed0,unconstrained,0,,15,lap_time_fuel_adj_s,59,94.91256596294998,1.201790305156453,94.60132909024625,95.2196237506653
by_tyre_age,learned_model,ppo_gamma0.999_unconstrained_seed0,unconstrained,0,,16,lap_time_fuel_adj_s,55,95.07248594643883,1.2439541030711319,94.72806306871036,95.39605155630369
by_tyre_age,learned_model,ppo_gamma0.999_unconstrained_seed0,unconstrained,0,,17,lap_time_fuel_adj_s,54,95.32801309666814,1.383806909871491,94.96888160642253,95.7058796456562
by_tyre_age,learned_model,ppo_gamma0.999_unconstrained_seed0,unconstrained,0,,18,lap_time_fuel_adj_s,54,96.01852300992785,1.2085664599341264,95.69726649347139,96.34674001912218
by_tyre_age,learned_model,ppo_gamma0.999_unconstrained_seed0,unconstrained,0,,19,lap_time_fuel_adj_s,52,95.99867265109842,1.196578361122946,95.66923219637452,96.30110459728084
by_tyre_age,learned_model,ppo_gamma0.999_unconstrained_seed0,unconstrained,0,,20,lap_time_fuel_adj_s,49,96.02220208222104,1.038532486700494,95.7337993376894,96.31757639039596
by_tyre_age,learned_model,ppo_gamma0.999_unconstrained_seed0,unconstrained,0,,21,lap_time_fuel_adj_s,48,96.5593150330385,1.2191358570745727,96.2294727369244,96.91250663495747
by_tyre_age,learned_model,ppo_gamma0.999_unconstrained_seed0,unconstrained,0,,22,lap_time_fuel_adj_s,47,96.2731390303145,1.2159785315694582,95.93994258901724,96.62587468655306
by_tyre_age,learned_model,ppo_gamma0.999_unconstrained_seed0,unconstrained,0,,23,lap_time_fuel_adj_s,44,97.11017655831711,1.2884031208398463,96.72222796703028,97.4993004932707
by_tyre_age,learned_model,ppo_gamma0.999_unconstrained_seed0,unconstrained,0,,24,lap_time_fuel_adj_s,39,97.16865624729692,1.2403045078265997,96.78351085414599,97.57755124421827
by_tyre_age,learned_model,ppo_gamma0.999_unconstrained_seed0,unconstrained,0,,25,lap_time_fuel_adj_s,36,97.07740661015336,1.4057700583013828,96.62225834873641,97.5297787011211
by_tyre_age,learned_model,ppo_gamma0.999_unconstrained_seed0,unconstrained,0,,26,lap_time_fuel_adj_s,32,97.88100394247606,1.0124849115524692,97.53191019016816,98.2204901962135
by_tyre_age,learned_model,ppo_gamma0.999_unconstrained_seed0,unconstrained,0,,27,lap_time_fuel_adj_s,29,98.12701022053092,1.0436858435003369,97.75833881349249,98.4772133738208
by_tyre_age,learned_model,ppo_gamma0.999_unconstrained_seed0,unconstrained,0,,28,lap_time_fuel_adj_s,28,98.12527605894104,1.3375083960404976,97.64536222792557,98.6031463223286
by_tyre_age,learned_model,ppo_gamma0.999_unconstrained_seed0,unconstrained,0,,29,lap_time_fuel_adj_s,28,98.6945912780958,1.1406217671299939,98.26476747046674,99.12572154200012
by_tyre_age,learned_model,ppo_gamma0.999_unconstrained_seed0,unconstrained,0,,30,lap_time_fuel_adj_s,27,98.42964160404239,1.2099084391010357,97.98728958324801,98.8770322995895
by_tyre_age,learned_model,ppo_gamma0.999_unconstrained_seed0,unconstrained,0,,31,lap_time_fuel_adj_s,26,98.72263574281712,1.1090357935120865,98.3199679366571,99.13764413925858
by_tyre_age,learned_model,ppo_gamma0.999_unconstrained_seed0,unconstrained,0,,32,lap_time_fuel_adj_s,25,99.12368631875361,1.1684756438669568,98.67021427258261,99.54955161224392
by_tyre_age,learned_model,ppo_gamma0.999_unconstrained_seed0,unconstrained,0,,33,lap_time_fuel_adj_s,24,99.21397547227473,0.9129790532696348,98.86814592261115,99.58738056256507
by_tyre_age,learned_model,ppo_gamma0.999_unconstrained_seed0,unconstrained,0,,34,lap_time_fuel_adj_s,22,99.32075303486008,1.24916760933384,98.77582561671285,99.7897465130552
by_tyre_age,learned_model,ppo_gamma0.999_unconstrained_seed0,unconstrained,0,,35,lap_time_fuel_adj_s,20,100.04344233525597,1.3781455082043408,99.36959582738392,100.59253912248215
by_tyre_age,learned_model,ppo_gamma0.999_unconstrained_seed0,unconstrained,0,,36,lap_time_fuel_adj_s,17,99.81288369138215,1.273169842828694,99.2275033253329,100.3641875768224
by_tyre_age,learned_model,ppo_gamma0.999_unconstrained_seed0,unconstrained,0,,37,lap_time_fuel_adj_s,16,100.48398181935599,1.0363290242233518,99.98794528445455,100.97052975850993
by_tyre_age,learned_model,ppo_gamma0.999_unconstrained_seed0,unconstrained,0,,38,lap_time_fuel_adj_s,16,100.79787545010382,1.0773586026276916,100.28384249397251,101.32654158980526
by_tyre_age,learned_model,ppo_gamma0.999_unconstrained_seed0,unconstrained,0,,39,lap_time_fuel_adj_s,15,99.91421022370737,1.4395306278035647,99.23574744713945,100.62746734963413
by_tyre_age,learned_model,ppo_gamma0.999_unconstrained_seed0,unconstrained,0,,40,lap_time_fuel_adj_s,13,100.61321251287528,1.162852311535755,100.02665939254653,101.22696938279606
by_tyre_age,learned_model,ppo_gamma0.999_unconstrained_seed0,unconstrained,0,,41,lap_time_fuel_adj_s,12,100.9162725448764,1.1845839160856249,100.31002413374001,101.61475326524697
by_tyre_age,learned_model,ppo_gamma0.999_unconstrained_seed0,unconstrained,0,,42,lap_time_fuel_adj_s,12,101.07920989846195,1.1550174315401665,100.40052611401713,101.64980879061301
by_tyre_age,learned_model,ppo_gamma0.999_unconstrained_seed0,unconstrained,0,,43,lap_time_fuel_adj_s,10,101.4600907521012,0.7784819161589173,101.0221671465265,101.92747082100162
by_tyre_age,learned_model,ppo_gamma0.999_unconstrained_seed0,unconstrained,0,,44,lap_time_fuel_adj_s,7,101.60068076282225,1.1754310448844663,100.82698249115212,102.45215028035688
by_tyre_age,learned_model,ppo_gamma0.999_unconstrained_seed0,unconstrained,0,,45,lap_time_fuel_adj_s,6,101.70571569888928,1.1746990478348502,100.87771385835954,102.55733761201869
by_tyre_age,learned_model,ppo_gamma0.999_unconstrained_seed0,unconstrained,0,,46,lap_time_fuel_adj_s,6,102.6464732508209,0.8204486974273671,102.06846303149212,103.26879959403027
by_tyre_age,learned_model,ppo_gamma0.999_unconstrained_seed0,unconstrained,0,,47,lap_time_fuel_adj_s,5,101.34098117437361,0.7639303892521365,100.7645847972537,101.93603436482992
by_tyre_age,learned_model,ppo_gamma0.999_unconstrained_seed0,unconstrained,0,,48,lap_time_fuel_adj_s,3,102.752379859133,1.602199415794145,101.43818931775805,104.53718093529085
by_tyre_age,learned_model,ppo_gamma0.999_unconstrained_seed0,unconstrained,0,,49,lap_time_fuel_adj_s,3,102.95446752058798,0.9439108559596474,101.93975446588836,103.80640461393807
by_tyre_age,learned_model,ppo_gamma0.999_unconstrained_seed0,unconstrained,0,,50,lap_time_fuel_adj_s,3,102.84781181285989,1.0352255226425104,102.1703325404448,104.03946308535598
by_tyre_age,learned_model,ppo_gamma0.999_unconstrained_seed0,unconstrained,0,,51,lap_time_fuel_adj_s,3,102.6233908411723,1.6237991778687322,100.78839289703944,103.87452236383643
by_tyre_age_medium_only,learned_model,ppo_gamma0.999_unconstrained_seed0,unconstrained,0,,0,lap_time_fuel_adj_s,99,91.70234550854553,1.1189839837553441,91.47550162302856,91.91494883585692
by_tyre_age_medium_only,learned_model,ppo_gamma0.999_unconstrained_seed0,unconstrained,0,,1,lap_time_fuel_adj_s,96,91.65732062125578,1.3045954461670897,91.38710260887612,91.91478752133818
by_tyre_age_medium_only,learned_model,ppo_gamma0.999_unconstrained_seed0,unconstrained,0,,2,lap_time_fuel_adj_s,95,91.78922813578576,1.2896366713151812,91.52863802046379,92.05586105346772
by_tyre_age_medium_only,learned_model,ppo_gamma0.999_unconstrained_seed0,unconstrained,0,,3,lap_time_fuel_adj_s,92,92.30397868774044,1.1681500254942871,92.07359119504655,92.53686437033242
by_tyre_age_medium_only,learned_model,ppo_gamma0.999_unconstrained_seed0,unconstrained,0,,4,lap_time_fuel_adj_s,86,92.36637992969233,1.2741365224984749,92.10633091838956,92.63543136892422
by_tyre_age_medium_only,learned_model,ppo_gamma0.999_unconstrained_seed0,unconstrained,0,,5,lap_time_fuel_adj_s,85,92.62048550094022,1.203240311517327,92.36304055468635,92.86935344959555
by_tyre_age_medium_only,learned_model,ppo_gamma0.999_unconstrained_seed0,unconstrained,0,,6,lap_time_fuel_adj_s,76,92.71049941555356,1.2414790035990946,92.43860183453637,92.99426094553925
by_tyre_age_medium_only,learned_model,ppo_gamma0.999_unconstrained_seed0,unconstrained,0,,7,lap_time_fuel_adj_s,75,93.07459139008036,1.044021945176308,92.8426645836005,93.30144821637117
by_tyre_age_medium_only,learned_model,ppo_gamma0.999_unconstrained_seed0,unconstrained,0,,8,lap_time_fuel_adj_s,74,93.35465971564022,1.1502403521899611,93.09663782283936,93.62172816700419
by_tyre_age_medium_only,learned_model,ppo_gamma0.999_unconstrained_seed0,unconstrained,0,,9,lap_time_fuel_adj_s,71,93.49443701754085,1.2654400715066374,93.1940279101073,93.7910496572296
by_tyre_age_medium_only,learned_model,ppo_gamma0.999_unconstrained_seed0,unconstrained,0,,10,lap_time_fuel_adj_s,67,93.79709642479831,1.217792107943187,93.5095835223202,94.08057326940116
by_tyre_age_medium_only,learned_model,ppo_gamma0.999_unconstrained_seed0,unconstrained,0,,11,lap_time_fuel_adj_s,66,94.0570764905655,1.1720382620970764,93.77843419328322,94.34980025705514
by_tyre_age_medium_only,learned_model,ppo_gamma0.999_unconstrained_seed0,unconstrained,0,,12,lap_time_fuel_adj_s,61,94.20406073545972,1.2598633480667063,93.90259594178794,94.51641775246699
by_tyre_age_medium_only,learned_model,ppo_gamma0.999_unconstrained_seed0,unconstrained,0,,13,lap_time_fuel_adj_s,59,94.83827840794646,1.196531282738843,94.52604008483631,95.14432491146405
by_tyre_age_medium_only,learned_model,ppo_gamma0.999_unconstrained_seed0,unconstrained,0,,14,lap_time_fuel_adj_s,59,94.60642351344337,1.1569710931659287,94.32152196877534,94.8991043145173
by_tyre_age_medium_only,learned_model,ppo_gamma0.999_unconstrained_seed0,unconstrained,0,,15,lap_time_fuel_adj_s,59,94.91256596294998,1.201790305156453,94.61934039353228,95.2270923135874
by_tyre_age_medium_only,learned_model,ppo_gamma0.999_unconstrained_seed0,unconstrained,0,,16,lap_time_fuel_adj_s,55,95.07248594643883,1.2439541030711319,94.73929300881896,95.39254859162618
by_tyre_age_medium_only,learned_model,ppo_gamma0.999_unconstrained_seed0,unconstrained,0,,17,lap_time_fuel_adj_s,54,95.32801309666814,1.383806909871491,94.94712551533068,95.69262125097866
by_tyre_age_medium_only,learned_model,ppo_gamma0.999_unconstrained_seed0,unconstrained,0,,18,lap_time_fuel_adj_s,54,96.01852300992785,1.2085664599341264,95.69522650627093,96.33246240698695
by_tyre_age_medium_only,learned_model,ppo_gamma0.999_unconstrained_seed0,unconstrained,0,,19,lap_time_fuel_adj_s,52,95.99867265109842,1.196578361122946,95.6786722256598,96.32519179893849
by_tyre_age_medium_only,learned_model,ppo_gamma0.999_unconstrained_seed0,unconstrained,0,,20,lap_time_fuel_adj_s,49,96.02220208222104,1.038532486700494,95.73437072208016,96.33646908367895
by_tyre_age_medium_only,learned_model,ppo_gamma0.999_unconstrained_seed0,unconstrained,0,,21,lap_time_fuel_adj_s,48,96.5593150330385,1.2191358570745727,96.21444010998216,96.88758782284384
by_tyre_age_medium_only,learned_model,ppo_gamma0.999_unconstrained_seed0,unconstrained,0,,22,lap_time_fuel_adj_s,47,96.2731390303145,1.2159785315694582,95.92478950016861,96.61088342494878
by_tyre_age_medium_only,learned_model,ppo_gamma0.999_unconstrained_seed0,unconstrained,0,,23,lap_time_fuel_adj_s,44,97.11017655831711,1.2884031208398463,96.74658765087891,97.47287111472866
by_tyre_age_medium_only,learned_model,ppo_gamma0.999_unconstrained_seed0,unconstrained,0,,24,lap_time_fuel_adj_s,39,97.16865624729692,1.2403045078265997,96.78760592474447,97.57322138460765
by_tyre_age_medium_only,learned_model,ppo_gamma0.999_unconstrained_seed0,unconstrained,0,,25,lap_time_fuel_adj_s,36,97.07740661015336,1.4057700583013828,96.64215478592016,97.53549457306367
by_tyre_age_medium_only,learned_model,ppo_gamma0.999_unconstrained_seed0,unconstrained,0,,26,lap_time_fuel_adj_s,32,97.88100394247606,1.0124849115524692,97.51660178737843,98.21836801096894
by_tyre_age_medium_only,learned_model,ppo_gamma0.999_unconstrained_seed0,unconstrained,0,,27,lap_time_fuel_adj_s,29,98.12701022053092,1.0436858435003369,97.74426823045442,98.5054358089577
by_tyre_age_medium_only,learned_model,ppo_gamma0.999_unconstrained_seed0,unconstrained,0,,28,lap_time_fuel_adj_s,28,98.12527605894104,1.3375083960404976,97.6247502381967,98.58289699304235
by_tyre_age_medium_only,learned_model,ppo_gamma0.999_unconstrained_seed0,unconstrained,0,,29,lap_time_fuel_adj_s,28,98.6945912780958,1.1406217671299939,98.28187044029018,99.10668375139302
by_tyre_age_medium_only,learned_model,ppo_gamma0.999_unconstrained_seed0,unconstrained,0,,30,lap_time_fuel_adj_s,27,98.42964160404239,1.2099084391010357,97.97963012089015,98.85900183791139
by_tyre_age_medium_only,learned_model,ppo_gamma0.999_unconstrained_seed0,unconstrained,0,,31,lap_time_fuel_adj_s,26,98.72263574281712,1.1090357935120865,98.29720303742347,99.14491744205218
by_tyre_age_medium_only,learned_model,ppo_gamma0.999_unconstrained_seed0,unconstrained,0,,32,lap_time_fuel_adj_s,25,99.12368631875361,1.1684756438669568,98.6808832901005,99.57216928521513
by_tyre_age_medium_only,learned_model,ppo_gamma0.999_unconstrained_seed0,unconstrained,0,,33,lap_time_fuel_adj_s,24,99.21397547227473,0.9129790532696348,98.85853983678201,99.57048105826017
by_tyre_age_medium_only,learned_model,ppo_gamma0.999_unconstrained_seed0,unconstrained,0,,34,lap_time_fuel_adj_s,22,99.32075303486008,1.24916760933384,98.79331213086323,99.80369874741623
by_tyre_age_medium_only,learned_model,ppo_gamma0.999_unconstrained_seed0,unconstrained,0,,35,lap_time_fuel_adj_s,20,100.04344233525597,1.3781455082043408,99.42100505917172,100.6126519471853
by_tyre_age_medium_only,learned_model,ppo_gamma0.999_unconstrained_seed0,unconstrained,0,,36,lap_time_fuel_adj_s,17,99.81288369138215,1.273169842828694,99.18927068744607,100.37124267176203
by_tyre_age_medium_only,learned_model,ppo_gamma0.999_unconstrained_seed0,unconstrained,0,,37,lap_time_fuel_adj_s,16,100.48398181935599,1.0363290242233518,99.99859844158527,100.96227359685437
by_tyre_age_medium_only,learned_model,ppo_gamma0.999_unconstrained_seed0,unconstrained,0,,38,lap_time_fuel_adj_s,16,100.79787545010382,1.0773586026276916,100.2587420017669,101.32006361427875
by_tyre_age_medium_only,learned_model,ppo_gamma0.999_unconstrained_seed0,unconstrained,0,,39,lap_time_fuel_adj_s,15,99.91421022370737,1.4395306278035647,99.22501630573137,100.63666848582868
by_tyre_age_medium_only,learned_model,ppo_gamma0.999_unconstrained_seed0,unconstrained,0,,40,lap_time_fuel_adj_s,13,100.61321251287528,1.162852311535755,100.03734497699823,101.20305073128347
by_tyre_age_medium_only,learned_model,ppo_gamma0.999_unconstrained_seed0,unconstrained,0,,41,lap_time_fuel_adj_s,12,100.9162725448764,1.1845839160856249,100.3280507340421,101.61797351329942
by_tyre_age_medium_only,learned_model,ppo_gamma0.999_unconstrained_seed0,unconstrained,0,,42,lap_time_fuel_adj_s,12,101.07920989846195,1.1550174315401665,100.40694100046292,101.67711164296098
by_tyre_age_medium_only,learned_model,ppo_gamma0.999_unconstrained_seed0,unconstrained,0,,43,lap_time_fuel_adj_s,10,101.4600907521012,0.7784819161589173,101.00173382745423,101.8966932340662
by_tyre_age_medium_only,learned_model,ppo_gamma0.999_unconstrained_seed0,unconstrained,0,,44,lap_time_fuel_adj_s,7,101.60068076282225,1.1754310448844663,100.83052805223485,102.3851733103074
by_tyre_age_medium_only,learned_model,ppo_gamma0.999_unconstrained_seed0,unconstrained,0,,45,lap_time_fuel_adj_s,6,101.70571569888928,1.1746990478348502,100.87771385835953,102.56118284792178
by_tyre_age_medium_only,learned_model,ppo_gamma0.999_unconstrained_seed0,unconstrained,0,,46,lap_time_fuel_adj_s,6,102.6464732508209,0.8204486974273671,102.04355769400142,103.24267095990105
by_tyre_age_medium_only,learned_model,ppo_gamma0.999_unconstrained_seed0,unconstrained,0,,47,lap_time_fuel_adj_s,5,101.34098117437361,0.7639303892521365,100.74592798391728,101.87572537071078
by_tyre_age_medium_only,learned_model,ppo_gamma0.999_unconstrained_seed0,unconstrained,0,,48,lap_time_fuel_adj_s,3,102.752379859133,1.602199415794145,101.43818931775805,104.53718093529085
by_tyre_age_medium_only,learned_model,ppo_gamma0.999_unconstrained_seed0,unconstrained,0,,49,lap_time_fuel_adj_s,3,102.95446752058798,0.9439108559596474,101.93975446588836,103.80640461393807
by_tyre_age_medium_only,learned_model,ppo_gamma0.999_unconstrained_seed0,unconstrained,0,,50,lap_time_fuel_adj_s,3,102.84781181285989,1.0352255226425104,102.1703325404448,104.03946308535598
by_tyre_age_medium_only,learned_model,ppo_gamma0.999_unconstrained_seed0,unconstrained,0,,51,lap_time_fuel_adj_s,3,102.6233908411723,1.6237991778687322,101.59468101890663,103.87452236383643
race_outcome_conditional_finishers,learned_model,ppo_gamma0.999_unconstrained_seed0,unconstrained,0,,finishers_all,race_time_s,3,5133.157615818148,6.4914506354697865,5126.498500561313,5139.467285751477
race_outcome_conditional_finishers,learned_model,ppo_gamma0.999_unconstrained_seed0,unconstrained,0,,finishers_all,segment_sum_time_s,3,5133.157615818139,6.49145063547541,5126.498500561297,5139.4672857514715
race_outcome_conditional_finishers,learned_model,ppo_gamma0.999_unconstrained_seed0,unconstrained,0,,finishers_zero_pit,race_time_s,3,5133.157615818148,6.4914506354697865,5126.498500561313,5139.467285751477
race_outcome_conditional_finishers,learned_model,ppo_gamma0.999_unconstrained_seed0,unconstrained,0,,finishers_with_pit,race_time_s,0,,,,
all_episode_progress,learned_model,ppo_gamma0.999_unconstrained_seed0,unconstrained,0,,all_episodes,completed_laps,100,21.06,14.596817143030556,18.27975,24.040499999999998
attrition,learned_model,ppo_gamma0.999_unconstrained_seed0,unconstrained,0,,all_episodes,crash_rate,100,0.97,0.1714466079977653,0.93,1.0
attrition,learned_model,ppo_gamma0.999_unconstrained_seed0,unconstrained,0,,all_episodes,catastrophic_rate,100,0.17,0.3775251680686369,0.1,0.25
attrition,learned_model,ppo_gamma0.999_unconstrained_seed0,unconstrained,0,,all_episodes,finish_rate,100,0.03,0.1714466079977653,0.0,0.07
matched_window_laps5_15_zeropit,learned_model,ppo_gamma0.999_unconstrained_seed1,unconstrained,1,,laps5-15,lap_time_s,687,95.11603536438244,1.4003179109672674,95.01454456804689,95.21851939928517
matched_window_laps5_15_zeropit,learned_model,ppo_gamma0.999_unconstrained_seed1,unconstrained,1,,laps5-15,lap_time_fuel_adj_s,687,93.02724351576528,1.485563521536925,92.91949114327286,93.13540853159421
matched_window_laps5_15_zeropit,learned_model,ppo_gamma0.999_unconstrained_seed1,unconstrained,1,,laps5-15,tyre_age_entry,687,8.553129548762737,3.1520761753122466,8.312918486171762,8.799163027656476
matched_window_laps5_15_zeropit,learned_model,ppo_gamma0.999_unconstrained_seed1,unconstrained,1,,laps5-15,mean_risk_in_lap,687,0.7624719747841194,0.11704046389091775,0.7539794280368924,0.7710772606729919
matched_window_laps5_15_zeropit,learned_model,ppo_gamma0.999_unconstrained_seed1,unconstrained,1,,laps5-15,is_medium_compound,687,1.0,0.0,1.0,1.0
matched_window_laps5_15_nonpitlaps,learned_model,ppo_gamma0.999_unconstrained_seed1,unconstrained,1,,laps5-15,lap_time_s,687,95.11603536438244,1.4003179109672674,95.00705956454628,95.22251777669467
by_lap_number,learned_model,ppo_gamma0.999_unconstrained_seed1,unconstrained,1,,1,lap_time_s,95,93.49454088060143,1.1151045690838013,93.28062411025765,93.71256911008636
by_lap_number,learned_model,ppo_gamma0.999_unconstrained_seed1,unconstrained,1,,2,lap_time_s,89,93.36100006300005,1.2603451124493283,93.1109755008845,93.62658706882934
by_lap_number,learned_model,ppo_gamma0.999_unconstrained_seed1,unconstrained,1,,3,lap_time_s,86,93.46594022308312,1.2144000938929702,93.20357932845438,93.71906248149872
by_lap_number,learned_model,ppo_gamma0.999_unconstrained_seed1,unconstrained,1,,4,lap_time_s,82,94.05600844776421,1.1171544360224308,93.80937522348508,94.29328492125127
by_lap_number,learned_model,ppo_gamma0.999_unconstrained_seed1,unconstrained,1,,5,lap_time_s,78,94.04415559575968,1.3035167000213426,93.72436104639492,94.32697801916845
by_lap_number,learned_model,ppo_gamma0.999_unconstrained_seed1,unconstrained,1,,6,lap_time_s,77,94.24461085757041,1.0726317541922554,94.005665872579,94.49080503212387
by_lap_number,learned_model,ppo_gamma0.999_unconstrained_seed1,unconstrained,1,,7,lap_time_s,67,94.51253997554471,1.1919113072149976,94.2208756908532,94.79837446829002
by_lap_number,learned_model,ppo_gamma0.999_unconstrained_seed1,unconstrained,1,,8,lap_time_s,66,94.71577584882648,1.0178825599116952,94.47293472491725,94.95537651712006
by_lap_number,learned_model,ppo_gamma0.999_unconstrained_seed1,unconstrained,1,,9,lap_time_s,65,95.06773888421914,1.238085630389063,94.7683257628508,95.35074780244966
by_lap_number,learned_model,ppo_gamma0.999_unconstrained_seed1,unconstrained,1,,10,lap_time_s,63,95.19845907783923,1.373338014139959,94.87302056231282,95.53727954178873
by_lap_number,learned_model,ppo_gamma0.999_unconstrained_seed1,unconstrained,1,,11,lap_time_s,59,95.63730053649023,1.307304519942343,95.31953581660242,95.96583480494108
by_lap_number,learned_model,ppo_gamma0.999_unconstrained_seed1,unconstrained,1,,12,lap_time_s,57,95.55172994733933,1.088483654643852,95.28547088567142,95.83458861071969
by_lap_number,learned_model,ppo_gamma0.999_unconstrained_seed1,unconstrained,1,,13,lap_time_s,54,95.98708688673311,1.300660251592197,95.63686257895823,96.31246175129162
by_lap_number,learned_model,ppo_gamma0.999_unconstrained_seed1,unconstrained,1,,14,lap_time_s,51,96.26015350982749,1.1344240859570622,95.97428613037937,96.5736910338301
by_lap_number,learned_model,ppo_gamma0.999_unconstrained_seed1,unconstrained,1,,15,lap_time_s,50,96.20659859060704,1.0456436030156377,95.92713478438571,96.51014981720421
by_lap_number,learned_model,ppo_gamma0.999_unconstrained_seed1,unconstrained,1,,16,lap_time_s,48,96.29051939198327,1.1639373689403865,95.93802433102701,96.61926728324059
by_lap_number,learned_model,ppo_gamma0.999_unconstrained_seed1,unconstrained,1,,17,lap_time_s,47,96.5291452265932,1.0955043821870765,96.21086229951264,96.83096386031033
by_lap_number,learned_model,ppo_gamma0.999_unconstrained_seed1,unconstrained,1,,18,lap_time_s,46,96.99156686829302,1.3934049385663057,96.63480288434907,97.39982670280247
by_lap_number,learned_model,ppo_gamma0.999_unconstrained_seed1,unconstrained,1,,19,lap_time_s,45,97.58700367366889,1.3107841933963738,97.200353553882,97.96828973190132
by_lap_number,learned_model,ppo_gamma0.999_unconstrained_seed1,unconstrained,1,,20,lap_time_s,44,97.56611137615806,1.1729776436458124,97.21937403139815,97.90154874245339
by_lap_number,learned_model,ppo_gamma0.999_unconstrained_seed1,unconstrained,1,,21,lap_time_s,42,97.67875470926371,1.041648224516015,97.37636911567758,97.98025595266769
by_lap_number,learned_model,ppo_gamma0.999_unconstrained_seed1,unconstrained,1,,22,lap_time_s,42,98.19414581769213,1.2345694985397786,97.82436747725491,98.56297683055121
by_lap_number,learned_model,ppo_gamma0.999_unconstrained_seed1,unconstrained,1,,23,lap_time_s,42,97.78296347988936,1.2407012788220255,97.40956813335231,98.13370029467875
by_lap_number,learned_model,ppo_gamma0.999_unconstrained_seed1,unconstrained,1,,24,lap_time_s,42,98.5219538573898,1.1768740963907443,98.18139894128811,98.87928149135381
by_lap_number,learned_model,ppo_gamma0.999_unconstrained_seed1,unconstrained,1,,25,lap_time_s,39,98.57005464933955,1.2527573918193635,98.1850064381164,98.9475537564434
by_lap_number,learned_model,ppo_gamma0.999_unconstrained_seed1,unconstrained,1,,26,lap_time_s,34,98.32526945868719,1.2368184232502868,97.9214498179428,98.723056247611
by_lap_number,learned_model,ppo_gamma0.999_unconstrained_seed1,unconstrained,1,,27,lap_time_s,29,98.79913316681557,1.2326032435311318,98.38511454603123,99.23500110959353
by_lap_number,learned_model,ppo_gamma0.999_unconstrained_seed1,unconstrained,1,,28,lap_time_s,27,99.23943403741325,1.3209566042547727,98.75754312568021,99.71654138170447
by_lap_number,learned_model,ppo_gamma0.999_unconstrained_seed1,unconstrained,1,,29,lap_time_s,26,99.37128234863714,1.239040852005823,98.90687954446592,99.83581027196617
by_lap_number,learned_model,ppo_gamma0.999_unconstrained_seed1,unconstrained,1,,30,lap_time_s,26,99.71446108342852,1.2905309952048307,99.19796497997585,100.20104785500996
by_lap_number,learned_model,ppo_gamma0.999_unconstrained_seed1,unconstrained,1,,31,lap_time_s,24,99.65274725545675,1.2556648916911801,99.19815291563889,100.1369658347083
by_lap_number,learned_model,ppo_gamma0.999_unconstrained_seed1,unconstrained,1,,32,lap_time_s,23,99.91069923363055,1.1638163620077702,99.44788352185648,100.37184891952063
by_lap_number,learned_model,ppo_gamma0.999_unconstrained_seed1,unconstrained,1,,33,lap_time_s,22,100.22134069422253,1.180057389652437,99.70440189546024,100.68581922430756
by_lap_number,learned_model,ppo_gamma0.999_unconstrained_seed1,unconstrained,1,,34,lap_time_s,21,100.03816634680301,0.9858928935691571,99.61681668607993,100.42496588577762
by_lap_number,learned_model,ppo_gamma0.999_unconstrained_seed1,unconstrained,1,,35,lap_time_s,19,100.12077928399083,1.419782110696999,99.52579611605357,100.72076754766888
by_lap_number,learned_model,ppo_gamma0.999_unconstrained_seed1,unconstrained,1,,36,lap_time_s,19,100.27087658542465,1.4428274398067602,99.61519935479275,100.89532190967043
by_lap_number,learned_model,ppo_gamma0.999_unconstrained_seed1,unconstrained,1,,37,lap_time_s,16,100.71247716534543,1.2467719575449274,100.10865001637573,101.30657985465461
by_lap_number,learned_model,ppo_gamma0.999_unconstrained_seed1,unconstrained,1,,38,lap_time_s,15,101.19938148506608,0.7642513131678598,100.83710236372815,101.5430411593276
by_lap_number,learned_model,ppo_gamma0.999_unconstrained_seed1,unconstrained,1,,39,lap_time_s,15,100.95537252738309,1.3688477191384483,100.26911229994441,101.57701553185977
by_lap_number,learned_model,ppo_gamma0.999_unconstrained_seed1,unconstrained,1,,40,lap_time_s,14,100.90834770733188,1.3514589305356652,100.25250183225333,101.573893004976
by_lap_number,learned_model,ppo_gamma0.999_unconstrained_seed1,unconstrained,1,,41,lap_time_s,12,100.88677340959806,1.1964917326820217,100.25638713084116,101.53206109582997
by_lap_number,learned_model,ppo_gamma0.999_unconstrained_seed1,unconstrained,1,,42,lap_time_s,12,101.73329206071212,0.9733831510918498,101.25056185955576,102.27853108018229
by_lap_number,learned_model,ppo_gamma0.999_unconstrained_seed1,unconstrained,1,,43,lap_time_s,12,101.90608205371268,1.2541499046667288,101.1962341493461,102.56896163096337
by_lap_number,learned_model,ppo_gamma0.999_unconstrained_seed1,unconstrained,1,,44,lap_time_s,12,101.76374255105884,1.0048237202406185,101.22192096053028,102.29063384952823
by_lap_number,learned_model,ppo_gamma0.999_unconstrained_seed1,unconstrained,1,,45,lap_time_s,11,102.29035644156023,1.1967896195865455,101.62759800218853,103.00494313048016
by_lap_number,learned_model,ppo_gamma0.999_unconstrained_seed1,unconstrained,1,,46,lap_time_s,10,102.16576022666246,0.9848829286253894,101.58836794810381,102.7254515173199
by_lap_number,learned_model,ppo_gamma0.999_unconstrained_seed1,unconstrained,1,,47,lap_time_s,10,102.23899512546083,1.5027808176282778,101.30017199710036,103.14412853094804
by_lap_number,learned_model,ppo_gamma0.999_unconstrained_seed1,unconstrained,1,,48,lap_time_s,8,101.90977188609021,1.480182249361935,101.0597929108424,102.93732756726719
by_lap_number,learned_model,ppo_gamma0.999_unconstrained_seed1,unconstrained,1,,49,lap_time_s,6,102.727016741682,1.2245943802329877,101.84946437905641,103.6980531260658
by_lap_number,learned_model,ppo_gamma0.999_unconstrained_seed1,unconstrained,1,,50,lap_time_s,6,103.05827138403596,1.3132527511851695,102.07084071630344,103.99033307248006
by_lap_number,learned_model,ppo_gamma0.999_unconstrained_seed1,unconstrained,1,,51,lap_time_s,5,102.9508548450622,0.8721804019053953,102.29736564641105,103.65168035553191
by_lap_number,learned_model,ppo_gamma0.999_unconstrained_seed1,unconstrained,1,,52,lap_time_s,5,101.97932472121951,0.9956175709770406,101.22981387256102,102.72871190451637
by_tyre_age,learned_model,ppo_gamma0.999_unconstrained_seed1,unconstrained,1,,0,lap_time_fuel_adj_s,95,90.99454088060145,1.1151045690838013,90.77545306630815,91.22202636944431
by_tyre_age,learned_model,ppo_gamma0.999_unconstrained_seed1,unconstrained,1,,1,lap_time_fuel_adj_s,89,90.90907698607697,1.2603451124493283,90.64539810724585,91.18068483160762
by_tyre_age,learned_model,ppo_gamma0.999_unconstrained_seed1,unconstrained,1,,2,lap_time_fuel_adj_s,86,91.062094069237,1.2144000938929702,90.81607453062313,91.31716590897436
by_tyre_age,learned_model,ppo_gamma0.999_unconstrained_seed1,unconstrained,1,,3,lap_time_fuel_adj_s,82,91.70023921699499,1.1171544360224308,91.45583601197511,91.93150132066755
by_tyre_age,learned_model,ppo_gamma0.999_unconstrained_seed1,unconstrained,1,,4,lap_time_fuel_adj_s,78,91.73646328806737,1.3035167000213426,91.44837786004622,92.02345592743131
by_tyre_age,learned_model,ppo_gamma0.999_unconstrained_seed1,unconstrained,1,,5,lap_time_fuel_adj_s,77,91.98499547295499,1.0726317541922552,91.74776096798695,92.21566256232686
by_tyre_age,learned_model,ppo_gamma0.999_unconstrained_seed1,unconstrained,1,,6,lap_time_fuel_adj_s,67,92.30100151400623,1.1919113072149976,92.00991912947941,92.59109303737135
by_tyre_age,learned_model,ppo_gamma0.999_unconstrained_seed1,unconstrained,1,,7,lap_time_fuel_adj_s,66,92.55231431036493,1.0178825599116952,92.29937669936112,92.8015566277945
by_tyre_age,learned_model,ppo_gamma0.999_unconstrained_seed1,unconstrained,1,,8,lap_time_fuel_adj_s,65,92.95235426883453,1.238085630389063,92.65034324531426,93.24998529257049
by_tyre_age,learned_model,ppo_gamma0.999_unconstrained_seed1,unconstrained,1,,9,lap_time_fuel_adj_s,63,93.13115138553152,1.3733380141399592,92.81078776637328,93.46018481734978
by_tyre_age,learned_model,ppo_gamma0.999_unconstrained_seed1,unconstrained,1,,10,lap_time_fuel_adj_s,59,93.61806976725947,1.307304519942343,93.27571815788906,93.94732210229981
by_tyre_age,learned_model,ppo_gamma0.999_unconstrained_seed1,unconstrained,1,,11,lap_time_fuel_adj_s,57,93.58057610118549,1.088483654643852,93.32094487501212,93.85327413079953
by_tyre_age,learned_model,ppo_gamma0.999_unconstrained_seed1,unconstrained,1,,12,lap_time_fuel_adj_s,54,94.06400996365622,1.300660251592197,93.72635645120889,94.392095203682
by_tyre_age,learned_model,ppo_gamma0.999_unconstrained_seed1,unconstrained,1,,13,lap_time_fuel_adj_s,51,94.38515350982749,1.1344240859570622,94.08348906684839,94.69237883259741
by_tyre_age,learned_model,ppo_gamma0.999_unconstrained_seed1,unconstrained,1,,14,lap_time_fuel_adj_s,50,94.37967551368396,1.0456436030156377,94.0931694471429,94.66467577936507
by_tyre_age,learned_model,ppo_gamma0.999_unconstrained_seed1,unconstrained,1,,15,lap_time_fuel_adj_s,48,94.51167323813713,1.1639373689403865,94.19071961513605,94.84119797547757
by_tyre_age,learned_model,ppo_gamma0.999_unconstrained_seed1,unconstrained,1,,16,lap_time_fuel_adj_s,47,94.79837599582397,1.0955043821870765,94.49063233637726,95.09696586475197
by_tyre_age,learned_model,ppo_gamma0.999_unconstrained_seed1,unconstrained,1,,17,lap_time_fuel_adj_s,46,95.3088745606007,1.3934049385663057,94.89216965414971,95.70946962110283
by_tyre_age,learned_model,ppo_gamma0.999_unconstrained_seed1,unconstrained,1,,18,lap_time_fuel_adj_s,45,95.95238828905353,1.3107841933963738,95.56417311952534,96.33734383460227
by_tyre_age,learned_model,ppo_gamma0.999_unconstrained_seed1,unconstrained,1,,19,lap_time_fuel_adj_s,44,95.97957291461962,1.1729776436458124,95.62840838730924,96.32396067352848
by_tyre_age,learned_model,ppo_gamma0.999_unconstrained_seed1,unconstrained,1,,20,lap_time_fuel_adj_s,42,96.1402931708022,1.041648224516015,95.84453870009274,96.44558971505344
by_tyre_age,learned_model,ppo_gamma0.999_unconstrained_seed1,unconstrained,1,,21,lap_time_fuel_adj_s,42,96.7037612023075,1.2345694985397786,96.35452769417394,97.07687580124895
by_tyre_age,learned_model,ppo_gamma0.999_unconstrained_seed1,unconstrained,1,,22,lap_time_fuel_adj_s,42,96.34065578758167,1.2407012788220255,95.96715685129102,96.71818960171987
by_tyre_age,learned_model,ppo_gamma0.999_unconstrained_seed1,unconstrained,1,,23,lap_time_fuel_adj_s,42,97.12772308815903,1.1768740963907443,96.79627255892487,97.45825318811502
by_tyre_age,learned_model,ppo_gamma0.999_unconstrained_seed1,unconstrained,1,,24,lap_time_fuel_adj_s,39,97.22390080318569,1.2527573918193633,96.86202539512949,97.61929909369306
by_tyre_age,learned_model,ppo_gamma0.999_unconstrained_seed1,unconstrained,1,,25,lap_time_fuel_adj_s,34,97.02719253561027,1.2368184232502868,96.61741849976812,97.43073389235465
by_tyre_age,learned_model,ppo_gamma0.999_unconstrained_seed1,unconstrained,1,,26,lap_time_fuel_adj_s,29,97.54913316681557,1.2326032435311318,97.11657993927122,97.96991861116496
by_tyre_age,learned_model,ppo_gamma0.999_unconstrained_seed1,unconstrained,1,,27,lap_time_fuel_adj_s,27,98.03751096049017,1.3209566042547727,97.5178272442172,98.53227846021862
by_tyre_age,learned_model,ppo_gamma0.999_unconstrained_seed1,unconstrained,1,,28,lap_time_fuel_adj_s,26,98.21743619479099,1.239040852005823,97.75345582799095,98.66655387221863
by_tyre_age,learned_model,ppo_gamma0.999_unconstrained_seed1,unconstrained,1,,29,lap_time_fuel_adj_s,26,98.60869185265928,1.2905309952048307,98.12228646073842,99.08764716164232
by_tyre_age,learned_model,ppo_gamma0.999_unconstrained_seed1,unconstrained,1,,30,lap_time_fuel_adj_s,24,98.59505494776444,1.2556648916911801,98.09210643398644,99.10628969313882
by_tyre_age,learned_model,ppo_gamma0.999_unconstrained_seed1,unconstrained,1,,31,lap_time_fuel_adj_s,23,98.90108384901514,1.1638163620077702,98.44361928837553,99.32594685486592
by_tyre_age,learned_model,ppo_gamma0.999_unconstrained_seed1,unconstrained,1,,32,lap_time_fuel_adj_s,22,99.25980223268404,1.180057389652437,98.78223957078661,99.72903826408721
by_tyre_age,learned_model,ppo_gamma0.999_unconstrained_seed1,unconstrained,1,,33,lap_time_fuel_adj_s,21,99.12470480834148,0.9858928935691571,98.70822321562723,99.51526950908372
by_tyre_age,learned_model,ppo_gamma0.999_unconstrained_seed1,unconstrained,1,,34,lap_time_fuel_adj_s,19,99.25539466860621,1.419782110696999,98.63319567420466,99.85374187032505
by_tyre_age,learned_model,ppo_gamma0.999_unconstrained_seed1,unconstrained,1,,35,lap_time_fuel_adj_s,19,99.45356889311695,1.4428274398067602,98.78269145071359,100.03757206850841
by_tyre_age,learned_model,ppo_gamma0.999_unconstrained_seed1,unconstrained,1,,36,lap_time_fuel_adj_s,16,99.94324639611466,1.2467719575449274,99.36004296043092,100.53085178630052
by_tyre_age,learned_model,ppo_gamma0.999_unconstrained_seed1,unconstrained,1,,37,lap_time_fuel_adj_s,15,100.47822763891223,0.7642513131678598,100.09163553950523,100.81314925947218
by_tyre_age,learned_model,ppo_gamma0.999_unconstrained_seed1,unconstrained,1,,38,lap_time_fuel_adj_s,15,100.28229560430619,1.368847719138448,99.55861141488562,100.89443447632132
by_tyre_age,learned_model,ppo_gamma0.999_unconstrained_seed1,unconstrained,1,,39,lap_time_fuel_adj_s,14,100.28334770733188,1.3514589305356652,99.59961073473157,100.95334596289636
by_tyre_age,learned_model,ppo_gamma0.999_unconstrained_seed1,unconstrained,1,,40,lap_time_fuel_adj_s,12,100.309850332675,1.1964917326820215,99.6739222905186,100.95055132496176
by_tyre_age,learned_model,ppo_gamma0.999_unconstrained_seed1,unconstrained,1,,41,lap_time_fuel_adj_s,12,101.20444590686596,0.9733831510918497,100.72362600083831,101.75437055912644
by_tyre_age,learned_model,ppo_gamma0.999_unconstrained_seed1,unconstrained,1,,42,lap_time_fuel_adj_s,12,101.42531282294345,1.2541499046667288,100.72209896132175,102.07715009298975
by_tyre_age,learned_model,ppo_gamma0.999_unconstrained_seed1,unconstrained,1,,43,lap_time_fuel_adj_s,12,101.33105024336653,1.0048237202406185,100.77712967770006,101.86185248980472
by_tyre_age,learned_model,ppo_gamma0.999_unconstrained_seed1,unconstrained,1,,44,lap_time_fuel_adj_s,11,101.90574105694486,1.1967896195865455,101.25548692072513,102.61361063778098
by_tyre_age,learned_model,ppo_gamma0.999_unconstrained_seed1,unconstrained,1,,45,lap_time_fuel_adj_s,10,101.829221765124,0.9848829286253894,101.21187762781732,102.36923921934209
by_tyre_age,learned_model,ppo_gamma0.999_unconstrained_seed1,unconstrained,1,,46,lap_time_fuel_adj_s,10,101.95053358699928,1.5027808176282775,101.11949046002285,102.8081670417026
by_tyre_age,learned_model,ppo_gamma0.999_unconstrained_seed1,unconstrained,1,,47,lap_time_fuel_adj_s,8,101.6693872707056,1.480182249361935,100.82704582967308,102.69244636431206
by_tyre_age,learned_model,ppo_gamma0.999_unconstrained_seed1,unconstrained,1,,48,lap_time_fuel_adj_s,6,102.53470904937429,1.2245943802329877,101.73056223429735,103.50565691976432
by_tyre_age,learned_model,ppo_gamma0.999_unconstrained_seed1,unconstrained,1,,49,lap_time_fuel_adj_s,6,102.91404061480517,1.3132527511851695,101.96556686506803,103.87535638909338
by_tyre_age,learned_model,ppo_gamma0.999_unconstrained_seed1,unconstrained,1,,50,lap_time_fuel_adj_s,5,102.85470099890836,0.8721804019053953,102.20121180025721,103.55552650937807
by_tyre_age,learned_model,ppo_gamma0.999_unconstrained_seed1,unconstrained,1,,51,lap_time_fuel_adj_s,5,101.93124779814259,0.9956175709770406,101.13171141692764,102.68075864680111
by_tyre_age_medium_only,learned_model,ppo_gamma0.999_unconstrained_seed1,unconstrained,1,,0,lap_time_fuel_adj_s,95,90.99454088060145,1.1151045690838013,90.77390659766871,91.21436211908804
by_tyre_age_medium_only,learned_model,ppo_gamma0.999_unconstrained_seed1,unconstrained,1,,1,lap_time_fuel_adj_s,89,90.90907698607697,1.2603451124493283,90.66327786093007,91.18346992432058
by_tyre_age_medium_only,learned_model,ppo_gamma0.999_unconstrained_seed1,unconstrained,1,,2,lap_time_fuel_adj_s,86,91.062094069237,1.2144000938929702,90.81002742618463,91.30998722034579
by_tyre_age_medium_only,learned_model,ppo_gamma0.999_unconstrained_seed1,unconstrained,1,,3,lap_time_fuel_adj_s,82,91.70023921699499,1.1171544360224308,91.44951697274928,91.94747103817168
by_tyre_age_medium_only,learned_model,ppo_gamma0.999_unconstrained_seed1,unconstrained,1,,4,lap_time_fuel_adj_s,78,91.73646328806737,1.3035167000213426,91.46404268885392,92.02065116021787
by_tyre_age_medium_only,learned_model,ppo_gamma0.999_unconstrained_seed1,unconstrained,1,,5,lap_time_fuel_adj_s,77,91.98499547295499,1.0726317541922552,91.74847202222004,92.23416446984727
by_tyre_age_medium_only,learned_model,ppo_gamma0.999_unconstrained_seed1,unconstrained,1,,6,lap_time_fuel_adj_s,67,92.30100151400623,1.1919113072149976,92.01526208126627,92.57800534904815
by_tyre_age_medium_only,learned_model,ppo_gamma0.999_unconstrained_seed1,unconstrained,1,,7,lap_time_fuel_adj_s,66,92.55231431036493,1.0178825599116952,92.3154239310961,92.79858657348706
by_tyre_age_medium_only,learned_model,ppo_gamma0.999_unconstrained_seed1,unconstrained,1,,8,lap_time_fuel_adj_s,65,92.95235426883453,1.238085630389063,92.66049689354966,93.25532211133066
by_tyre_age_medium_only,learned_model,ppo_gamma0.999_unconstrained_seed1,unconstrained,1,,9,lap_time_fuel_adj_s,63,93.13115138553152,1.3733380141399592,92.79976713509221,93.471371253578
by_tyre_age_medium_only,learned_model,ppo_gamma0.999_unconstrained_seed1,unconstrained,1,,10,lap_time_fuel_adj_s,59,93.61806976725947,1.307304519942343,93.28810144437541,93.94346652744818
by_tyre_age_medium_only,learned_model,ppo_gamma0.999_unconstrained_seed1,unconstrained,1,,11,lap_time_fuel_adj_s,57,93.58057610118549,1.088483654643852,93.30123966079482,93.85829474535957
by_tyre_age_medium_only,learned_model,ppo_gamma0.999_unconstrained_seed1,unconstrained,1,,12,lap_time_fuel_adj_s,54,94.06400996365622,1.300660251592197,93.71345717721607,94.40497141338594
by_tyre_age_medium_only,learned_model,ppo_gamma0.999_unconstrained_seed1,unconstrained,1,,13,lap_time_fuel_adj_s,51,94.38515350982749,1.1344240859570622,94.0753152534429,94.68470963524646
by_tyre_age_medium_only,learned_model,ppo_gamma0.999_unconstrained_seed1,unconstrained,1,,14,lap_time_fuel_adj_s,50,94.37967551368396,1.0456436030156377,94.11186634706168,94.6597966316609
by_tyre_age_medium_only,learned_model,ppo_gamma0.999_unconstrained_seed1,unconstrained,1,,15,lap_time_fuel_adj_s,48,94.51167323813713,1.1639373689403865,94.18702670145426,94.83054315132442
by_tyre_age_medium_only,learned_model,ppo_gamma0.999_unconstrained_seed1,unconstrained,1,,16,lap_time_fuel_adj_s,47,94.79837599582397,1.0955043821870765,94.49701323125929,95.10736938606199
by_tyre_age_medium_only,learned_model,ppo_gamma0.999_unconstrained_seed1,unconstrained,1,,17,lap_time_fuel_adj_s,46,95.3088745606007,1.3934049385663057,94.8930400030109,95.71496429213838
by_tyre_age_medium_only,learned_model,ppo_gamma0.999_unconstrained_seed1,unconstrained,1,,18,lap_time_fuel_adj_s,45,95.95238828905353,1.3107841933963738,95.57901814313453,96.31571726609327
by_tyre_age_medium_only,learned_model,ppo_gamma0.999_unconstrained_seed1,unconstrained,1,,19,lap_time_fuel_adj_s,44,95.97957291461962,1.1729776436458124,95.64936114293866,96.30569176673683
by_tyre_age_medium_only,learned_model,ppo_gamma0.999_unconstrained_seed1,unconstrained,1,,20,lap_time_fuel_adj_s,42,96.1402931708022,1.041648224516015,95.82395237387858,96.4419505359115
by_tyre_age_medium_only,learned_model,ppo_gamma0.999_unconstrained_seed1,unconstrained,1,,21,lap_time_fuel_adj_s,42,96.7037612023075,1.2345694985397786,96.33736244757303,97.09087197966278
by_tyre_age_medium_only,learned_model,ppo_gamma0.999_unconstrained_seed1,unconstrained,1,,22,lap_time_fuel_adj_s,42,96.34065578758167,1.2407012788220255,95.95770433497317,96.6913644201825
by_tyre_age_medium_only,learned_model,ppo_gamma0.999_unconstrained_seed1,unconstrained,1,,23,lap_time_fuel_adj_s,42,97.12772308815903,1.1768740963907443,96.76747785165198,97.4854365702039
by_tyre_age_medium_only,learned_model,ppo_gamma0.999_unconstrained_seed1,unconstrained,1,,24,lap_time_fuel_adj_s,39,97.22390080318569,1.2527573918193633,96.85122267332136,97.59066475939031
by_tyre_age_medium_only,learned_model,ppo_gamma0.999_unconstrained_seed1,unconstrained,1,,25,lap_time_fuel_adj_s,34,97.02719253561027,1.2368184232502868,96.61581017917122,97.43648378348512
by_tyre_age_medium_only,learned_model,ppo_gamma0.999_unconstrained_seed1,unconstrained,1,,26,lap_time_fuel_adj_s,29,97.54913316681557,1.2326032435311318,97.12049784007465,97.95342538644178
by_tyre_age_medium_only,learned_model,ppo_gamma0.999_unconstrained_seed1,unconstrained,1,,27,lap_time_fuel_adj_s,27,98.03751096049017,1.3209566042547727,97.54876933355722,98.51456031649097
by_tyre_age_medium_only,learned_model,ppo_gamma0.999_unconstrained_seed1,unconstrained,1,,28,lap_time_fuel_adj_s,26,98.21743619479099,1.239040852005823,97.75077863219421,98.68296135961567
by_tyre_age_medium_only,learned_model,ppo_gamma0.999_unconstrained_seed1,unconstrained,1,,29,lap_time_fuel_adj_s,26,98.60869185265928,1.2905309952048307,98.1251461443228,99.10504549269452
by_tyre_age_medium_only,learned_model,ppo_gamma0.999_unconstrained_seed1,unconstrained,1,,30,lap_time_fuel_adj_s,24,98.59505494776444,1.2556648916911801,98.15420179856027,99.09840779093855
by_tyre_age_medium_only,learned_model,ppo_gamma0.999_unconstrained_seed1,unconstrained,1,,31,lap_time_fuel_adj_s,23,98.90108384901514,1.1638163620077702,98.43530144387495,99.36205325519963
by_tyre_age_medium_only,learned_model,ppo_gamma0.999_unconstrained_seed1,unconstrained,1,,32,lap_time_fuel_adj_s,22,99.25980223268404,1.180057389652437,98.77084101195469,99.73693620148602
by_tyre_age_medium_only,learned_model,ppo_gamma0.999_unconstrained_seed1,unconstrained,1,,33,lap_time_fuel_adj_s,21,99.12470480834148,0.9858928935691571,98.70380259707734,99.54655613139744
by_tyre_age_medium_only,learned_model,ppo_gamma0.999_unconstrained_seed1,unconstrained,1,,34,lap_time_fuel_adj_s,19,99.25539466860621,1.419782110696999,98.64432420704034,99.82709685364384
by_tyre_age_medium_only,learned_model,ppo_gamma0.999_unconstrained_seed1,unconstrained,1,,35,lap_time_fuel_adj_s,19,99.45356889311695,1.4428274398067602,98.82000192085776,100.05834780465872
by_tyre_age_medium_only,learned_model,ppo_gamma0.999_unconstrained_seed1,unconstrained,1,,36,lap_time_fuel_adj_s,16,99.94324639611466,1.2467719575449274,99.34441535449437,100.54888641971598
by_tyre_age_medium_only,learned_model,ppo_gamma0.999_unconstrained_seed1,unconstrained,1,,37,lap_time_fuel_adj_s,15,100.47822763891223,0.7642513131678598,100.0816203373177,100.84584926790257
by_tyre_age_medium_only,learned_model,ppo_gamma0.999_unconstrained_seed1,unconstrained,1,,38,lap_time_fuel_adj_s,15,100.28229560430619,1.368847719138448,99.57475817284576,100.87794947380867
by_tyre_age_medium_only,learned_model,ppo_gamma0.999_unconstrained_seed1,unconstrained,1,,39,lap_time_fuel_adj_s,14,100.28334770733188,1.3514589305356652,99.59959824544438,100.95608891456844
by_tyre_age_medium_only,learned_model,ppo_gamma0.999_unconstrained_seed1,unconstrained,1,,40,lap_time_fuel_adj_s,12,100.309850332675,1.1964917326820215,99.6837295486166,100.9698946144918
by_tyre_age_medium_only,learned_model,ppo_gamma0.999_unconstrained_seed1,unconstrained,1,,41,lap_time_fuel_adj_s,12,101.20444590686596,0.9733831510918497,100.72184665343256,101.77319593974822
by_tyre_age_medium_only,learned_model,ppo_gamma0.999_unconstrained_seed1,unconstrained,1,,42,lap_time_fuel_adj_s,12,101.42531282294345,1.2541499046667288,100.74084204827771,102.07580152846455
by_tyre_age_medium_only,learned_model,ppo_gamma0.999_unconstrained_seed1,unconstrained,1,,43,lap_time_fuel_adj_s,12,101.33105024336653,1.0048237202406185,100.8023845134463,101.85811542850615
by_tyre_age_medium_only,learned_model,ppo_gamma0.999_unconstrained_seed1,unconstrained,1,,44,lap_time_fuel_adj_s,11,101.90574105694486,1.1967896195865455,101.30112985829666,102.56610208380953
by_tyre_age_medium_only,learned_model,ppo_gamma0.999_unconstrained_seed1,unconstrained,1,,45,lap_time_fuel_adj_s,10,101.829221765124,0.9848829286253894,101.2659081063114,102.36912943111045
by_tyre_age_medium_only,learned_model,ppo_gamma0.999_unconstrained_seed1,unconstrained,1,,46,lap_time_fuel_adj_s,10,101.95053358699928,1.5027808176282775,101.07919743668563,102.84785122330592
by_tyre_age_medium_only,learned_model,ppo_gamma0.999_unconstrained_seed1,unconstrained,1,,47,lap_time_fuel_adj_s,8,101.6693872707056,1.480182249361935,100.8339558295112,102.65545119503335
by_tyre_age_medium_only,learned_model,ppo_gamma0.999_unconstrained_seed1,unconstrained,1,,48,lap_time_fuel_adj_s,6,102.53470904937429,1.2245943802329877,101.65706817275495,103.4542512654017
by_tyre_age_medium_only,learned_model,ppo_gamma0.999_unconstrained_seed1,unconstrained,1,,49,lap_time_fuel_adj_s,6,102.91404061480517,1.3132527511851695,101.99674261679868,103.80714538525389
by_tyre_age_medium_only,learned_model,ppo_gamma0.999_unconstrained_seed1,unconstrained,1,,50,lap_time_fuel_adj_s,5,102.85470099890836,0.8721804019053953,102.20121180025721,103.59869121570512
by_tyre_age_medium_only,learned_model,ppo_gamma0.999_unconstrained_seed1,unconstrained,1,,51,lap_time_fuel_adj_s,5,101.93124779814259,0.9956175709770406,101.13171141692764,102.68075864680111
race_outcome_conditional_finishers,learned_model,ppo_gamma0.999_unconstrained_seed1,unconstrained,1,,finishers_all,race_time_s,5,5120.234170736151,8.459043873985525,5113.429317590376,5126.130372136848
race_outcome_conditional_finishers,learned_model,ppo_gamma0.999_unconstrained_seed1,unconstrained,1,,finishers_all,segment_sum_time_s,5,5120.23417073615,8.459043873986124,5113.296789298295,5126.006652337271
race_outcome_conditional_finishers,learned_model,ppo_gamma0.999_unconstrained_seed1,unconstrained,1,,finishers_zero_pit,race_time_s,5,5120.234170736151,8.459043873985525,5113.296789298298,5126.009745332261
race_outcome_conditional_finishers,learned_model,ppo_gamma0.999_unconstrained_seed1,unconstrained,1,,finishers_with_pit,race_time_s,0,,,,
all_episode_progress,learned_model,ppo_gamma0.999_unconstrained_seed1,unconstrained,1,,all_episodes,completed_laps,100,19.15,15.893823843356149,16.3195,22.21025
attrition,learned_model,ppo_gamma0.999_unconstrained_seed1,unconstrained,1,,all_episodes,crash_rate,100,0.95,0.21904291355759034,0.91,0.99
attrition,learned_model,ppo_gamma0.999_unconstrained_seed1,unconstrained,1,,all_episodes,catastrophic_rate,100,0.15,0.3588702812826367,0.08,0.22
attrition,learned_model,ppo_gamma0.999_unconstrained_seed1,unconstrained,1,,all_episodes,finish_rate,100,0.05,0.21904291355759034,0.01,0.1
matched_window_laps5_15_zeropit,learned_model,ppo_gamma0.999_unconstrained_seed2,unconstrained,2,,laps5-15,lap_time_s,783,94.85730404207884,1.2983294511173789,94.76798633862887,94.94318092410312
matched_window_laps5_15_zeropit,learned_model,ppo_gamma0.999_unconstrained_seed2,unconstrained,2,,laps5-15,lap_time_fuel_adj_s,783,92.7711462662659,1.350828236894012,92.67480056517942,92.86691727003534
matched_window_laps5_15_zeropit,learned_model,ppo_gamma0.999_unconstrained_seed2,unconstrained,2,,laps5-15,tyre_age_entry,783,8.607918263090676,3.14537595628154,8.393326947637291,8.82765006385696
matched_window_laps5_15_zeropit,learned_model,ppo_gamma0.999_unconstrained_seed2,unconstrained,2,,laps5-15,mean_risk_in_lap,783,0.9149169601670256,0.08768348386317523,0.9088270108913704,0.9212113096621255
matched_window_laps5_15_zeropit,learned_model,ppo_gamma0.999_unconstrained_seed2,unconstrained,2,,laps5-15,is_medium_compound,783,1.0,0.0,1.0,1.0
matched_window_laps5_15_nonpitlaps,learned_model,ppo_gamma0.999_unconstrained_seed2,unconstrained,2,,laps5-15,lap_time_s,783,94.85730404207884,1.2983294511173789,94.76817329480069,94.94945053751422
by_lap_number,learned_model,ppo_gamma0.999_unconstrained_seed2,unconstrained,2,,1,lap_time_s,98,94.24863611580454,1.1322156348502064,94.0186529166306,94.4705620002702
by_lap_number,learned_model,ppo_gamma0.999_unconstrained_seed2,unconstrained,2,,2,lap_time_s,94,93.98777856317253,1.2549233798667299,93.73042750710881,94.26548157949841
by_lap_number,learned_model,ppo_gamma0.999_unconstrained_seed2,unconstrained,2,,3,lap_time_s,92,94.06024488790742,1.3120590445116604,93.79240054578104,94.31406827401588
by_lap_number,learned_model,ppo_gamma0.999_unconstrained_seed2,unconstrained,2,,4,lap_time_s,89,94.43210608214305,1.2416933047451288,94.16788760488642,94.69627819407931
by_lap_number,learned_model,ppo_gamma0.999_unconstrained_seed2,unconstrained,2,,5,lap_time_s,86,94.31796672602923,1.2982737907807924,94.0447232793666,94.59196728058895
by_lap_number,learned_model,ppo_gamma0.999_unconstrained_seed2,unconstrained,2,,6,lap_time_s,85,94.54496416935521,1.2451298175938255,94.29245145055715,94.8108518718205
by_lap_number,learned_model,ppo_gamma0.999_unconstrained_seed2,unconstrained,2,,7,lap_time_s,76,94.36769882560581,1.2563088450644657,94.08188215073132,94.64707033214502
by_lap_number,learned_model,ppo_gamma0.999_unconstrained_seed2,unconstrained,2,,8,lap_time_s,75,94.67715918365002,1.05290153521022,94.44162293487277,94.918476843765
by_lap_number,learned_model,ppo_gamma0.999_unconstrained_seed2,unconstrained,2,,9,lap_time_s,74,94.91656310413032,1.195323297176327,94.65753616938493,95.19576788123378
by_lap_number,learned_model,ppo_gamma0.999_unconstrained_seed2,unconstrained,2,,10,lap_time_s,72,94.69584802506776,1.3794946588441603,94.38924269727639,94.99373761357738
by_lap_number,learned_model,ppo_gamma0.999_unconstrained_seed2,unconstrained,2,,11,lap_time_s,69,95.13532969364778,1.1608052767233377,94.86896208354497,95.41807394364643
by_lap_number,learned_model,ppo_gamma0.999_unconstrained_seed2,unconstrained,2,,12,lap_time_s,67,94.83367416341942,1.2528109750454233,94.53469164988756,95.11750382190327
by_lap_number,learned_model,ppo_gamma0.999_unconstrained_seed2,unconstrained,2,,13,lap_time_s,62,95.4084181810843,1.412627822593072,95.04293580710899,95.75455967048742
by_lap_number,learned_model,ppo_gamma0.999_unconstrained_seed2,unconstrained,2,,14,lap_time_s,59,95.55903862668923,1.155833579974556,95.25959264486403,95.84891281405767
by_lap_number,learned_model,ppo_gamma0.999_unconstrained_seed2,unconstrained,2,,15,lap_time_s,58,95.50765639777629,1.1588620074361056,95.22151569390199,95.80985367382739
by_lap_number,learned_model,ppo_gamma0.999_unconstrained_seed2,unconstrained,2,,16,lap_time_s,54,95.52384263961058,1.2725531130150955,95.17113913603653,95.85446444086651
by_lap_number,learned_model,ppo_gamma0.999_unconstrained_seed2,unconstrained,2,,17,lap_time_s,50,95.69935331374043,1.0816674376536681,95.40326093777217,95.98823252016848
by_lap_number,learned_model,ppo_gamma0.999_unconstrained_seed2,unconstrained,2,,18,lap_time_s,45,95.79763440818923,1.1730284103152828,95.4495598081397,96.11783279899058
by_lap_number,learned_model,ppo_gamma0.999_unconstrained_seed2,unconstrained,2,,19,lap_time_s,45,96.39454014894635,1.1660730206348828,96.07437490956112,96.72973134702939
by_lap_number,learned_model,ppo_gamma0.999_unconstrained_seed2,unconstrained,2,,20,lap_time_s,43,96.37683461412533,1.0743146058710005,96.08658965762211,96.69527180805677
by_lap_number,learned_model,ppo_gamma0.999_unconstrained_seed2,unconstrained,2,,21,lap_time_s,40,96.5736778962126,1.3197129535473986,96.16217041385913,96.98911797037553
by_lap_number,learned_model,ppo_gamma0.999_unconstrained_seed2,unconstrained,2,,22,lap_time_s,37,96.94219584102015,1.002838719252076,96.62461381000004,97.27571445921151
by_lap_number,learned_model,ppo_gamma0.999_unconstrained_seed2,unconstrained,2,,23,lap_time_s,36,96.42447065808813,1.1412759609738983,96.0469489688649,96.78264617051849
by_lap_number,learned_model,ppo_gamma0.999_unconstrained_seed2,unconstrained,2,,24,lap_time_s,35,96.87361423419826,1.4047688129853313,96.40294329992116,97.33299324491905
by_lap_number,learned_model,ppo_gamma0.999_unconstrained_seed2,unconstrained,2,,25,lap_time_s,30,97.17919531790075,1.1763247353974438,96.75021149892905,97.58170029497767
by_lap_number,learned_model,ppo_gamma0.999_unconstrained_seed2,unconstrained,2,,26,lap_time_s,26,96.9869819913954,1.3810098452412112,96.47277985529533,97.52532428684913
by_lap_number,learned_model,ppo_gamma0.999_unconstrained_seed2,unconstrained,2,,27,lap_time_s,18,97.79440053271522,1.1984860659795544,97.28348112325219,98.37229574721415
by_lap_number,learned_model,ppo_gamma0.999_unconstrained_seed2,unconstrained,2,,28,lap_time_s,18,97.53931018483769,1.3259993447914311,96.912121819235,98.11046265762707
by_lap_number,learned_model,ppo_gamma0.999_unconstrained_seed2,unconstrained,2,,29,lap_time_s,16,98.14367847504417,1.0650448957238243,97.63348158388962,98.62092219387962
by_lap_number,learned_model,ppo_gamma0.999_unconstrained_seed2,unconstrained,2,,30,lap_time_s,14,97.81150284215332,1.117983647679205,97.22951241254763,98.32388679240012
by_lap_number,learned_model,ppo_gamma0.999_unconstrained_seed2,unconstrained,2,,31,lap_time_s,14,97.8179866529747,1.4632792922238542,97.09174001335968,98.53137488533432
by_lap_number,learned_model,ppo_gamma0.999_unconstrained_seed2,unconstrained,2,,32,lap_time_s,11,98.3628829931806,0.8696564876220879,97.85023901440466,98.84463797762743
by_lap_number,learned_model,ppo_gamma0.999_unconstrained_seed2,unconstrained,2,,33,lap_time_s,11,99.45580659600319,0.8303144497805118,99.00201862695434,99.94753475879747
by_lap_number,learned_model,ppo_gamma0.999_unconstrained_seed2,unconstrained,2,,34,lap_time_s,10,98.77254009111255,1.2671403766822573,97.97227064933519,99.48029306009006
by_lap_number,learned_model,ppo_gamma0.999_unconstrained_seed2,unconstrained,2,,35,lap_time_s,8,98.45707089193823,1.4749489547855443,97.58600259885378,99.41276746269074
by_lap_number,learned_model,ppo_gamma0.999_unconstrained_seed2,unconstrained,2,,36,lap_time_s,8,98.46489038899153,1.6173074182508875,97.40050640165522,99.44184285424001
by_lap_number,learned_model,ppo_gamma0.999_unconstrained_seed2,unconstrained,2,,37,lap_time_s,8,99.56414411196103,1.3433454658550108,98.63747049316012,100.31338816513043
by_lap_number,learned_model,ppo_gamma0.999_unconstrained_seed2,unconstrained,2,,38,lap_time_s,7,99.25790041411811,0.6714722323509527,98.83858973395729,99.75454223675604
by_lap_number,learned_model,ppo_gamma0.999_unconstrained_seed2,unconstrained,2,,39,lap_time_s,7,99.414440118029,1.561707618972526,98.34911618379758,100.44725789466567
by_lap_number,learned_model,ppo_gamma0.999_unconstrained_seed2,unconstrained,2,,40,lap_time_s,7,99.00943114630593,1.1565581283026642,98.15607194644443,99.66744820395053
by_lap_number,learned_model,ppo_gamma0.999_unconstrained_seed2,unconstrained,2,,41,lap_time_s,6,98.8948411450833,0.8076440127455999,98.3326452460769,99.43082619261837
by_lap_number,learned_model,ppo_gamma0.999_unconstrained_seed2,unconstrained,2,,42,lap_time_s,5,99.48424901435018,0.7113834793833919,98.92020186167852,100.04829616702183
by_lap_number,learned_model,ppo_gamma0.999_unconstrained_seed2,unconstrained,2,,43,lap_time_s,5,100.47371327105107,0.4621067898497081,100.07120208538109,100.83399106555812
by_lap_number,learned_model,ppo_gamma0.999_unconstrained_seed2,unconstrained,2,,44,lap_time_s,5,100.31631862796044,0.8641293877086623,99.6656436192984,100.96035145349943
by_lap_number,learned_model,ppo_gamma0.999_unconstrained_seed2,unconstrained,2,,45,lap_time_s,4,100.03091523577997,1.9609292178117235,98.43795758245956,101.61630672844908
by_lap_number,learned_model,ppo_gamma0.999_unconstrained_seed2,unconstrained,2,,46,lap_time_s,4,99.76399274483651,2.150238558619142,98.39741689699773,101.81000932664384
by_lap_number,learned_model,ppo_gamma0.999_unconstrained_seed2,unconstrained,2,,47,lap_time_s,3,100.07518222295845,0.5619313391771674,99.4549151578372,100.55029577216914
by_tyre_age,learned_model,ppo_gamma0.999_unconstrained_seed2,unconstrained,2,,0,lap_time_fuel_adj_s,98,91.74863611580454,1.1322156348502064,91.51726113665937,91.95811892001045
by_tyre_age,learned_model,ppo_gamma0.999_unconstrained_seed2,unconstrained,2,,1,lap_time_fuel_adj_s,94,91.5358554862494,1.2549233798667296,91.28578378420247,91.78551566740856
by_tyre_age,learned_model,ppo_gamma0.999_unconstrained_seed2,unconstrained,2,,2,lap_time_fuel_adj_s,92,91.65639873406124,1.3120590445116604,91.38557672668551,91.91657014833386
by_tyre_age,learned_model,ppo_gamma0.999_unconstrained_seed2,unconstrained,2,,3,lap_time_fuel_adj_s,89,92.07633685137382,1.2416933047451288,91.81729350012525,92.3409725649656
by_tyre_age,learned_model,ppo_gamma0.999_unconstrained_seed2,unconstrained,2,,4,lap_time_fuel_adj_s,86,92.0102744183369,1.2982737907807924,91.7259927036915,92.28025862599533
by_tyre_age,learned_model,ppo_gamma0.999_unconstrained_seed2,unconstrained,2,,5,lap_time_fuel_adj_s,85,92.28534878473981,1.2451298175938255,92.01898594116754,92.54703861529491
by_tyre_age,learned_model,ppo_gamma0.999_unconstrained_seed2,unconstrained,2,,6,lap_time_fuel_adj_s,76,92.15616036406736,1.2563088450644657,91.8690881301212,92.42792765474653
by_tyre_age,learned_model,ppo_gamma0.999_unconstrained_seed2,unconstrained,2,,7,lap_time_fuel_adj_s,75,92.5136976451885,1.0529015352102202,92.27385522427625,92.74030127539243
by_tyre_age,learned_model,ppo_gamma0.999_unconstrained_seed2,unconstrained,2,,8,lap_time_fuel_adj_s,74,92.8011784887457,1.195323297176327,92.53822167800853,93.08740872848306
by_tyre_age,learned_model,ppo_gamma0.999_unconstrained_seed2,unconstrained,2,,9,lap_time_fuel_adj_s,72,92.62854033276007,1.3794946588441603,92.31972287710192,92.94021616773253
by_tyre_age,learned_model,ppo_gamma0.999_unconstrained_seed2,unconstrained,2,,10,lap_time_fuel_adj_s,69,93.11609892441702,1.1608052767233377,92.84670161287102,93.39934543111399
by_tyre_age,learned_model,ppo_gamma0.999_unconstrained_seed2,unconstrained,2,,11,lap_time_fuel_adj_s,67,92.86252031726559,1.252810975045423,92.5602752811108,93.16513080254933
by_tyre_age,learned_model,ppo_gamma0.999_unconstrained_seed2,unconstrained,2,,12,lap_time_fuel_adj_s,62,93.48534125800738,1.412627822593072,93.1183564571249,93.82263404536681
by_tyre_age,learned_model,ppo_gamma0.999_unconstrained_seed2,unconstrained,2,,13,lap_time_fuel_adj_s,59,93.68403862668923,1.155833579974556,93.3879355554355,93.98308379889687
by_tyre_age,learned_model,ppo_gamma0.999_unconstrained_seed2,unconstrained,2,,14,lap_time_fuel_adj_s,58,93.68073332085321,1.1588620074361056,93.38327782354453,93.98649426937727
by_tyre_age,learned_model,ppo_gamma0.999_unconstrained_seed2,unconstrained,2,,15,lap_time_fuel_adj_s,54,93.74499648576445,1.2725531130150955,93.41656480778855,94.09790485280843
by_tyre_age,learned_model,ppo_gamma0.999_unconstrained_seed2,unconstrained,2,,16,lap_time_fuel_adj_s,50,93.96858408297119,1.0816674376536681,93.67494043000349,94.2681595528202
by_tyre_age,learned_model,ppo_gamma0.999_unconstrained_seed2,unconstrained,2,,17,lap_time_fuel_adj_s,45,94.11494210049693,1.1730284103152826,93.78666336306266,94.44697154998451
by_tyre_age,learned_model,ppo_gamma0.999_unconstrained_seed2,unconstrained,2,,18,lap_time_fuel_adj_s,45,94.75992476433098,1.1660730206348828,94.40801698890907,95.08834909154757
by_tyre_age,learned_model,ppo_gamma0.999_unconstrained_seed2,unconstrained,2,,19,lap_time_fuel_adj_s,43,94.79029615258688,1.0743146058710005,94.48222089101856,95.11136902125006
by_tyre_age,learned_model,ppo_gamma0.999_unconstrained_seed2,unconstrained,2,,20,lap_time_fuel_adj_s,40,95.03521635775107,1.3197129535473986,94.63411092987043,95.43259756709482
by_tyre_age,learned_model,ppo_gamma0.999_unconstrained_seed2,unconstrained,2,,21,lap_time_fuel_adj_s,37,95.45181122563552,1.002838719252076,95.13205742644476,95.76546882305186
by_tyre_age,learned_model,ppo_gamma0.999_unconstrained_seed2,unconstrained,2,,22,lap_time_fuel_adj_s,36,94.98216296578042,1.1412759609738985,94.60587143571344,95.3379838083911
by_tyre_age,learned_model,ppo_gamma0.999_unconstrained_seed2,unconstrained,2,,23,lap_time_fuel_adj_s,35,95.4793834649675,1.404768812985331,95.01121890846476,95.93770507947762
by_tyre_age,learned_model,ppo_gamma0.999_unconstrained_seed2,unconstrained,2,,24,lap_time_fuel_adj_s,30,95.8330414717469,1.1763247353974438,95.4234137758099,96.26649009299626
by_tyre_age,learned_model,ppo_gamma0.999_unconstrained_seed2,unconstrained,2,,25,lap_time_fuel_adj_s,26,95.68890506831849,1.3810098452412112,95.15393896768872,96.20262604870723
by_tyre_age,learned_model,ppo_gamma0.999_unconstrained_seed2,unconstrained,2,,26,lap_time_fuel_adj_s,18,96.54440053271522,1.1984860659795544,96.01465022050967,97.10741105737607
by_tyre_age,learned_model,ppo_gamma0.999_unconstrained_seed2,unconstrained,2,,27,lap_time_fuel_adj_s,18,96.3373871079146,1.3259993447914311,95.73562643991816,96.89977088082193
by_tyre_age,learned_model,ppo_gamma0.999_unconstrained_seed2,unconstrained,2,,28,lap_time_fuel_adj_s,16,96.98983232119801,1.0650448957238243,96.49604340989389,97.51108561111315
by_tyre_age,learned_model,ppo_gamma0.999_unconstrained_seed2,unconstrained,2,,29,lap_time_fuel_adj_s,14,96.7057336113841,1.1179836476792053,96.15241814127415,97.27416375755797
by_tyre_age,learned_model,ppo_gamma0.999_unconstrained_seed2,unconstrained,2,,30,lap_time_fuel_adj_s,14,96.76029434528236,1.4632792922238542,96.06875195043865,97.49439693054295
by_tyre_age,learned_model,ppo_gamma0.999_unconstrained_seed2,unconstrained,2,,31,lap_time_fuel_adj_s,11,97.3532676085652,0.8696564876220879,96.8296597226802,97.82059557903686
by_tyre_age,learned_model,ppo_gamma0.999_unconstrained_seed2,unconstrained,2,,32,lap_time_fuel_adj_s,11,98.49426813446472,0.8303144497805119,97.98463990403293,99.0021414971586
by_tyre_age,learned_model,ppo_gamma0.999_unconstrained_seed2,unconstrained,2,,33,lap_time_fuel_adj_s,10,97.85907855265103,1.2671403766822575,97.09254118673354,98.59707172106839
by_tyre_age,learned_model,ppo_gamma0.999_unconstrained_seed2,unconstrained,2,,34,lap_time_fuel_adj_s,8,97.59168627655362,1.4749489547855443,96.72161861979797,98.58420892573174
by_tyre_age,learned_model,ppo_gamma0.999_unconstrained_seed2,unconstrained,2,,35,lap_time_fuel_adj_s,8,97.64758269668384,1.6173074182508875,96.5232172279117,98.66792258203425
by_tyre_age,learned_model,ppo_gamma0.999_unconstrained_seed2,unconstrained,2,,36,lap_time_fuel_adj_s,8,98.79491334273025,1.3433454658550108,97.8012500433187,99.54333833219752
by_tyre_age,learned_model,ppo_gamma0.999_unconstrained_seed2,unconstrained,2,,37,lap_time_fuel_adj_s,7,98.53674656796429,0.6714722323509527,98.12080145132347,99.02174482214123
by_tyre_age,learned_model,ppo_gamma0.999_unconstrained_seed2,unconstrained,2,,38,lap_time_fuel_adj_s,7,98.74136319495209,1.561707618972526,97.66420288744555,99.79451931339375
by_tyre_age,learned_model,ppo_gamma0.999_unconstrained_seed2,unconstrained,2,,39,lap_time_fuel_adj_s,7,98.38443114630593,1.1565581283026642,97.53040731499478,99.03871337005519
by_tyre_age,learned_model,ppo_gamma0.999_unconstrained_seed2,unconstrained,2,,40,lap_time_fuel_adj_s,6,98.31791806816021,0.8076440127455999,97.74894896588681,98.88011396716657
by_tyre_age,learned_model,ppo_gamma0.999_unconstrained_seed2,unconstrained,2,,41,lap_time_fuel_adj_s,5,98.95540286050402,0.7113834793833919,98.39135570783237,99.51945001317567
by_tyre_age,learned_model,ppo_gamma0.999_unconstrained_seed2,unconstrained,2,,42,lap_time_fuel_adj_s,5,99.99294404028183,0.4621067898497081,99.61539996173019,100.3532218347889
by_tyre_age,learned_model,ppo_gamma0.999_unconstrained_seed2,unconstrained,2,,43,lap_time_fuel_adj_s,5,99.88362632026812,0.8641293877086623,99.23140608934298,100.52765914580712
by_tyre_age,learned_model,ppo_gamma0.999_unconstrained_seed2,unconstrained,2,,44,lap_time_fuel_adj_s,4,99.64629985116458,1.9609292178117235,98.06090835849548,101.23169134383367
by_tyre_age,learned_model,ppo_gamma0.999_unconstrained_seed2,unconstrained,2,,45,lap_time_fuel_adj_s,4,99.42745428329806,2.150238558619142,98.06087843545927,101.47347086510538
by_tyre_age,learned_model,ppo_gamma0.999_unconstrained_seed2,unconstrained,2,,46,lap_time_fuel_adj_s,3,99.78672068449691,0.5619313391771674,99.16645361937567,100.2618342337076
by_tyre_age_medium_only,learned_model,ppo_gamma0.999_unconstrained_seed2,unconstrained,2,,0,lap_time_fuel_adj_s,98,91.74863611580454,1.1322156348502064,91.5255635712416,91.96399060977022
by_tyre_age_medium_only,learned_model,ppo_gamma0.999_unconstrained_seed2,unconstrained,2,,1,lap_time_fuel_adj_s,94,91.5358554862494,1.2549233798667296,91.28846998001777,91.7899689012326
by_tyre_age_medium_only,learned_model,ppo_gamma0.999_unconstrained_seed2,unconstrained,2,,2,lap_time_fuel_adj_s,92,91.65639873406124,1.3120590445116604,91.39667800340736,91.92419396465843
by_tyre_age_medium_only,learned_model,ppo_gamma0.999_unconstrained_seed2,unconstrained,2,,3,lap_time_fuel_adj_s,89,92.07633685137382,1.2416933047451288,91.82430809850115,92.33108424044829
by_tyre_age_medium_only,learned_model,ppo_gamma0.999_unconstrained_seed2,unconstrained,2,,4,lap_time_fuel_adj_s,86,92.0102744183369,1.2982737907807924,91.74768243962681,92.28138078667789
by_tyre_age_medium_only,learned_model,ppo_gamma0.999_unconstrained_seed2,unconstrained,2,,5,lap_time_fuel_adj_s,85,92.28534878473981,1.2451298175938255,92.03355080682992,92.5555810210307
by_tyre_age_medium_only,learned_model,ppo_gamma0.999_unconstrained_seed2,unconstrained,2,,6,lap_time_fuel_adj_s,76,92.15616036406736,1.2563088450644657,91.85926024630349,92.44184244106422
by_tyre_age_medium_only,learned_model,ppo_gamma0.999_unconstrained_seed2,unconstrained,2,,7,lap_time_fuel_adj_s,75,92.5136976451885,1.0529015352102202,92.28026050745277,92.74264449430062
by_tyre_age_medium_only,learned_model,ppo_gamma0.999_unconstrained_seed2,unconstrained,2,,8,lap_time_fuel_adj_s,74,92.8011784887457,1.195323297176327,92.53654775207143,93.07943343216844
by_tyre_age_medium_only,learned_model,ppo_gamma0.999_unconstrained_seed2,unconstrained,2,,9,lap_time_fuel_adj_s,72,92.62854033276007,1.3794946588441603,92.32646214063523,92.94929587236551
by_tyre_age_medium_only,learned_model,ppo_gamma0.999_unconstrained_seed2,unconstrained,2,,10,lap_time_fuel_adj_s,69,93.11609892441702,1.1608052767233377,92.8565505922786,93.39048625493295
by_tyre_age_medium_only,learned_model,ppo_gamma0.999_unconstrained_seed2,unconstrained,2,,11,lap_time_fuel_adj_s,67,92.86252031726559,1.252810975045423,92.5810869011544,93.17135600723743
by_tyre_age_medium_only,learned_model,ppo_gamma0.999_unconstrained_seed2,unconstrained,2,,12,lap_time_fuel_adj_s,62,93.48534125800738,1.412627822593072,93.14648118308882,93.81956967533058
by_tyre_age_medium_only,learned_model,ppo_gamma0.999_unconstrained_seed2,unconstrained,2,,13,lap_time_fuel_adj_s,59,93.68403862668923,1.155833579974556,93.38125488571164,93.97467745490115
by_tyre_age_medium_only,learned_model,ppo_gamma0.999_unconstrained_seed2,unconstrained,2,,14,lap_time_fuel_adj_s,58,93.68073332085321,1.1588620074361056,93.39959242400413,93.9897258748573
by_tyre_age_medium_only,learned_model,ppo_gamma0.999_unconstrained_seed2,unconstrained,2,,15,lap_time_fuel_adj_s,54,93.74499648576445,1.2725531130150955,93.40992514191568,94.07384761859221
by_tyre_age_medium_only,learned_model,ppo_gamma0.999_unconstrained_seed2,unconstrained,2,,16,lap_time_fuel_adj_s,50,93.96858408297119,1.0816674376536681,93.68336970083043,94.26377918453079
by_tyre_age_medium_only,learned_model,ppo_gamma0.999_unconstrained_seed2,unconstrained,2,,17,lap_time_fuel_adj_s,45,94.11494210049693,1.1730284103152826,93.7738994701976,94.44870575817647
by_tyre_age_medium_only,learned_model,ppo_gamma0.999_unconstrained_seed2,unconstrained,2,,18,lap_time_fuel_adj_s,45,94.75992476433098,1.1660730206348828,94.41359635043206,95.1078322758565
by_tyre_age_medium_only,learned_model,ppo_gamma0.999_unconstrained_seed2,unconstrained,2,,19,lap_time_fuel_adj_s,43,94.79029615258688,1.0743146058710005,94.46819672332803,95.08539208425957
by_tyre_age_medium_only,learned_model,ppo_gamma0.999_unconstrained_seed2,unconstrained,2,,20,lap_time_fuel_adj_s,40,95.03521635775107,1.3197129535473986,94.60955527528391,95.44950336303013
by_tyre_age_medium_only,learned_model,ppo_gamma0.999_unconstrained_seed2,unconstrained,2,,21,lap_time_fuel_adj_s,37,95.45181122563552,1.002838719252076,95.13485581263035,95.7651253115758
by_tyre_age_medium_only,learned_model,ppo_gamma0.999_unconstrained_seed2,unconstrained,2,,22,lap_time_fuel_adj_s,36,94.98216296578042,1.1412759609738985,94.61010980607148,95.34657118503758
by_tyre_age_medium_only,learned_model,ppo_gamma0.999_unconstrained_seed2,unconstrained,2,,23,lap_time_fuel_adj_s,35,95.4793834649675,1.404768812985331,95.01970958274526,95.9342367154834
by_tyre_age_medium_only,learned_model,ppo_gamma0.999_unconstrained_seed2,unconstrained,2,,24,lap_time_fuel_adj_s,30,95.8330414717469,1.1763247353974438,95.40268983673148,96.26282736875707
by_tyre_age_medium_only,learned_model,ppo_gamma0.999_unconstrained_seed2,unconstrained,2,,25,lap_time_fuel_adj_s,26,95.68890506831849,1.3810098452412112,95.17287709893544,96.19621894918495
by_tyre_age_medium_only,learned_model,ppo_gamma0.999_unconstrained_seed2,unconstrained,2,,26,lap_time_fuel_adj_s,18,96.54440053271522,1.1984860659795544,96.02878285564705,97.08560407156378
by_tyre_age_medium_only,learned_model,ppo_gamma0.999_unconstrained_seed2,unconstrained,2,,27,lap_time_fuel_adj_s,18,96.3373871079146,1.3259993447914311,95.76069915163218,96.9216447089648
by_tyre_age_medium_only,learned_model,ppo_gamma0.999_unconstrained_seed2,unconstrained,2,,28,lap_time_fuel_adj_s,16,96.98983232119801,1.0650448957238243,96.48234325577833,97.49522111857779
by_tyre_age_medium_only,learned_model,ppo_gamma0.999_unconstrained_seed2,unconstrained,2,,29,lap_time_fuel_adj_s,14,96.7057336113841,1.1179836476792053,96.12219202921499,97.2358042598834
by_tyre_age_medium_only,learned_model,ppo_gamma0.999_unconstrained_seed2,unconstrained,2,,30,lap_time_fuel_adj_s,14,96.76029434528236,1.4632792922238542,96.01300523176008,97.51865509926205
by_tyre_age_medium_only,learned_model,ppo_gamma0.999_unconstrained_seed2,unconstrained,2,,31,lap_time_fuel_adj_s,11,97.3532676085652,0.8696564876220879,96.83838509974825,97.81415814387128
by_tyre_age_medium_only,learned_model,ppo_gamma0.999_unconstrained_seed2,unconstrained,2,,32,lap_time_fuel_adj_s,11,98.49426813446472,0.8303144497805119,98.03314214741073,98.95022452355471
by_tyre_age_medium_only,learned_model,ppo_gamma0.999_unconstrained_seed2,unconstrained,2,,33,lap_time_fuel_adj_s,10,97.85907855265103,1.2671403766822575,97.08346612296427,98.58814218990324
by_tyre_age_medium_only,learned_model,ppo_gamma0.999_unconstrained_seed2,unconstrained,2,,34,lap_time_fuel_adj_s,8,97.59168627655362,1.4749489547855443,96.72152272666031,98.56784499483553
by_tyre_age_medium_only,learned_model,ppo_gamma0.999_unconstrained_seed2,unconstrained,2,,35,lap_time_fuel_adj_s,8,97.64758269668384,1.6173074182508875,96.57390055014704,98.63537788918354
by_tyre_age_medium_only,learned_model,ppo_gamma0.999_unconstrained_seed2,unconstrained,2,,36,lap_time_fuel_adj_s,8,98.79491334273025,1.3433454658550108,97.83954361227964,99.56660908237531
by_tyre_age_medium_only,learned_model,ppo_gamma0.999_unconstrained_seed2,unconstrained,2,,37,lap_time_fuel_adj_s,7,98.53674656796429,0.6714722323509527,98.12001150145424,99.02174482214123
by_tyre_age_medium_only,learned_model,ppo_gamma0.999_unconstrained_seed2,unconstrained,2,,38,lap_time_fuel_adj_s,7,98.74136319495209,1.561707618972526,97.66856605109353,99.79845490439583
by_tyre_age_medium_only,learned_model,ppo_gamma0.999_unconstrained_seed2,unconstrained,2,,39,lap_time_fuel_adj_s,7,98.38443114630593,1.1565581283026642,97.52664938247439,99.04240943957686
by_tyre_age_medium_only,learned_model,ppo_gamma0.999_unconstrained_seed2,unconstrained,2,,40,lap_time_fuel_adj_s,6,98.31791806816021,0.8076440127455999,97.73607926247068,98.88011396716657
by_tyre_age_medium_only,learned_model,ppo_gamma0.999_unconstrained_seed2,unconstrained,2,,41,lap_time_fuel_adj_s,5,98.95540286050402,0.7113834793833919,98.39135570783235,99.51945001317567
by_tyre_age_medium_only,learned_model,ppo_gamma0.999_unconstrained_seed2,unconstrained,2,,42,lap_time_fuel_adj_s,5,99.99294404028183,0.4621067898497081,99.60369934431715,100.35322183478891
by_tyre_age_medium_only,learned_model,ppo_gamma0.999_unconstrained_seed2,unconstrained,2,,43,lap_time_fuel_adj_s,5,99.88362632026812,0.8641293877086623,99.23295131160609,100.52765914580712
by_tyre_age_medium_only,learned_model,ppo_gamma0.999_unconstrained_seed2,unconstrained,2,,44,lap_time_fuel_adj_s,4,99.64629985116458,1.9609292178117235,98.06090835849548,101.23169134383367
by_tyre_age_medium_only,learned_model,ppo_gamma0.999_unconstrained_seed2,unconstrained,2,,45,lap_time_fuel_adj_s,4,99.42745428329806,2.150238558619142,98.06087843545927,101.47347086510538
by_tyre_age_medium_only,learned_model,ppo_gamma0.999_unconstrained_seed2,unconstrained,2,,46,lap_time_fuel_adj_s,3,99.78672068449691,0.5619313391771674,99.16645361937567,100.2618342337076
race_outcome_conditional_finishers,learned_model,ppo_gamma0.999_unconstrained_seed2,unconstrained,2,,finishers_all,race_time_s,1,5055.166362377886,,,
race_outcome_conditional_finishers,learned_model,ppo_gamma0.999_unconstrained_seed2,unconstrained,2,,finishers_all,segment_sum_time_s,1,5055.166362377884,,,
race_outcome_conditional_finishers,learned_model,ppo_gamma0.999_unconstrained_seed2,unconstrained,2,,finishers_zero_pit,race_time_s,1,5055.166362377886,,,
race_outcome_conditional_finishers,learned_model,ppo_gamma0.999_unconstrained_seed2,unconstrained,2,,finishers_with_pit,race_time_s,0,,,,
all_episode_progress,learned_model,ppo_gamma0.999_unconstrained_seed2,unconstrained,2,,all_episodes,completed_laps,100,17.92,12.073579135091347,15.69,20.22
attrition,learned_model,ppo_gamma0.999_unconstrained_seed2,unconstrained,2,,all_episodes,crash_rate,100,0.99,0.09999999999999999,0.96,1.0
attrition,learned_model,ppo_gamma0.999_unconstrained_seed2,unconstrained,2,,all_episodes,catastrophic_rate,100,0.26,0.4408440022768081,0.17,0.35
attrition,learned_model,ppo_gamma0.999_unconstrained_seed2,unconstrained,2,,all_episodes,finish_rate,100,0.01,0.09999999999999999,0.0,0.03
